date,CDU/CSU,SPD,GRÜNE,FDP,LINKE,AfD
2002-01-03,38.0,38.0,5.0,8.0,7.0,
2002-01-04,38.0,38.0,5.5,8.0,7.0,
2002-01-05,37.666666666666664,38.0,5.666666666666667,7.666666666666667,7.0,
2002-01-06,37.666666666666664,38.0,5.666666666666667,7.666666666666667,7.0,
2002-01-07,37.666666666666664,38.0,5.666666666666667,7.666666666666667,7.0,
2002-01-08,37.666666666666664,38.0,5.666666666666667,7.666666666666667,7.0,
2002-01-09,37.666666666666664,38.0,5.666666666666667,7.666666666666667,7.0,
2002-01-10,37.5,38.0,5.75,8.0,6.75,
2002-01-11,37.8,38.0,5.6,8.0,6.8,
2002-01-12,38.0,38.0,5.666666666666667,7.833333333333333,6.833333333333333,
2002-01-13,38.0,38.0,5.666666666666667,7.833333333333333,6.833333333333333,
2002-01-14,38.0,38.0,5.666666666666667,7.833333333333333,6.833333333333333,
2002-01-15,38.0,38.0,5.666666666666667,7.833333333333333,6.833333333333333,
2002-01-16,38.0,38.0,5.666666666666667,7.833333333333333,6.833333333333333,
2002-01-17,38.42857142857143,37.714285714285715,5.714285714285714,7.714285714285714,6.714285714285714,
2002-01-18,38.5625,37.625,5.75,7.75,6.75,
2002-01-19,38.5625,37.625,5.75,7.75,6.75,
2002-01-20,38.5625,37.625,5.75,7.75,6.75,
2002-01-21,38.5625,37.625,5.75,7.75,6.75,
2002-01-22,38.5625,37.625,5.75,7.75,6.75,
2002-01-23,38.5625,37.625,5.75,7.75,6.75,
2002-01-24,38.833333333333336,37.44444444444444,5.666666666666667,7.777777777777778,6.666666666666667,
2002-01-25,38.95,37.3,5.7,7.9,6.7,
2002-01-26,39.13636363636363,37.36363636363637,5.636363636363637,7.818181818181818,6.636363636363637,
2002-01-27,39.13636363636363,37.36363636363637,5.636363636363637,7.818181818181818,6.636363636363637,
2002-01-28,39.13636363636363,37.36363636363637,5.636363636363637,7.818181818181818,6.636363636363637,
2002-01-29,39.13636363636363,37.36363636363637,5.636363636363637,7.818181818181818,6.636363636363637,
2002-01-30,39.13636363636363,37.36363636363637,5.636363636363637,7.818181818181818,6.636363636363637,
2002-01-31,39.208333333333336,37.166666666666664,5.666666666666667,7.916666666666667,6.583333333333333,
2002-02-01,39.34615384615385,37.07692307692308,5.6923076923076925,7.923076923076923,6.615384615384615,
2002-02-02,39.464285714285715,37.07142857142857,5.714285714285714,7.928571428571429,6.571428571428571,
2002-02-03,39.464285714285715,37.07142857142857,5.714285714285714,7.928571428571429,6.571428571428571,
2002-02-04,39.464285714285715,37.07142857142857,5.714285714285714,7.928571428571429,6.571428571428571,
2002-02-05,39.464285714285715,37.07142857142857,5.714285714285714,7.928571428571429,6.571428571428571,
2002-02-06,39.464285714285715,37.07142857142857,5.714285714285714,7.928571428571429,6.571428571428571,
2002-02-07,39.56666666666667,37.0,5.733333333333333,7.933333333333334,6.533333333333333,
2002-02-08,39.65625,36.9375,5.75,7.9375,6.5,
2002-02-09,39.73529411764706,37.0,5.705882352941177,7.9411764705882355,6.470588235294118,
2002-02-10,39.861111111111114,36.833333333333336,5.722222222222222,7.944444444444445,6.444444444444445,
2002-02-11,39.861111111111114,36.833333333333336,5.722222222222222,7.944444444444445,6.444444444444445,
2002-02-12,39.861111111111114,36.833333333333336,5.722222222222222,7.944444444444445,6.444444444444445,
2002-02-13,39.861111111111114,36.833333333333336,5.722222222222222,7.944444444444445,6.444444444444445,
2002-02-14,39.861111111111114,36.833333333333336,5.722222222222222,7.944444444444445,6.444444444444445,
2002-02-15,39.921052631578945,36.78947368421053,5.7368421052631575,7.947368421052632,6.421052631578948,
2002-02-16,39.975,36.8,5.7,7.95,6.4,
2002-02-17,39.975,36.8,5.7,7.95,6.4,
2002-02-18,39.975,36.8,5.7,7.95,6.4,
2002-02-19,39.975,36.8,5.7,7.95,6.4,
2002-02-20,39.975,36.8,5.7,7.95,6.4,
2002-02-21,40.023809523809526,36.714285714285715,5.714285714285714,7.9523809523809526,6.380952380952381,
2002-02-22,40.06818181818182,36.63636363636363,5.7272727272727275,8.0,6.363636363636363,
2002-02-23,40.108695652173914,36.65217391304348,5.695652173913044,8.043478260869565,6.3478260869565215,
2002-02-24,40.108695652173914,36.65217391304348,5.695652173913044,8.043478260869565,6.3478260869565215,
2002-02-25,40.108695652173914,36.65217391304348,5.695652173913044,8.043478260869565,6.3478260869565215,
2002-02-26,40.108695652173914,36.65217391304348,5.695652173913044,8.043478260869565,6.3478260869565215,
2002-02-27,40.108695652173914,36.65217391304348,5.695652173913044,8.043478260869565,6.3478260869565215,
2002-02-28,40.104166666666664,36.583333333333336,5.708333333333333,8.083333333333334,6.333333333333333,
2002-03-01,40.1,36.56,5.72,8.12,6.32,
2002-03-02,40.13461538461539,36.57692307692308,5.6923076923076925,8.076923076923077,6.3076923076923075,
2002-03-03,40.13461538461539,36.57692307692308,5.6923076923076925,8.076923076923077,6.3076923076923075,
2002-03-04,40.13461538461539,36.57692307692308,5.6923076923076925,8.076923076923077,6.3076923076923075,
2002-03-05,40.13461538461539,36.57692307692308,5.6923076923076925,8.076923076923077,6.3076923076923075,
2002-03-06,40.166666666666664,36.48148148148148,5.703703703703703,8.074074074074074,6.333333333333333,
2002-03-07,40.166666666666664,36.48148148148148,5.703703703703703,8.074074074074074,6.333333333333333,
2002-03-08,40.142857142857146,36.5,5.714285714285714,8.107142857142858,6.321428571428571,
2002-03-09,40.142857142857146,36.5,5.714285714285714,8.107142857142858,6.321428571428571,
2002-03-10,40.142857142857146,36.5,5.714285714285714,8.107142857142858,6.321428571428571,
2002-03-11,40.142857142857146,36.5,5.714285714285714,8.107142857142858,6.321428571428571,
2002-03-12,40.142857142857146,36.5,5.714285714285714,8.107142857142858,6.321428571428571,
2002-03-13,40.13793103448276,36.44827586206897,5.724137931034483,8.137931034482758,6.310344827586207,
2002-03-14,40.13793103448276,36.44827586206897,5.724137931034483,8.137931034482758,6.310344827586207,
2002-03-15,40.166666666666664,36.43333333333333,5.766666666666667,8.133333333333333,6.3,
2002-03-16,40.16129032258065,36.41935483870968,5.774193548387097,8.129032258064516,6.290322580645161,
2002-03-17,40.16129032258065,36.41935483870968,5.774193548387097,8.129032258064516,6.290322580645161,
2002-03-18,40.16129032258065,36.41935483870968,5.774193548387097,8.129032258064516,6.290322580645161,
2002-03-19,40.16129032258065,36.41935483870968,5.774193548387097,8.129032258064516,6.290322580645161,
2002-03-20,40.1875,36.3125,5.78125,8.15625,6.3125,
2002-03-21,40.1875,36.3125,5.78125,8.15625,6.3125,
2002-03-22,40.21212121212121,36.303030303030305,5.818181818181818,8.151515151515152,6.2727272727272725,
2002-03-23,40.205882352941174,36.26470588235294,5.852941176470588,8.176470588235293,6.264705882352941,
2002-03-24,40.205882352941174,36.26470588235294,5.852941176470588,8.176470588235293,6.264705882352941,
2002-03-25,40.205882352941174,36.26470588235294,5.852941176470588,8.176470588235293,6.264705882352941,
2002-03-26,40.22857142857143,36.2,5.857142857142857,8.2,6.257142857142857,
2002-03-27,40.19444444444444,36.166666666666664,5.916666666666667,8.222222222222221,6.25,
2002-03-28,40.189189189189186,36.16216216216216,5.918918918918919,8.243243243243244,6.243243243243243,
2002-03-29,40.189189189189186,36.16216216216216,5.918918918918919,8.243243243243244,6.243243243243243,
2002-03-30,40.189189189189186,36.16216216216216,5.918918918918919,8.243243243243244,6.243243243243243,
2002-03-31,40.189189189189186,36.16216216216216,5.918918918918919,8.243243243243244,6.243243243243243,
2002-04-01,40.189189189189186,36.16216216216216,5.918918918918919,8.243243243243244,6.243243243243243,
2002-04-02,40.189189189189186,36.16216216216216,5.918918918918919,8.243243243243244,6.243243243243243,
2002-04-03,40.18421052631579,36.10526315789474,5.921052631578948,8.263157894736842,6.2631578947368425,
2002-04-04,40.18421052631579,36.10526315789474,5.921052631578948,8.263157894736842,6.2631578947368425,
2002-04-05,40.15384615384615,36.05128205128205,5.948717948717949,8.282051282051283,6.282051282051282,
2002-04-06,40.125,36.05,5.975,8.3,6.3,
2002-04-07,40.125,36.05,5.975,8.3,6.3,
2002-04-08,40.125,36.05,5.975,8.3,6.3,
2002-04-09,40.125,36.05,5.975,8.3,6.3,
2002-04-10,40.1219512195122,35.97560975609756,6.0,8.317073170731707,6.317073170731708,
2002-04-11,40.1219512195122,35.97560975609756,6.0,8.317073170731707,6.317073170731708,
2002-04-12,40.095238095238095,35.95238095238095,6.023809523809524,8.333333333333334,6.333333333333333,
2002-04-13,40.06976744186046,35.97674418604651,6.023255813953488,8.325581395348838,6.325581395348837,
2002-04-14,40.06976744186046,35.97674418604651,6.023255813953488,8.325581395348838,6.325581395348837,
2002-04-15,40.06976744186046,35.97674418604651,6.023255813953488,8.325581395348838,6.325581395348837,
2002-04-16,40.06976744186046,35.97674418604651,6.023255813953488,8.325581395348838,6.325581395348837,
2002-04-17,40.06818181818182,35.95454545454545,6.045454545454546,8.340909090909092,6.295454545454546,
2002-04-18,40.06818181818182,35.95454545454545,6.045454545454546,8.340909090909092,6.295454545454546,
2002-04-19,40.044444444444444,35.93333333333333,6.066666666666666,8.355555555555556,6.288888888888889,
2002-04-20,40.02173913043478,35.93478260869565,6.065217391304348,8.369565217391305,6.282608695652174,
2002-04-21,40.02173913043478,35.93478260869565,6.065217391304348,8.369565217391305,6.282608695652174,
2002-04-22,40.02173913043478,35.93478260869565,6.065217391304348,8.369565217391305,6.282608695652174,
2002-04-23,40.02173913043478,35.93478260869565,6.065217391304348,8.369565217391305,6.282608695652174,
2002-04-24,40.0,35.8936170212766,6.085106382978723,8.425531914893616,6.276595744680851,
2002-04-25,40.0,35.8936170212766,6.085106382978723,8.425531914893616,6.276595744680851,
2002-04-26,39.979166666666664,35.854166666666664,6.104166666666667,8.458333333333334,6.270833333333333,
2002-04-27,39.97959183673469,35.83673469387755,6.081632653061225,8.46938775510204,6.26530612244898,
2002-04-28,39.97959183673469,35.83673469387755,6.081632653061225,8.46938775510204,6.26530612244898,
2002-04-29,40.0,35.76,6.08,8.52,6.26,
2002-04-30,40.0,35.76,6.08,8.52,6.26,
2002-05-01,40.0,35.76,6.08,8.52,6.26,
2002-05-02,40.0,35.76,6.08,8.52,6.26,
2002-05-03,40.01960784313726,35.68627450980392,6.098039215686274,8.568627450980392,6.235294117647059,
2002-05-04,40.01923076923077,35.65384615384615,6.096153846153846,8.596153846153847,6.230769230769231,
2002-05-05,40.01923076923077,35.65384615384615,6.096153846153846,8.596153846153847,6.230769230769231,
2002-05-06,40.01923076923077,35.65384615384615,6.096153846153846,8.596153846153847,6.230769230769231,
2002-05-07,40.0377358490566,35.56603773584906,6.113207547169812,8.660377358490566,6.226415094339623,
2002-05-08,40.0377358490566,35.56603773584906,6.113207547169812,8.660377358490566,6.226415094339623,
2002-05-09,40.01851851851852,35.5,6.111111111111111,8.703703703703704,6.222222222222222,
2002-05-10,40.03636363636364,35.41818181818182,6.127272727272727,8.745454545454546,6.218181818181818,
2002-05-11,40.03636363636364,35.41818181818182,6.127272727272727,8.745454545454546,6.218181818181818,
2002-05-12,40.03636363636364,35.41818181818182,6.127272727272727,8.745454545454546,6.218181818181818,
2002-05-13,40.03636363636364,35.41818181818182,6.127272727272727,8.745454545454546,6.218181818181818,
2002-05-14,40.03636363636364,35.41818181818182,6.127272727272727,8.745454545454546,6.218181818181818,
2002-05-15,40.05357142857143,35.357142857142854,6.142857142857143,8.785714285714286,6.214285714285714,
2002-05-16,40.01754385964912,35.31578947368421,6.157894736842105,8.842105263157896,6.192982456140351,
2002-05-17,40.01724137931034,35.258620689655174,6.172413793103448,8.89655172413793,6.189655172413793,
2002-05-18,40.01724137931034,35.258620689655174,6.172413793103448,8.89655172413793,6.189655172413793,
2002-05-19,40.01724137931034,35.258620689655174,6.172413793103448,8.89655172413793,6.189655172413793,
2002-05-20,40.01724137931034,35.258620689655174,6.172413793103448,8.89655172413793,6.189655172413793,
2002-05-21,40.01724137931034,35.258620689655174,6.172413793103448,8.89655172413793,6.189655172413793,
2002-05-22,40.01724137931034,35.258620689655174,6.172413793103448,8.89655172413793,6.189655172413793,
2002-05-23,40.0,35.20338983050848,6.203389830508475,8.915254237288135,6.169491525423729,
2002-05-24,39.983333333333334,35.15,6.216666666666667,8.983333333333333,6.166666666666667,
2002-05-25,39.983333333333334,35.15,6.216666666666667,8.983333333333333,6.166666666666667,
2002-05-26,39.983333333333334,35.15,6.216666666666667,8.983333333333333,6.166666666666667,
2002-05-27,39.983333333333334,35.15,6.216666666666667,8.983333333333333,6.166666666666667,
2002-05-28,39.983333333333334,35.15,6.216666666666667,8.983333333333333,6.166666666666667,
2002-05-29,39.950819672131146,35.131147540983605,6.213114754098361,9.032786885245901,6.163934426229508,
2002-05-30,39.935483870967744,35.096774193548384,6.209677419354839,9.064516129032258,6.161290322580645,
2002-05-31,39.92063492063492,35.06349206349206,6.222222222222222,9.095238095238095,6.158730158730159,
2002-06-01,39.92063492063492,35.06349206349206,6.222222222222222,9.095238095238095,6.158730158730159,
2002-06-02,39.92063492063492,35.06349206349206,6.222222222222222,9.095238095238095,6.158730158730159,
2002-06-03,39.92063492063492,35.06349206349206,6.222222222222222,9.095238095238095,6.158730158730159,
2002-06-04,39.921875,35.0625,6.21875,9.09375,6.15625,
2002-06-05,39.921875,35.0625,6.21875,9.09375,6.15625,
2002-06-06,39.9,35.03846153846154,6.2384615384615385,9.107692307692307,6.153846153846154,
2002-06-07,39.9,35.03846153846154,6.2384615384615385,9.107692307692307,6.153846153846154,
2002-06-08,39.9,35.03846153846154,6.2384615384615385,9.107692307692307,6.153846153846154,
2002-06-09,39.9,35.03846153846154,6.2384615384615385,9.107692307692307,6.153846153846154,
2002-06-10,39.9,35.03846153846154,6.2384615384615385,9.107692307692307,6.153846153846154,
2002-06-11,39.9,35.03846153846154,6.2384615384615385,9.107692307692307,6.153846153846154,
2002-06-12,39.871212121212125,35.053030303030305,6.234848484848484,9.121212121212121,6.151515151515151,
2002-06-13,39.85820895522388,35.05223880597015,6.2388059701492535,9.14179104477612,6.141791044776119,
2002-06-14,39.85820895522388,35.05223880597015,6.2388059701492535,9.14179104477612,6.141791044776119,
2002-06-15,39.85820895522388,35.05223880597015,6.2388059701492535,9.14179104477612,6.141791044776119,
2002-06-16,39.85820895522388,35.05223880597015,6.2388059701492535,9.14179104477612,6.141791044776119,
2002-06-17,39.85820895522388,35.05223880597015,6.2388059701492535,9.14179104477612,6.141791044776119,
2002-06-18,39.85820895522388,35.05223880597015,6.2388059701492535,9.14179104477612,6.141791044776119,
2002-06-19,39.830882352941174,35.06617647058823,6.235294117647059,9.154411764705882,6.139705882352941,
2002-06-20,39.80434782608695,35.05072463768116,6.246376811594203,9.166666666666666,6.13768115942029,
2002-06-21,39.792857142857144,35.06428571428572,6.257142857142857,9.178571428571429,6.135714285714286,
2002-06-22,39.792857142857144,35.06428571428572,6.257142857142857,9.178571428571429,6.135714285714286,
2002-06-23,39.792857142857144,35.06428571428572,6.257142857142857,9.178571428571429,6.135714285714286,
2002-06-24,39.792857142857144,35.06428571428572,6.257142857142857,9.178571428571429,6.135714285714286,
2002-06-25,39.792857142857144,35.06428571428572,6.257142857142857,9.178571428571429,6.135714285714286,
2002-06-26,39.809859154929576,35.063380281690144,6.253521126760563,9.17605633802817,6.119718309859155,
2002-06-27,39.80555555555556,35.06944444444444,6.25,9.180555555555555,6.111111111111111,
2002-06-28,39.80555555555556,35.06944444444444,6.25,9.180555555555555,6.111111111111111,
2002-06-29,39.80555555555556,35.06944444444444,6.25,9.180555555555555,6.111111111111111,
2002-06-30,39.80555555555556,35.06944444444444,6.25,9.180555555555555,6.111111111111111,
2002-07-01,39.80555555555556,35.06944444444444,6.25,9.180555555555555,6.111111111111111,
2002-07-02,39.794520547945204,35.082191780821915,6.2465753424657535,9.178082191780822,6.109589041095891,
2002-07-03,39.794520547945204,35.082191780821915,6.2465753424657535,9.178082191780822,6.109589041095891,
2002-07-04,39.78378378378378,35.08108108108108,6.243243243243243,9.175675675675675,6.108108108108108,
2002-07-05,39.78666666666667,35.093333333333334,6.24,9.173333333333334,6.1066666666666665,
2002-07-06,39.78666666666667,35.093333333333334,6.24,9.173333333333334,6.1066666666666665,
2002-07-07,39.78666666666667,35.093333333333334,6.24,9.173333333333334,6.1066666666666665,
2002-07-08,39.78666666666667,35.093333333333334,6.24,9.173333333333334,6.1066666666666665,
2002-07-09,39.78666666666667,35.093333333333334,6.24,9.173333333333334,6.1066666666666665,
2002-07-10,39.776315789473685,35.10526315789474,6.25,9.157894736842104,6.105263157894737,
2002-07-11,39.77922077922078,35.103896103896105,6.246753246753247,9.155844155844155,6.097402597402597,
2002-07-12,39.77922077922078,35.103896103896105,6.246753246753247,9.155844155844155,6.097402597402597,
2002-07-13,39.77922077922078,35.103896103896105,6.246753246753247,9.155844155844155,6.097402597402597,
2002-07-14,39.77922077922078,35.103896103896105,6.246753246753247,9.155844155844155,6.097402597402597,
2002-07-15,39.77922077922078,35.103896103896105,6.246753246753247,9.155844155844155,6.097402597402597,
2002-07-16,39.77922077922078,35.103896103896105,6.246753246753247,9.155844155844155,6.097402597402597,
2002-07-17,39.782051282051285,35.12820512820513,6.243589743589744,9.14102564102564,6.083333333333333,
2002-07-18,39.79746835443038,35.12658227848101,6.2405063291139244,9.139240506329115,6.069620253164557,
2002-07-19,39.8,35.125,6.2375,9.1375,6.06875,
2002-07-20,39.8,35.125,6.2375,9.1375,6.06875,
2002-07-21,39.8,35.125,6.2375,9.1375,6.06875,
2002-07-22,39.8,35.125,6.2375,9.1375,6.06875,
2002-07-23,39.8,35.125,6.2375,9.1375,6.06875,
2002-07-24,39.80246913580247,35.135802469135804,6.234567901234568,9.135802469135802,6.067901234567901,
2002-07-25,39.792682926829265,35.1219512195122,6.2439024390243905,9.134146341463415,6.067073170731708,
2002-07-26,39.80722891566265,35.12048192771084,6.253012048192771,9.132530120481928,6.054216867469879,
2002-07-27,39.80722891566265,35.12048192771084,6.253012048192771,9.132530120481928,6.054216867469879,
2002-07-28,39.80722891566265,35.12048192771084,6.253012048192771,9.132530120481928,6.054216867469879,
2002-07-29,39.80722891566265,35.12048192771084,6.253012048192771,9.132530120481928,6.054216867469879,
2002-07-30,39.80722891566265,35.12048192771084,6.253012048192771,9.132530120481928,6.054216867469879,
2002-07-31,39.833333333333336,35.11904761904762,6.25,9.130952380952381,6.041666666666667,
2002-08-01,39.833333333333336,35.11904761904762,6.25,9.130952380952381,6.041666666666667,
2002-08-02,39.83529411764706,35.11176470588235,6.258823529411765,9.123529411764705,6.035294117647059,
2002-08-03,39.83529411764706,35.11176470588235,6.258823529411765,9.123529411764705,6.035294117647059,
2002-08-04,39.83529411764706,35.11176470588235,6.258823529411765,9.123529411764705,6.035294117647059,
2002-08-05,39.83529411764706,35.11176470588235,6.258823529411765,9.123529411764705,6.035294117647059,
2002-08-06,39.83529411764706,35.11176470588235,6.258823529411765,9.123529411764705,6.035294117647059,
2002-08-07,39.86046511627907,35.11046511627907,6.255813953488372,9.122093023255815,6.023255813953488,
2002-08-08,39.87356321839081,35.09770114942529,6.264367816091954,9.120689655172415,6.0,
2002-08-09,39.88636363636363,35.08522727272727,6.2727272727272725,9.119318181818182,5.988636363636363,
2002-08-10,39.88636363636363,35.08522727272727,6.2727272727272725,9.119318181818182,5.988636363636363,
2002-08-11,39.88636363636363,35.08522727272727,6.2727272727272725,9.119318181818182,5.988636363636363,
2002-08-12,39.89887640449438,35.07303370786517,6.269662921348314,9.117977528089888,5.977528089887641,
2002-08-13,39.89887640449438,35.07303370786517,6.269662921348314,9.117977528089888,5.977528089887641,
2002-08-14,39.91111111111111,35.07222222222222,6.266666666666667,9.127777777777778,5.955555555555556,
2002-08-15,39.91208791208791,35.06043956043956,6.274725274725275,9.137362637362637,5.945054945054945,
2002-08-16,39.91304347826087,35.04891304347826,6.282608695652174,9.146739130434783,5.934782608695652,
2002-08-17,39.913978494623656,35.05913978494624,6.290322580645161,9.134408602150538,5.924731182795699,
2002-08-18,39.913978494623656,35.05913978494624,6.290322580645161,9.134408602150538,5.924731182795699,
2002-08-19,39.913978494623656,35.05913978494624,6.290322580645161,9.134408602150538,5.924731182795699,
2002-08-20,39.913978494623656,35.05913978494624,6.290322580645161,9.134408602150538,5.924731182795699,
2002-08-21,39.913978494623656,35.05913978494624,6.290322580645161,9.134408602150538,5.924731182795699,
2002-08-22,39.91489361702128,35.047872340425535,6.287234042553192,9.132978723404255,5.925531914893617,
2002-08-23,39.915789473684214,35.05789473684211,6.294736842105263,9.126315789473685,5.910526315789474,
2002-08-24,39.915789473684214,35.05789473684211,6.294736842105263,9.126315789473685,5.910526315789474,
2002-08-25,39.915789473684214,35.05789473684211,6.294736842105263,9.126315789473685,5.910526315789474,
2002-08-26,39.915789473684214,35.05789473684211,6.294736842105263,9.126315789473685,5.910526315789474,
2002-08-27,39.915789473684214,35.05789473684211,6.294736842105263,9.126315789473685,5.910526315789474,
2002-08-28,39.916666666666664,35.088541666666664,6.302083333333333,9.114583333333334,5.901041666666667,
2002-08-29,39.91752577319588,35.108247422680414,6.298969072164948,9.11340206185567,5.881443298969073,
2002-08-30,39.92857142857143,35.14795918367347,6.3061224489795915,9.091836734693878,5.862244897959184,
2002-08-31,39.92857142857143,35.14795918367347,6.3061224489795915,9.091836734693878,5.862244897959184,
2002-09-01,39.92857142857143,35.14795918367347,6.3061224489795915,9.091836734693878,5.862244897959184,
2002-09-02,39.92857142857143,35.14795918367347,6.3061224489795915,9.091836734693878,5.862244897959184,
2002-09-03,39.92857142857143,35.14795918367347,6.3061224489795915,9.091836734693878,5.862244897959184,
2002-09-04,39.91919191919192,35.186868686868685,6.313131313131313,9.080808080808081,5.843434343434343,
2002-09-05,39.91,35.205,6.31,9.07,5.835,
2002-09-06,39.90594059405941,35.23267326732673,6.321782178217822,9.064356435643564,5.816831683168317,
2002-09-07,39.90594059405941,35.23267326732673,6.321782178217822,9.064356435643564,5.816831683168317,
2002-09-08,39.90594059405941,35.23267326732673,6.321782178217822,9.064356435643564,5.816831683168317,
2002-09-09,39.88725490196079,35.26960784313726,6.333333333333333,9.058823529411764,5.799019607843137,
2002-09-10,39.86893203883495,35.29611650485437,6.339805825242719,9.048543689320388,5.781553398058253,
2002-09-11,39.85096153846154,35.32211538461539,6.355769230769231,9.048076923076923,5.774038461538462,
2002-09-12,39.833333333333336,35.34761904761905,6.3619047619047615,9.038095238095238,5.757142857142857,
2002-09-13,39.79716981132076,35.37735849056604,6.377358490566038,9.033018867924529,5.747169811320755,
2002-09-14,39.79716981132076,35.37735849056604,6.377358490566038,9.033018867924529,5.747169811320755,
2002-09-15,39.79716981132076,35.37735849056604,6.377358490566038,9.033018867924529,5.747169811320755,
2002-09-16,39.79716981132076,35.37735849056604,6.377358490566038,9.033018867924529,5.747169811320755,
2002-09-17,39.79716981132076,35.37735849056604,6.377358490566038,9.033018867924529,5.747169811320755,
2002-09-18,39.7803738317757,35.42056074766355,6.383177570093458,9.023364485981308,5.730841121495327,
2002-09-19,39.7803738317757,35.42056074766355,6.383177570093458,9.023364485981308,5.730841121495327,
2002-09-20,39.7803738317757,35.42056074766355,6.383177570093458,9.023364485981308,5.730841121495327,
2002-09-21,39.7803738317757,35.42056074766355,6.383177570093458,9.023364485981308,5.730841121495327,
2002-09-22,39.7803738317757,35.42056074766355,6.383177570093458,9.023364485981308,5.730841121495327,
2002-09-23,39.7803738317757,35.42056074766355,6.383177570093458,9.023364485981308,5.730841121495327,
2002-09-24,39.7803738317757,35.42056074766355,6.383177570093458,9.023364485981308,5.730841121495327,
2002-09-25,39.7803738317757,35.42056074766355,6.383177570093458,9.023364485981308,5.730841121495327,
2002-09-26,39.773148148148145,35.44444444444444,6.407407407407407,9.00462962962963,5.714814814814815,
2002-09-27,39.773148148148145,35.44444444444444,6.407407407407407,9.00462962962963,5.714814814814815,
2002-09-28,39.773148148148145,35.44444444444444,6.407407407407407,9.00462962962963,5.714814814814815,
2002-09-29,39.773148148148145,35.44444444444444,6.407407407407407,9.00462962962963,5.714814814814815,
2002-09-30,39.773148148148145,35.44444444444444,6.407407407407407,9.00462962962963,5.714814814814815,
2002-10-01,39.76605504587156,35.477064220183486,6.440366972477064,8.986238532110091,5.689908256880734,
2002-10-02,39.76605504587156,35.477064220183486,6.440366972477064,8.986238532110091,5.689908256880734,
2002-10-03,39.768181818181816,35.5,6.463636363636364,8.968181818181819,5.674545454545455,
2002-10-04,39.76126126126126,35.52252252252252,6.486486486486487,8.95045045045045,5.65945945945946,
2002-10-05,39.76126126126126,35.52252252252252,6.486486486486487,8.95045045045045,5.65945945945946,
2002-10-06,39.76126126126126,35.52252252252252,6.486486486486487,8.95045045045045,5.65945945945946,
2002-10-07,39.76126126126126,35.52252252252252,6.486486486486487,8.95045045045045,5.65945945945946,
2002-10-08,39.76126126126126,35.52252252252252,6.486486486486487,8.95045045045045,5.65945945945946,
2002-10-09,39.763392857142854,35.544642857142854,6.517857142857143,8.924107142857142,5.644642857142857,
2002-10-10,39.76548672566372,35.56637168141593,6.530973451327434,8.9070796460177,5.6300884955752215,
2002-10-11,39.75877192982456,35.58771929824562,6.552631578947368,8.890350877192983,5.615789473684211,
2002-10-12,39.75877192982456,35.58771929824562,6.552631578947368,8.890350877192983,5.615789473684211,
2002-10-13,39.75877192982456,35.58771929824562,6.552631578947368,8.890350877192983,5.615789473684211,
2002-10-14,39.75877192982456,35.58771929824562,6.552631578947368,8.890350877192983,5.615789473684211,
2002-10-15,39.75877192982456,35.58771929824562,6.552631578947368,8.890350877192983,5.615789473684211,
2002-10-16,39.75877192982456,35.58771929824562,6.552631578947368,8.890350877192983,5.615789473684211,
2002-10-17,39.76086956521739,35.60434782608696,6.582608695652174,8.865217391304348,5.597391304347826,
2002-10-18,39.76293103448276,35.62068965517241,6.603448275862069,8.84051724137931,5.583620689655173,
2002-10-19,39.76293103448276,35.62068965517241,6.603448275862069,8.84051724137931,5.583620689655173,
2002-10-20,39.76293103448276,35.62068965517241,6.603448275862069,8.84051724137931,5.583620689655173,
2002-10-21,39.76293103448276,35.62068965517241,6.603448275862069,8.84051724137931,5.583620689655173,
2002-10-22,39.76293103448276,35.62068965517241,6.603448275862069,8.84051724137931,5.583620689655173,
2002-10-23,39.77350427350427,35.63247863247863,6.632478632478633,8.824786324786325,5.561538461538462,
2002-10-24,39.78389830508475,35.644067796610166,6.661016949152542,8.80084745762712,5.5398305084745765,
2002-10-25,39.794117647058826,35.64705882352941,6.689075630252101,8.777310924369749,5.526890756302522,
2002-10-26,39.794117647058826,35.64705882352941,6.689075630252101,8.777310924369749,5.526890756302522,
2002-10-27,39.794117647058826,35.64705882352941,6.689075630252101,8.777310924369749,5.526890756302522,
2002-10-28,39.794117647058826,35.64705882352941,6.689075630252101,8.777310924369749,5.526890756302522,
2002-10-29,39.794117647058826,35.64705882352941,6.689075630252101,8.777310924369749,5.526890756302522,
2002-10-30,39.82083333333333,35.641666666666666,6.716666666666667,8.754166666666666,5.505833333333333,
2002-10-31,39.83884297520661,35.63636363636363,6.743801652892562,8.723140495867769,5.493388429752066,
2002-11-01,39.864754098360656,35.631147540983605,6.762295081967213,8.700819672131148,5.481147540983607,
2002-11-02,39.864754098360656,35.631147540983605,6.762295081967213,8.700819672131148,5.481147540983607,
2002-11-03,39.864754098360656,35.631147540983605,6.762295081967213,8.700819672131148,5.481147540983607,
2002-11-04,39.864754098360656,35.631147540983605,6.762295081967213,8.700819672131148,5.481147540983607,
2002-11-05,39.864754098360656,35.631147540983605,6.762295081967213,8.700819672131148,5.481147540983607,
2002-11-06,39.90650406504065,35.609756097560975,6.788617886178862,8.670731707317072,5.469105691056911,
2002-11-07,39.939516129032256,35.596774193548384,6.814516129032258,8.641129032258064,5.45725806451613,
2002-11-08,39.939516129032256,35.596774193548384,6.814516129032258,8.641129032258064,5.45725806451613,
2002-11-09,39.939516129032256,35.596774193548384,6.814516129032258,8.641129032258064,5.45725806451613,
2002-11-10,39.939516129032256,35.596774193548384,6.814516129032258,8.641129032258064,5.45725806451613,
2002-11-11,39.939516129032256,35.596774193548384,6.814516129032258,8.641129032258064,5.45725806451613,
2002-11-12,39.939516129032256,35.596774193548384,6.814516129032258,8.641129032258064,5.45725806451613,
2002-11-13,39.988,35.568,6.84,8.612,5.445600000000001,
2002-11-14,40.035714285714285,35.53968253968254,6.857142857142857,8.583333333333334,5.442063492063492,
2002-11-15,40.07244094488189,35.51784776902887,6.877690288713911,8.559842519685038,5.430708661417323,
2002-11-16,40.07244094488189,35.51784776902887,6.877690288713911,8.559842519685038,5.430708661417323,
2002-11-17,40.07244094488189,35.51784776902887,6.877690288713911,8.559842519685038,5.430708661417323,
2002-11-18,40.07244094488189,35.51784776902887,6.877690288713911,8.559842519685038,5.430708661417323,
2002-11-19,40.07244094488189,35.51784776902887,6.877690288713911,8.559842519685038,5.430708661417323,
2002-11-20,40.07244094488189,35.51784776902887,6.877690288713911,8.559842519685038,5.430708661417323,
2002-11-21,40.134375,35.47083333333333,6.905989583333334,8.53203125,5.41953125,
2002-11-22,40.134375,35.47083333333333,6.905989583333334,8.53203125,5.41953125,
2002-11-23,40.134375,35.47083333333333,6.905989583333334,8.53203125,5.41953125,
2002-11-24,40.134375,35.47083333333333,6.905989583333334,8.53203125,5.41953125,
2002-11-25,40.134375,35.47083333333333,6.905989583333334,8.53203125,5.41953125,
2002-11-26,40.134375,35.47083333333333,6.905989583333334,8.53203125,5.41953125,
2002-11-27,40.21085271317829,35.41291989664082,6.929974160206719,8.504651162790697,5.408527131782946,
2002-11-28,40.286153846153844,35.35589743589743,6.953589743589744,8.477692307692307,5.397692307692308,
2002-11-29,40.34503816793893,35.31501272264631,6.984478371501273,8.451145038167938,5.387022900763359,
2002-11-30,40.34503816793893,35.31501272264631,6.984478371501273,8.451145038167938,5.387022900763359,
2002-12-01,40.34503816793893,35.31501272264631,6.984478371501273,8.451145038167938,5.387022900763359,
2002-12-02,40.34503816793893,35.31501272264631,6.984478371501273,8.451145038167938,5.387022900763359,
2002-12-03,40.34503816793893,35.31501272264631,6.984478371501273,8.451145038167938,5.387022900763359,
2002-12-04,40.418181818181814,35.2520202020202,7.01489898989899,8.417424242424241,5.376515151515152,
2002-12-05,40.48270676691729,35.197493734335836,7.03734335839599,8.39172932330827,5.373684210526316,
2002-12-06,40.538805970149255,35.14378109452736,7.074378109452737,8.36641791044776,5.363432835820896,
2002-12-07,40.538805970149255,35.14378109452736,7.074378109452737,8.36641791044776,5.363432835820896,
2002-12-08,40.538805970149255,35.14378109452736,7.074378109452737,8.36641791044776,5.363432835820896,
2002-12-09,40.538805970149255,35.14378109452736,7.074378109452737,8.36641791044776,5.363432835820896,
2002-12-10,40.538805970149255,35.14378109452736,7.074378109452737,8.36641791044776,5.363432835820896,
2002-12-11,40.59407407407407,35.09827160493827,7.103456790123457,8.334074074074074,5.3533333333333335,
2002-12-12,40.648529411764706,35.04975490196078,7.12843137254902,8.313235294117646,5.347058823529412,
2002-12-13,40.68759124087591,35.02749391727494,7.142092457420925,8.28905109489051,5.337226277372263,
2002-12-14,40.68759124087591,35.02749391727494,7.142092457420925,8.28905109489051,5.337226277372263,
2002-12-15,40.68759124087591,35.02749391727494,7.142092457420925,8.28905109489051,5.337226277372263,
2002-12-16,40.68759124087591,35.02749391727494,7.142092457420925,8.28905109489051,5.337226277372263,
2002-12-17,40.74057971014493,34.991062801932365,7.16280193236715,8.257971014492753,5.327536231884058,
2002-12-18,40.78992805755396,34.92925659472422,7.186810551558753,8.251079136690649,5.325179856115108,
2002-12-19,40.84142857142857,34.886904761904766,7.214047619047619,8.227857142857143,5.315714285714286,
2002-12-20,40.88510638297873,34.85224586288416,7.240898345153664,8.204964539007094,5.306382978723405,
2002-12-21,40.88510638297873,34.85224586288416,7.240898345153664,8.204964539007094,5.306382978723405,
2002-12-22,40.88510638297873,34.85224586288416,7.240898345153664,8.204964539007094,5.306382978723405,
2002-12-23,40.88510638297873,34.85224586288416,7.240898345153664,8.204964539007094,5.306382978723405,
2002-12-24,40.88510638297873,34.85224586288416,7.240898345153664,8.204964539007094,5.306382978723405,
2002-12-25,40.88510638297873,34.85224586288416,7.240898345153664,8.204964539007094,5.306382978723405,
2002-12-26,40.88510638297873,34.85224586288416,7.240898345153664,8.204964539007094,5.306382978723405,
2002-12-27,40.88510638297873,34.85224586288416,7.240898345153664,8.204964539007094,5.306382978723405,
2002-12-28,40.88510638297873,34.85224586288416,7.240898345153664,8.204964539007094,5.306382978723405,
2002-12-29,40.88510638297873,34.85224586288416,7.240898345153664,8.204964539007094,5.306382978723405,
2002-12-30,40.88510638297873,34.85224586288416,7.240898345153664,8.204964539007094,5.306382978723405,
2002-12-31,40.88510638297873,34.85224586288416,7.240898345153664,8.204964539007094,5.306382978723405,
2003-01-01,40.93521126760564,34.818075117370896,7.267370892018779,8.182394366197183,5.290140845070423,
2003-01-02,40.93521126760564,34.818075117370896,7.267370892018779,8.182394366197183,5.290140845070423,
2003-01-03,40.98111888111888,34.78438228438229,7.286480186480187,8.16013986013986,5.2846153846153845,
2003-01-04,40.98111888111888,34.78438228438229,7.286480186480187,8.16013986013986,5.2846153846153845,
2003-01-05,40.98111888111888,34.78438228438229,7.286480186480187,8.16013986013986,5.2846153846153845,
2003-01-06,40.98111888111888,34.78438228438229,7.286480186480187,8.16013986013986,5.2846153846153845,
2003-01-07,41.02291666666667,34.758101851851855,7.312268518518518,8.138194444444444,5.268750000000001,
2003-01-08,41.02291666666667,34.758101851851855,7.312268518518518,8.138194444444444,5.268750000000001,
2003-01-09,41.06413793103449,34.72528735632184,7.33080459770115,8.123448275862069,5.260000000000001,
2003-01-10,41.11164383561644,34.68607305936073,7.362785388127854,8.102054794520548,5.244520547945206,
2003-01-11,41.11164383561644,34.68607305936073,7.362785388127854,8.102054794520548,5.244520547945206,
2003-01-12,41.11164383561644,34.68607305936073,7.362785388127854,8.102054794520548,5.244520547945206,
2003-01-13,41.11164383561644,34.68607305936073,7.362785388127854,8.102054794520548,5.244520547945206,
2003-01-14,41.11164383561644,34.68607305936073,7.362785388127854,8.102054794520548,5.244520547945206,
2003-01-15,41.15170068027211,34.6609977324263,7.380725623582767,8.080952380952382,5.236054421768708,
2003-01-16,41.19797297297298,34.62274774774775,7.398423423423424,8.066891891891892,5.227702702702703,
2003-01-17,41.236912751677856,34.5917225950783,7.422595078299777,8.053020134228188,5.212751677852349,
2003-01-18,41.236912751677856,34.5917225950783,7.422595078299777,8.053020134228188,5.212751677852349,
2003-01-19,41.236912751677856,34.5917225950783,7.422595078299777,8.053020134228188,5.212751677852349,
2003-01-20,41.236912751677856,34.5917225950783,7.422595078299777,8.053020134228188,5.212751677852349,
2003-01-21,41.236912751677856,34.5917225950783,7.422595078299777,8.053020134228188,5.212751677852349,
2003-01-22,41.275333333333336,34.56777777777778,7.446444444444444,8.032666666666668,5.198,
2003-01-23,41.31324503311259,34.54415011037528,7.45673289183223,8.019205298013246,5.190066225165563,
2003-01-24,41.35065789473684,34.51754385964912,7.470175438596492,8.00592105263158,5.178947368421053,
2003-01-25,41.35065789473684,34.51754385964912,7.470175438596492,8.00592105263158,5.178947368421053,
2003-01-26,41.35065789473684,34.51754385964912,7.470175438596492,8.00592105263158,5.178947368421053,
2003-01-27,41.35065789473684,34.51754385964912,7.470175438596492,8.00592105263158,5.178947368421053,
2003-01-28,41.35065789473684,34.51754385964912,7.470175438596492,8.00592105263158,5.178947368421053,
2003-01-29,41.38104575163399,34.495860566448805,7.48115468409586,7.997058823529412,5.172549019607843,
2003-01-30,41.41753246753247,34.46666666666667,7.497510822510822,7.9840909090909085,5.164935064935065,
2003-01-31,41.453548387096774,34.43784946236559,7.513655913978494,7.977741935483871,5.150967741935483,
2003-02-01,41.453548387096774,34.43784946236559,7.513655913978494,7.977741935483871,5.150967741935483,
2003-02-02,41.453548387096774,34.43784946236559,7.513655913978494,7.977741935483871,5.150967741935483,
2003-02-03,41.453548387096774,34.43784946236559,7.513655913978494,7.977741935483871,5.150967741935483,
2003-02-04,41.50192307692308,34.39017094017094,7.536004273504273,7.971474358974358,5.137179487179487,
2003-02-05,41.50192307692308,34.39017094017094,7.536004273504273,7.971474358974358,5.137179487179487,
2003-02-06,41.54331210191083,34.35583864118896,7.551698513800424,7.958917197452229,5.129936305732484,
2003-02-07,41.5873417721519,34.321940928270045,7.567194092827004,7.946518987341772,5.119620253164557,
2003-02-08,41.5873417721519,34.321940928270045,7.567194092827004,7.946518987341772,5.119620253164557,
2003-02-09,41.5873417721519,34.321940928270045,7.567194092827004,7.946518987341772,5.119620253164557,
2003-02-10,41.5873417721519,34.321940928270045,7.567194092827004,7.946518987341772,5.119620253164557,
2003-02-11,41.627672955974845,34.27589098532495,7.595073375262054,7.940566037735849,5.1062893081761,
2003-02-12,41.627672955974845,34.27589098532495,7.595073375262054,7.940566037735849,5.1062893081761,
2003-02-13,41.67375,34.23041666666667,7.616354166666666,7.9346875,5.099375,
2003-02-14,41.7192546583851,34.185507246376815,7.643581780538302,7.922670807453416,5.086335403726708,
2003-02-15,41.7192546583851,34.185507246376815,7.643581780538302,7.922670807453416,5.086335403726708,
2003-02-16,41.7192546583851,34.185507246376815,7.643581780538302,7.922670807453416,5.086335403726708,
2003-02-17,41.7192546583851,34.185507246376815,7.643581780538302,7.922670807453416,5.086335403726708,
2003-02-18,41.7192546583851,34.185507246376815,7.643581780538302,7.922670807453416,5.086335403726708,
2003-02-19,41.7559670781893,34.14650205761317,7.661831275720165,7.91820987654321,5.07798353909465,
2003-02-20,41.79427402862986,34.10879345603272,7.682310838445808,7.912576687116564,5.071370143149284,
2003-02-21,41.83516260162602,34.077642276422765,7.696443089430894,7.900914634146342,5.061788617886179,
2003-02-22,41.83516260162602,34.077642276422765,7.696443089430894,7.900914634146342,5.061788617886179,
2003-02-23,41.83516260162602,34.077642276422765,7.696443089430894,7.900914634146342,5.061788617886179,
2003-02-24,41.83516260162602,34.077642276422765,7.696443089430894,7.900914634146342,5.061788617886179,
2003-02-25,41.83516260162602,34.077642276422765,7.696443089430894,7.900914634146342,5.061788617886179,
2003-02-26,41.86646464646464,34.04686868686869,7.722525252525252,7.88939393939394,5.049292929292929,
2003-02-27,41.86646464646464,34.04686868686869,7.722525252525252,7.88939393939394,5.049292929292929,
2003-02-28,41.90341365461847,34.01044176706827,7.742269076305221,7.881024096385542,5.042971887550201,
2003-03-01,41.90341365461847,34.01044176706827,7.742269076305221,7.881024096385542,5.042971887550201,
2003-03-02,41.90341365461847,34.01044176706827,7.742269076305221,7.881024096385542,5.042971887550201,
2003-03-03,41.90341365461847,34.01044176706827,7.742269076305221,7.881024096385542,5.042971887550201,
2003-03-04,41.93393213572854,33.98642714570858,7.761776447105788,7.869760479041916,5.030738522954092,
2003-03-05,41.93393213572854,33.98642714570858,7.761776447105788,7.869760479041916,5.030738522954092,
2003-03-06,41.9640873015873,33.95079365079365,7.7810515873015875,7.864583333333333,5.0246031746031745,
2003-03-07,42.005719921104536,33.90966469428008,7.806015779092703,7.853550295857988,5.012623274161736,
2003-03-08,42.005719921104536,33.90966469428008,7.806015779092703,7.853550295857988,5.012623274161736,
2003-03-09,42.005719921104536,33.90966469428008,7.806015779092703,7.853550295857988,5.012623274161736,
2003-03-10,42.005719921104536,33.90966469428008,7.806015779092703,7.853550295857988,5.012623274161736,
2003-03-11,42.005719921104536,33.90966469428008,7.806015779092703,7.853550295857988,5.012623274161736,
2003-03-12,42.04098039215686,33.88078431372549,7.824803921568628,7.8426470588235295,5.00078431372549,
2003-03-13,42.06998050682261,33.840545808966866,7.843372319688109,7.837719298245614,4.994931773879142,
2003-03-14,42.107364341085265,33.81531007751938,7.855910852713179,7.824127906976744,4.98624031007752,
2003-03-15,42.107364341085265,33.81531007751938,7.855910852713179,7.824127906976744,4.98624031007752,
2003-03-16,42.107364341085265,33.81531007751938,7.855910852713179,7.824127906976744,4.98624031007752,
2003-03-17,42.107364341085265,33.81531007751938,7.855910852713179,7.824127906976744,4.98624031007752,
2003-03-18,42.107364341085265,33.81531007751938,7.855910852713179,7.824127906976744,4.98624031007752,
2003-03-19,42.13622350674374,33.782466281310214,7.873892100192679,7.822832369942196,4.9770712909441235,
2003-03-20,42.13622350674374,33.782466281310214,7.873892100192679,7.822832369942196,4.9770712909441235,
2003-03-21,42.16704980842912,33.75498084291188,7.888984674329502,7.81235632183908,4.971455938697318,
2003-03-22,42.16704980842912,33.75498084291188,7.888984674329502,7.81235632183908,4.971455938697318,
2003-03-23,42.183238095238096,33.744952380952384,7.906761904761905,7.802,4.960190476190476,
2003-03-24,42.183238095238096,33.744952380952384,7.906761904761905,7.802,4.960190476190476,
2003-03-25,42.183238095238096,33.744952380952384,7.906761904761905,7.802,4.960190476190476,
2003-03-26,42.183238095238096,33.744952380952384,7.906761904761905,7.802,4.960190476190476,
2003-03-27,42.183238095238096,33.744952380952384,7.906761904761905,7.802,4.960190476190476,
2003-03-28,42.20681818181818,33.72935606060606,7.920549242424243,7.789867424242424,4.952840909090909,
2003-03-29,42.20681818181818,33.72935606060606,7.920549242424243,7.789867424242424,4.952840909090909,
2003-03-30,42.20681818181818,33.72935606060606,7.920549242424243,7.789867424242424,4.952840909090909,
2003-03-31,42.20681818181818,33.72935606060606,7.920549242424243,7.789867424242424,4.952840909090909,
2003-04-01,42.21694915254237,33.725235404896424,7.937947269303201,7.779755178907721,4.94180790960452,
2003-04-02,42.21694915254237,33.725235404896424,7.937947269303201,7.779755178907721,4.94180790960452,
2003-04-03,42.21694915254237,33.725235404896424,7.937947269303201,7.779755178907721,4.94180790960452,
2003-04-04,42.23258426966292,33.712734082397006,7.955149812734082,7.769756554307116,4.9337078651685395,
2003-04-05,42.23258426966292,33.712734082397006,7.955149812734082,7.769756554307116,4.9337078651685395,
2003-04-06,42.23258426966292,33.712734082397006,7.955149812734082,7.769756554307116,4.9337078651685395,
2003-04-07,42.23258426966292,33.712734082397006,7.955149812734082,7.769756554307116,4.9337078651685395,
2003-04-08,42.23258426966292,33.712734082397006,7.955149812734082,7.769756554307116,4.9337078651685395,
2003-04-09,42.24245810055866,33.708752327746744,7.972160148975791,7.759869646182495,4.922905027932961,
2003-04-10,42.26333333333333,33.693703703703704,7.988981481481481,7.750092592592592,4.917777777777778,
2003-04-11,42.28121546961326,33.68434622467772,7.997329650092081,7.740423572744015,4.909944751381215,
2003-04-12,42.28121546961326,33.68434622467772,7.997329650092081,7.740423572744015,4.909944751381215,
2003-04-13,42.28121546961326,33.68434622467772,7.997329650092081,7.740423572744015,4.909944751381215,
2003-04-14,42.28121546961326,33.68434622467772,7.997329650092081,7.740423572744015,4.909944751381215,
2003-04-15,42.28121546961326,33.68434622467772,7.997329650092081,7.740423572744015,4.909944751381215,
2003-04-16,42.28956043956044,33.67399267399268,8.012179487179488,7.738553113553114,4.902747252747252,
2003-04-17,42.303005464480876,33.658014571949,8.024408014571948,7.735883424408015,4.897814207650273,
2003-04-18,42.32853260869565,33.638134057971016,8.040579710144927,7.721014492753624,4.8929347826086955,
2003-04-19,42.32853260869565,33.638134057971016,8.040579710144927,7.721014492753624,4.8929347826086955,
2003-04-20,42.32853260869565,33.638134057971016,8.040579710144927,7.721014492753624,4.8929347826086955,
2003-04-21,42.32853260869565,33.638134057971016,8.040579710144927,7.721014492753624,4.8929347826086955,
2003-04-22,42.32853260869565,33.638134057971016,8.040579710144927,7.721014492753624,4.8929347826086955,
2003-04-23,42.34297297297297,33.61846846846847,8.056576576576576,7.717117117117118,4.888108108108108,
2003-04-24,42.36801075268817,33.59901433691756,8.067025089605735,7.713261648745521,4.883333333333333,
2003-04-25,42.38743315508021,33.57976827094474,8.088057040998217,7.704099821746881,4.873262032085561,
2003-04-26,42.38743315508021,33.57976827094474,8.088057040998217,7.704099821746881,4.873262032085561,
2003-04-27,42.38743315508021,33.57976827094474,8.088057040998217,7.704099821746881,4.873262032085561,
2003-04-28,42.38743315508021,33.57976827094474,8.088057040998217,7.704099821746881,4.873262032085561,
2003-04-29,42.406648936170214,33.55540780141844,8.10354609929078,7.695035460992909,4.873936170212766,
2003-04-30,42.406648936170214,33.55540780141844,8.10354609929078,7.695035460992909,4.873936170212766,
2003-05-01,42.42566137566138,33.53130511463845,8.118871252204586,7.691358024691358,4.874603174603174,
2003-05-02,42.44973684210526,33.512719298245614,8.126140350877193,7.685087719298246,4.87,
2003-05-03,42.44973684210526,33.512719298245614,8.126140350877193,7.685087719298246,4.87,
2003-05-04,42.44973684210526,33.512719298245614,8.126140350877193,7.685087719298246,4.87,
2003-05-05,42.44973684210526,33.512719298245614,8.126140350877193,7.685087719298246,4.87,
2003-05-06,42.478795811518324,33.47862129144852,8.146422338568936,7.676265270506109,4.86544502617801,
2003-05-07,42.478795811518324,33.47862129144852,8.146422338568936,7.676265270506109,4.86544502617801,
2003-05-08,42.50234375,33.44487847222222,8.161284722222222,7.672743055555556,4.866145833333333,
2003-05-09,42.52564766839379,33.42184801381693,8.175993091537133,7.6692573402417965,4.861658031088083,
2003-05-10,42.52564766839379,33.42184801381693,8.175993091537133,7.6692573402417965,4.861658031088083,
2003-05-11,42.52564766839379,33.42184801381693,8.175993091537133,7.6692573402417965,4.861658031088083,
2003-05-12,42.52564766839379,33.42184801381693,8.175993091537133,7.6692573402417965,4.861658031088083,
2003-05-13,42.5590206185567,33.383591065292094,8.195704467353952,7.6606529209622,4.85721649484536,
2003-05-14,42.56589743589744,33.36316239316239,8.211623931623931,7.667008547008547,4.8538461538461535,
2003-05-15,42.593622448979595,33.32559523809524,8.230952380952381,7.6585034013605435,4.854591836734694,
2003-05-16,42.61598984771574,33.30363790186125,8.237394247038917,7.655160744500845,4.850253807106599,
2003-05-17,42.61598984771574,33.30363790186125,8.237394247038917,7.655160744500845,4.850253807106599,
2003-05-18,42.61598984771574,33.30363790186125,8.237394247038917,7.655160744500845,4.850253807106599,
2003-05-19,42.61598984771574,33.30363790186125,8.237394247038917,7.655160744500845,4.850253807106599,
2003-05-20,42.64318181818182,33.26675084175084,8.256397306397306,7.651851851851852,4.845959595959596,
2003-05-21,42.64318181818182,33.26675084175084,8.256397306397306,7.651851851851852,4.845959595959596,
2003-05-22,42.67261306532664,33.231490787269685,8.271440536013401,7.646063651591289,4.841708542713568,
2003-05-23,42.694250000000004,33.205333333333336,8.280083333333334,7.647833333333333,4.8375,
2003-05-24,42.694250000000004,33.205333333333336,8.280083333333334,7.647833333333333,4.8375,
2003-05-25,42.694250000000004,33.205333333333336,8.280083333333334,7.647833333333333,4.8375,
2003-05-26,42.694250000000004,33.205333333333336,8.280083333333334,7.647833333333333,4.8375,
2003-05-27,42.725621890547266,33.16451077943615,8.298590381426202,7.644610281923715,4.833333333333333,
2003-05-28,42.725621890547266,33.16451077943615,8.298590381426202,7.644610281923715,4.833333333333333,
2003-05-29,42.74678217821782,33.133993399339936,8.311963696369636,7.646369636963696,4.829207920792079,
2003-05-30,42.7628078817734,33.11855500821018,8.3252052545156,7.6431855500821015,4.825123152709359,
2003-05-31,42.7628078817734,33.11855500821018,8.3252052545156,7.6431855500821015,4.825123152709359,
2003-06-01,42.7628078817734,33.11855500821018,8.3252052545156,7.6431855500821015,4.825123152709359,
2003-06-02,42.7628078817734,33.11855500821018,8.3252052545156,7.6431855500821015,4.825123152709359,
2003-06-03,42.77377450980392,33.10326797385621,8.333415032679738,7.644934640522876,4.821078431372549,
2003-06-04,42.77377450980392,33.10326797385621,8.333415032679738,7.644934640522876,4.821078431372549,
2003-06-05,42.79926829268293,33.07349593495935,8.341544715447155,7.641788617886179,4.817073170731708,
2003-06-06,42.81723300970874,33.05857605177994,8.347168284789644,7.636245954692557,4.813106796116505,
2003-06-07,42.81723300970874,33.05857605177994,8.347168284789644,7.636245954692557,4.813106796116505,
2003-06-08,42.81723300970874,33.05857605177994,8.347168284789644,7.636245954692557,4.813106796116505,
2003-06-09,42.81723300970874,33.05857605177994,8.347168284789644,7.636245954692557,4.813106796116505,
2003-06-10,42.82777777777778,33.043800322061195,8.359983896940419,7.63317230273752,4.809178743961352,
2003-06-11,42.82777777777778,33.043800322061195,8.359983896940419,7.63317230273752,4.809178743961352,
2003-06-12,42.84302884615385,33.02916666666667,8.36786858974359,7.630128205128205,4.805288461538462,
2003-06-13,42.862918660287086,33.00988835725678,8.375677830940988,7.627113237639553,4.801435406698564,
2003-06-14,42.862918660287086,33.00988835725678,8.375677830940988,7.627113237639553,4.801435406698564,
2003-06-15,42.862918660287086,33.00988835725678,8.375677830940988,7.627113237639553,4.801435406698564,
2003-06-16,42.862918660287086,33.00988835725678,8.375677830940988,7.627113237639553,4.801435406698564,
2003-06-17,42.877857142857145,32.995555555555555,8.392936507936508,7.619365079365079,4.792857142857143,
2003-06-18,42.87890995260664,32.98088467614534,8.403870458135861,7.620221169036334,4.789099526066351,
2003-06-19,42.89599056603774,32.963286163522014,8.412578616352201,7.617295597484277,4.783018867924528,
2003-06-20,42.9199530516432,32.94937402190923,8.415336463223788,7.609702660406885,4.779342723004695,
2003-06-21,42.9199530516432,32.94937402190923,8.415336463223788,7.609702660406885,4.779342723004695,
2003-06-22,42.9199530516432,32.94937402190923,8.415336463223788,7.609702660406885,4.779342723004695,
2003-06-23,42.9199530516432,32.94937402190923,8.415336463223788,7.609702660406885,4.779342723004695,
2003-06-24,42.92967289719626,32.94026479750779,8.43208722741433,7.602180685358255,4.771028037383178,
2003-06-25,42.92967289719626,32.94026479750779,8.43208722741433,7.602180685358255,4.771028037383178,
2003-06-26,42.9393023255814,32.921937984496125,8.444031007751938,7.5993798449612395,4.767441860465116,
2003-06-27,42.95810185185186,32.908410493827155,8.44891975308642,7.591975308641975,4.763888888888889,
2003-06-28,42.95810185185186,32.908410493827155,8.44891975308642,7.591975308641975,4.763888888888889,
2003-06-29,42.95810185185186,32.908410493827155,8.44891975308642,7.591975308641975,4.763888888888889,
2003-06-30,42.95810185185186,32.908410493827155,8.44891975308642,7.591975308641975,4.763888888888889,
2003-07-01,42.95810185185186,32.908410493827155,8.44891975308642,7.591975308641975,4.763888888888889,
2003-07-02,42.96751152073733,32.9042242703533,8.456067588325652,7.584639016897081,4.76036866359447,
2003-07-03,42.981422018348624,32.89090214067278,8.463149847094801,7.577370030581039,4.756880733944954,
2003-07-04,42.99977168949772,32.87770167427701,8.470167427701675,7.574733637747336,4.7534246575342465,
2003-07-05,42.99977168949772,32.87770167427701,8.470167427701675,7.574733637747336,4.7534246575342465,
2003-07-06,42.99977168949772,32.87770167427701,8.470167427701675,7.574733637747336,4.7534246575342465,
2003-07-07,42.99977168949772,32.87770167427701,8.470167427701675,7.574733637747336,4.7534246575342465,
2003-07-08,43.004318181818185,32.87371212121212,8.477121212121212,7.572121212121211,4.75,
2003-07-09,43.004318181818185,32.87371212121212,8.477121212121212,7.572121212121211,4.75,
2003-07-10,43.013348416289595,32.86523378582202,8.488536953242836,7.5650075414781295,4.746606334841629,
2003-07-11,43.0268018018018,32.861336336336336,8.490840840840841,7.557957957957957,4.743243243243243,
2003-07-12,43.0268018018018,32.861336336336336,8.490840840840841,7.557957957957957,4.743243243243243,
2003-07-13,43.0268018018018,32.861336336336336,8.490840840840841,7.557957957957957,4.743243243243243,
2003-07-14,43.0268018018018,32.861336336336336,8.490840840840841,7.557957957957957,4.743243243243243,
2003-07-15,43.03565022421525,32.85747384155456,8.502092675635277,7.550971599402092,4.73542600896861,
2003-07-16,43.03565022421525,32.85747384155456,8.502092675635277,7.550971599402092,4.73542600896861,
2003-07-17,43.03995535714286,32.85364583333333,8.508779761904762,7.548511904761904,4.732142857142857,
2003-07-18,43.053111111111114,32.84762962962963,8.510962962962964,7.541629629629629,4.728888888888889,
2003-07-19,43.053111111111114,32.84762962962963,8.510962962962964,7.541629629629629,4.728888888888889,
2003-07-20,43.053111111111114,32.84762962962963,8.510962962962964,7.541629629629629,4.728888888888889,
2003-07-21,43.053111111111114,32.84762962962963,8.510962962962964,7.541629629629629,4.728888888888889,
2003-07-22,43.05730088495576,32.84387905604719,8.517551622418878,7.539233038348082,4.725663716814159,
2003-07-23,43.06343612334802,32.83046989720999,8.526284875183554,7.540822320117474,4.721145374449339,
2003-07-24,43.0719298245614,32.826827485380115,8.532748538011695,7.53406432748538,4.717982456140351,
2003-07-25,43.08034934497817,32.8188500727802,8.5391557496361,7.5317321688500725,4.714847161572052,
2003-07-26,43.08034934497817,32.8188500727802,8.5391557496361,7.5317321688500725,4.714847161572052,
2003-07-27,43.08034934497817,32.8188500727802,8.5391557496361,7.5317321688500725,4.714847161572052,
2003-07-28,43.08034934497817,32.8188500727802,8.5391557496361,7.5317321688500725,4.714847161572052,
2003-07-29,43.08869565217391,32.81094202898551,8.549855072463767,7.529420289855072,4.707391304347826,
2003-07-30,43.08869565217391,32.81094202898551,8.549855072463767,7.529420289855072,4.707391304347826,
2003-07-31,43.096969696969694,32.803102453102454,8.560461760461761,7.527128427128427,4.704329004329004,
2003-08-01,43.109482758620686,32.79533045977011,8.562356321839081,7.520545977011494,4.701293103448276,
2003-08-02,43.109482758620686,32.79533045977011,8.562356321839081,7.520545977011494,4.701293103448276,
2003-08-03,43.109482758620686,32.79533045977011,8.562356321839081,7.520545977011494,4.701293103448276,
2003-08-04,43.109482758620686,32.79533045977011,8.562356321839081,7.520545977011494,4.701293103448276,
2003-08-05,43.121888412017164,32.78762517882689,8.568526466380543,7.514020028612303,4.698283261802575,
2003-08-06,43.121888412017164,32.78762517882689,8.568526466380543,7.514020028612303,4.698283261802575,
2003-08-07,43.12564102564102,32.77998575498575,8.574643874643876,7.511823361823362,4.69957264957265,
2003-08-08,43.13787234042553,32.76815602836879,8.580709219858155,7.509645390070922,4.6965957446808515,
2003-08-09,43.13787234042553,32.76815602836879,8.580709219858155,7.509645390070922,4.6965957446808515,
2003-08-10,43.13787234042553,32.76815602836879,8.580709219858155,7.509645390070922,4.6965957446808515,
2003-08-11,43.13787234042553,32.76815602836879,8.580709219858155,7.509645390070922,4.6965957446808515,
2003-08-12,43.14576271186441,32.75642655367231,8.590960451977402,7.507485875706215,4.69364406779661,
2003-08-13,43.14576271186441,32.75642655367231,8.590960451977402,7.507485875706215,4.69364406779661,
2003-08-14,43.153586497890295,32.75323488045007,8.59690576652602,7.50112517580872,4.69493670886076,
2003-08-15,43.161344537815125,32.74166666666667,8.602801120448179,7.503221288515406,4.68781512605042,
2003-08-16,43.161344537815125,32.74166666666667,8.602801120448179,7.503221288515406,4.68781512605042,
2003-08-17,43.161344537815125,32.74166666666667,8.602801120448179,7.503221288515406,4.68781512605042,
2003-08-18,43.161344537815125,32.74166666666667,8.602801120448179,7.503221288515406,4.68781512605042,
2003-08-19,43.16066945606694,32.73019525801953,8.612831241283125,7.505299860529986,4.684937238493724,
2003-08-20,43.16291666666667,32.72298611111111,8.618194444444445,7.505694444444444,4.683333333333334,
2003-08-21,43.16639004149378,32.71583679114799,8.62392807745505,7.5035961272475795,4.680497925311204,
2003-08-22,43.17603305785124,32.70668044077135,8.629614325068871,7.499449035812671,4.677685950413223,
2003-08-23,43.17603305785124,32.70668044077135,8.629614325068871,7.499449035812671,4.677685950413223,
2003-08-24,43.17603305785124,32.70668044077135,8.629614325068871,7.499449035812671,4.677685950413223,
2003-08-25,43.17603305785124,32.70668044077135,8.629614325068871,7.499449035812671,4.677685950413223,
2003-08-26,43.17942386831276,32.69554183813443,8.639368998628258,7.497393689986282,4.674897119341564,
2003-08-27,43.19098360655738,32.68039617486339,8.649043715846995,7.499453551912568,4.668032786885246,
2003-08-28,43.198367346938774,32.66945578231292,8.658639455782314,7.497414965986394,4.66530612244898,
2003-08-29,43.20975609756098,32.65860433604336,8.66409214092141,7.491327913279132,4.662601626016261,
2003-08-30,43.20975609756098,32.65860433604336,8.66409214092141,7.491327913279132,4.662601626016261,
2003-08-31,43.20975609756098,32.65860433604336,8.66409214092141,7.491327913279132,4.662601626016261,
2003-09-01,43.20975609756098,32.65860433604336,8.66409214092141,7.491327913279132,4.662601626016261,
2003-09-02,43.212955465587044,32.647840755735494,8.673549257759785,7.489338731443994,4.659919028340081,
2003-09-03,43.212955465587044,32.647840755735494,8.673549257759785,7.489338731443994,4.659919028340081,
2003-09-04,43.21612903225807,32.64119623655914,8.682930107526882,7.4833333333333325,4.661290322580645,
2003-09-05,43.22730923694779,32.62657295850067,8.688219544846051,7.477376171352074,4.658634538152611,
2003-09-06,43.22730923694779,32.62657295850067,8.688219544846051,7.477376171352074,4.658634538152611,
2003-09-07,43.22730923694779,32.62657295850067,8.688219544846051,7.477376171352074,4.658634538152611,
2003-09-08,43.22730923694779,32.62657295850067,8.688219544846051,7.477376171352074,4.658634538152611,
2003-09-09,43.2344,32.61606666666667,8.701466666666667,7.475466666666666,4.652,
2003-09-10,43.2344,32.61606666666667,8.701466666666667,7.475466666666666,4.652,
2003-09-11,43.245418326693226,32.601660026560424,8.7066401062417,7.4735723771580345,4.653386454183267,
2003-09-12,43.25436507936508,32.59133597883598,8.70978835978836,7.469708994708994,4.650793650793651,
2003-09-13,43.25436507936508,32.59133597883598,8.70978835978836,7.469708994708994,4.650793650793651,
2003-09-14,43.25436507936508,32.59133597883598,8.70978835978836,7.469708994708994,4.650793650793651,
2003-09-15,43.25436507936508,32.59133597883598,8.70978835978836,7.469708994708994,4.650793650793651,
2003-09-16,43.26521739130435,32.58109354413702,8.718840579710145,7.467852437417655,4.644268774703558,
2003-09-17,43.27145669291339,32.56856955380577,8.725262467191602,7.469750656167979,4.640944881889763,
2003-09-18,43.282156862745104,32.55849673202614,8.730261437908498,7.463986928104575,4.642352941176471,
2003-09-19,43.2927734375,32.544596354166664,8.735221354166667,7.462174479166666,4.63984375,
2003-09-20,43.2927734375,32.544596354166664,8.735221354166667,7.462174479166666,4.63984375,
2003-09-21,43.2927734375,32.544596354166664,8.735221354166667,7.462174479166666,4.63984375,
2003-09-22,43.2927734375,32.544596354166664,8.735221354166667,7.462174479166666,4.63984375,
2003-09-23,43.30719844357977,32.5269130998703,8.744033722438392,7.460376134889754,4.633463035019455,
2003-09-24,43.30719844357977,32.5269130998703,8.744033722438392,7.460376134889754,4.633463035019455,
2003-09-25,43.31763565891473,32.513242894056845,8.752777777777778,7.454715762273902,4.634883720930232,
2003-09-26,43.33571428571429,32.49581724581724,8.761454311454312,7.449099099099099,4.632432432432433,
2003-09-27,43.33571428571429,32.49581724581724,8.761454311454312,7.449099099099099,4.632432432432433,
2003-09-28,43.33571428571429,32.49581724581724,8.761454311454312,7.449099099099099,4.632432432432433,
2003-09-29,43.33571428571429,32.49581724581724,8.761454311454312,7.449099099099099,4.632432432432433,
2003-09-30,43.361346153846156,32.47083333333333,8.773910256410257,7.443525641025641,4.626153846153846,
2003-10-01,43.361346153846156,32.47083333333333,8.773910256410257,7.443525641025641,4.626153846153846,
2003-10-02,43.382950191570885,32.44987228607918,8.786270753512133,7.434163473818646,4.623754789272031,
2003-10-03,43.40820610687023,32.42907124681933,8.79472010178117,7.424872773536896,4.617557251908397,
2003-10-04,43.40820610687023,32.42907124681933,8.79472010178117,7.424872773536896,4.617557251908397,
2003-10-05,43.40820610687023,32.42907124681933,8.79472010178117,7.424872773536896,4.617557251908397,
2003-10-06,43.40820610687023,32.42907124681933,8.79472010178117,7.424872773536896,4.617557251908397,
2003-10-07,43.43326996197719,32.40462610899873,8.803105196451204,7.419455006337135,4.615209125475285,
2003-10-08,43.43326996197719,32.40462610899873,8.803105196451204,7.419455006337135,4.615209125475285,
2003-10-09,43.45814393939394,32.38415404040404,8.811426767676767,7.410290404040404,4.612878787878787,
2003-10-10,43.477169811320756,32.36761006289308,8.817798742138365,7.403081761006289,4.606792452830189,
2003-10-11,43.477169811320756,32.36761006289308,8.817798742138365,7.403081761006289,4.606792452830189,
2003-10-12,43.477169811320756,32.36761006289308,8.817798742138365,7.403081761006289,4.606792452830189,
2003-10-13,43.477169811320756,32.36761006289308,8.817798742138365,7.403081761006289,4.606792452830189,
2003-10-14,43.505451127819555,32.33991228070175,8.826002506265665,7.397807017543859,4.604511278195488,
2003-10-15,43.517790262172284,32.31953807740325,8.834893882646691,7.399313358302122,4.603370786516853,
2003-10-16,43.538246268656714,32.29968905472637,8.84297263681592,7.394092039800995,4.601119402985074,
2003-10-17,43.562267657992564,32.27627013630732,8.850991325898388,7.385192069392812,4.595167286245353,
2003-10-18,43.562267657992564,32.27627013630732,8.850991325898388,7.385192069392812,4.595167286245353,
2003-10-19,43.562267657992564,32.27627013630732,8.850991325898388,7.385192069392812,4.595167286245353,
2003-10-20,43.562267657992564,32.27627013630732,8.850991325898388,7.385192069392812,4.595167286245353,
2003-10-21,43.589814814814815,32.24932098765432,8.85895061728395,7.380061728395061,4.592962962962963,
2003-10-22,43.61346863468635,32.22257072570726,8.870541205412053,7.374969249692496,4.587084870848708,
2003-10-23,43.635110294117645,32.19969362745098,8.880208333333332,7.371752450980392,4.58125,
2003-10-24,43.654761904761905,32.18064713064713,8.886141636141636,7.366727716727716,4.577289377289377,
2003-10-25,43.654761904761905,32.18064713064713,8.886141636141636,7.366727716727716,4.577289377289377,
2003-10-26,43.654761904761905,32.18064713064713,8.886141636141636,7.366727716727716,4.577289377289377,
2003-10-27,43.654761904761905,32.18064713064713,8.886141636141636,7.366727716727716,4.577289377289377,
2003-10-28,43.681569343065696,32.15079075425791,8.893856447688563,7.365389294403893,4.575182481751824,
2003-10-29,43.681569343065696,32.15079075425791,8.893856447688563,7.365389294403893,4.575182481751824,
2003-10-30,43.70454545454545,32.124787878787885,8.90151515151515,7.3640606060606055,4.573090909090909,
2003-10-31,43.73097826086956,32.095350241545894,8.909118357487921,7.359118357487922,4.571014492753623,
2003-11-01,43.73097826086956,32.095350241545894,8.909118357487921,7.359118357487922,4.571014492753623,
2003-11-02,43.73097826086956,32.095350241545894,8.909118357487921,7.359118357487922,4.571014492753623,
2003-11-03,43.73097826086956,32.095350241545894,8.909118357487921,7.359118357487922,4.571014492753623,
2003-11-04,43.73097826086956,32.095350241545894,8.909118357487921,7.359118357487922,4.571014492753623,
2003-11-05,43.7572202166065,32.06251504211793,8.916666666666666,7.354211793020457,4.572563176895306,
2003-11-06,43.77607913669065,32.0371103117506,8.924160671462829,7.352937649880095,4.570503597122302,
2003-11-07,43.801971326164875,32.00830346475508,8.928016726403822,7.3516726403823185,4.568458781362007,
2003-11-08,43.801971326164875,32.00830346475508,8.928016726403822,7.3516726403823185,4.568458781362007,
2003-11-09,43.801971326164875,32.00830346475508,8.928016726403822,7.3516726403823185,4.568458781362007,
2003-11-10,43.801971326164875,32.00830346475508,8.928016726403822,7.3516726403823185,4.568458781362007,
2003-11-11,43.82053571428571,31.983273809523812,8.935416666666667,7.346845238095239,4.569999999999999,
2003-11-12,43.83149466192171,31.962336892052193,8.943119810201662,7.347034400948992,4.570818505338079,
2003-11-13,43.85336879432624,31.934101654846334,8.950413711583925,7.342257683215131,4.572340425531915,
2003-11-14,43.87155477031802,31.916666666666664,8.955889281507657,7.3357479387514735,4.570318021201413,
2003-11-15,43.87155477031802,31.916666666666664,8.955889281507657,7.3357479387514735,4.570318021201413,
2003-11-16,43.87155477031802,31.916666666666664,8.955889281507657,7.3357479387514735,4.570318021201413,
2003-11-17,43.87155477031802,31.916666666666664,8.955889281507657,7.3357479387514735,4.570318021201413,
2003-11-18,43.88609154929577,31.892312206572768,8.963086854460094,7.334565727699531,4.5718309859154935,
2003-11-19,43.88609154929577,31.892312206572768,8.963086854460094,7.334565727699531,4.5718309859154935,
2003-11-20,43.907543859649124,31.864619883040934,8.966725146198831,7.333391812865498,4.573333333333333,
2003-11-21,43.92534965034965,31.844114219114218,8.9738344988345,7.332226107226108,4.5695804195804195,
2003-11-22,43.92534965034965,31.844114219114218,8.9738344988345,7.332226107226108,4.5695804195804195,
2003-11-23,43.92534965034965,31.844114219114218,8.9738344988345,7.332226107226108,4.5695804195804195,
2003-11-24,43.92534965034965,31.844114219114218,8.9738344988345,7.332226107226108,4.5695804195804195,
2003-11-25,43.936062717770035,31.82375145180023,8.98089430894309,7.331068524970965,4.571080139372823,
2003-11-26,43.936062717770035,31.82375145180023,8.98089430894309,7.331068524970965,4.571080139372823,
2003-11-27,43.95017361111111,31.80353009259259,8.984432870370371,7.329918981481482,4.5725694444444445,
2003-11-28,43.9659169550173,31.790369088811993,8.989677047289504,7.325317185697809,4.5688581314878896,
2003-11-29,43.9659169550173,31.790369088811993,8.989677047289504,7.325317185697809,4.5688581314878896,
2003-11-30,43.9659169550173,31.790369088811993,8.989677047289504,7.325317185697809,4.5688581314878896,
2003-12-01,43.9659169550173,31.790369088811993,8.989677047289504,7.325317185697809,4.5688581314878896,
2003-12-02,43.979827586206895,31.770402298850573,8.9966091954023,7.324195402298852,4.566896551724138,
2003-12-03,43.979827586206895,31.770402298850573,8.9966091954023,7.324195402298852,4.566896551724138,
2003-12-04,43.99707903780069,31.750572737686138,9.000057273768615,7.3230813287514325,4.5683848797250866,
2003-12-05,44.021061643835615,31.730878995433788,9.003481735159818,7.318550228310503,4.5630136986301375,
2003-12-06,44.021061643835615,31.730878995433788,9.003481735159818,7.318550228310503,4.5630136986301375,
2003-12-07,44.021061643835615,31.730878995433788,9.003481735159818,7.318550228310503,4.5630136986301375,
2003-12-08,44.021061643835615,31.730878995433788,9.003481735159818,7.318550228310503,4.5630136986301375,
2003-12-09,44.03464163822525,31.7113196814562,9.010295790671218,7.314050056882822,4.5645051194539255,
2003-12-10,44.03464163822525,31.7113196814562,9.010295790671218,7.314050056882822,4.5645051194539255,
2003-12-11,44.05493197278911,31.68849206349206,9.013662131519276,7.312981859410431,4.562585034013606,
2003-12-12,44.071694915254234,31.67090395480226,9.017005649717515,7.3085310734463285,4.560677966101696,
2003-12-13,44.071694915254234,31.67090395480226,9.017005649717515,7.3085310734463285,4.560677966101696,
2003-12-14,44.071694915254234,31.67090395480226,9.017005649717515,7.3085310734463285,4.560677966101696,
2003-12-15,44.071694915254234,31.67090395480226,9.017005649717515,7.3085310734463285,4.560677966101696,
2003-12-16,44.08158783783784,31.655123873873872,9.023704954954956,7.30748873873874,4.562162162162163,
2003-12-17,44.09276094276094,31.634399551066217,9.031705948372615,7.309147025813692,4.562962962962963,
2003-12-18,44.107550335570465,31.61717002237136,9.036633109619686,7.3081096196868005,4.562751677852349,
2003-12-19,44.12391304347826,31.59838350055741,9.043199554069119,7.303734671125976,4.560869565217391,
2003-12-20,44.12391304347826,31.59838350055741,9.043199554069119,7.303734671125976,4.560869565217391,
2003-12-21,44.12391304347826,31.59838350055741,9.043199554069119,7.303734671125976,4.560869565217391,
2003-12-22,44.140166666666666,31.586388888888887,9.046388888888888,7.299388888888888,4.559,
2003-12-23,44.140166666666666,31.586388888888887,9.046388888888888,7.299388888888888,4.559,
2003-12-24,44.140166666666666,31.586388888888887,9.046388888888888,7.299388888888888,4.559,
2003-12-25,44.140166666666666,31.586388888888887,9.046388888888888,7.299388888888888,4.559,
2003-12-26,44.140166666666666,31.586388888888887,9.046388888888888,7.299388888888888,4.559,
2003-12-27,44.140166666666666,31.586388888888887,9.046388888888888,7.299388888888888,4.559,
2003-12-28,44.140166666666666,31.586388888888887,9.046388888888888,7.299388888888888,4.559,
2003-12-29,44.140166666666666,31.586388888888887,9.046388888888888,7.299388888888888,4.559,
2003-12-30,44.140166666666666,31.586388888888887,9.046388888888888,7.299388888888888,4.559,
2003-12-31,44.1563122923588,31.57115171650055,9.052879291251383,7.295071982281285,4.557142857142857,
2004-01-01,44.16903973509933,31.559326710816777,9.056015452538631,7.290783664459161,4.555298013245033,
2004-01-02,44.16903973509933,31.559326710816777,9.056015452538631,7.290783664459161,4.555298013245033,
2004-01-03,44.16903973509933,31.559326710816777,9.056015452538631,7.290783664459161,4.555298013245033,
2004-01-04,44.16903973509933,31.559326710816777,9.056015452538631,7.290783664459161,4.555298013245033,
2004-01-05,44.16903973509933,31.559326710816777,9.056015452538631,7.290783664459161,4.555298013245033,
2004-01-06,44.18168316831683,31.547579757975797,9.059130913091309,7.286523652365236,4.5534653465346535,
2004-01-07,44.18168316831683,31.547579757975797,9.059130913091309,7.286523652365236,4.5534653465346535,
2004-01-08,44.19095394736842,31.532620614035086,9.062225877192981,7.285581140350877,4.554934210526316,
2004-01-09,44.20344262295082,31.514480874316938,9.065300546448087,7.284644808743169,4.556393442622951,
2004-01-10,44.20344262295082,31.514480874316938,9.065300546448087,7.284644808743169,4.556393442622951,
2004-01-11,44.20344262295082,31.514480874316938,9.065300546448087,7.284644808743169,4.556393442622951,
2004-01-12,44.20344262295082,31.514480874316938,9.065300546448087,7.284644808743169,4.556393442622951,
2004-01-13,44.21584967320261,31.499727668845313,9.071623093681916,7.280446623093682,4.557843137254902,
2004-01-14,44.21584967320261,31.499727668845313,9.071623093681916,7.280446623093682,4.557843137254902,
2004-01-15,44.22817589576547,31.485070575461453,9.074647122692724,7.279533116178067,4.55928338762215,
2004-01-16,44.24042207792208,31.470508658008654,9.079274891774892,7.275378787878788,4.5590909090909095,
2004-01-17,44.24042207792208,31.470508658008654,9.079274891774892,7.275378787878788,4.5590909090909095,
2004-01-18,44.24042207792208,31.470508658008654,9.079274891774892,7.275378787878788,4.5590909090909095,
2004-01-19,44.24042207792208,31.470508658008654,9.079274891774892,7.275378787878788,4.5590909090909095,
2004-01-20,44.255825242718444,31.452804746494063,9.082254584681769,7.274487594390507,4.557281553398059,
2004-01-21,44.255825242718444,31.452804746494063,9.082254584681769,7.274487594390507,4.557281553398059,
2004-01-22,44.26790322580645,31.43360215053763,9.088440860215053,7.275215053763441,4.557096774193549,
2004-01-23,44.276688102893885,31.412915326902464,9.097802786709538,7.2775455519828505,4.558520900321543,
2004-01-24,44.276688102893885,31.412915326902464,9.097802786709538,7.2775455519828505,4.558520900321543,
2004-01-25,44.276688102893885,31.412915326902464,9.097802786709538,7.2775455519828505,4.558520900321543,
2004-01-26,44.276688102893885,31.412915326902464,9.097802786709538,7.2775455519828505,4.558520900321543,
2004-01-27,44.29503205128205,31.38915598290598,9.097489316239315,7.279861111111111,4.5599358974358974,
2004-01-28,44.30335463258786,31.369701810436638,9.102289669861555,7.281842385516507,4.561980830670927,
2004-01-29,44.31831210191083,31.349416135881107,9.108333333333334,7.280944798301486,4.563375796178344,
2004-01-30,44.330000000000005,31.32925925925926,9.114338624338625,7.283227513227513,4.564761904761905,
2004-01-31,44.330000000000005,31.32925925925926,9.114338624338625,7.283227513227513,4.564761904761905,
2004-02-01,44.330000000000005,31.32925925925926,9.114338624338625,7.283227513227513,4.564761904761905,
2004-02-02,44.330000000000005,31.32925925925926,9.114338624338625,7.283227513227513,4.564761904761905,
2004-02-03,44.34477848101266,31.306065400843885,9.117141350210971,7.2854957805907175,4.566139240506329,
2004-02-04,44.34477848101266,31.306065400843885,9.117141350210971,7.2854957805907175,4.566139240506329,
2004-02-05,44.356309148264984,31.28932702418507,9.123080967402734,7.284595162986331,4.567507886435331,
2004-02-06,44.370911949685535,31.26640461215933,9.128983228511531,7.286844863731656,4.568867924528302,
2004-02-07,44.370911949685535,31.26640461215933,9.128983228511531,7.286844863731656,4.568867924528302,
2004-02-08,44.370911949685535,31.26640461215933,9.128983228511531,7.286844863731656,4.568867924528302,
2004-02-09,44.370911949685535,31.26640461215933,9.128983228511531,7.286844863731656,4.568867924528302,
2004-02-10,44.379153605015674,31.24989550679206,9.134848484848485,7.289080459770115,4.567084639498433,
2004-02-11,44.39359375,31.227239583333336,9.140677083333333,7.288177083333333,4.5684375,
2004-02-12,44.39359375,31.227239583333336,9.140677083333333,7.288177083333333,4.5684375,
2004-02-13,44.40482866043614,31.21251298026999,9.14491173416407,7.285721703011423,4.568224299065421,
2004-02-14,44.40482866043614,31.21251298026999,9.14491173416407,7.285721703011423,4.568224299065421,
2004-02-15,44.40482866043614,31.21251298026999,9.14491173416407,7.285721703011423,4.568224299065421,
2004-02-16,44.40482866043614,31.21251298026999,9.14491173416407,7.285721703011423,4.568224299065421,
2004-02-17,44.41288819875776,31.196325051759835,9.150672877846791,7.284834368530021,4.569565217391305,
2004-02-18,44.4233746130031,31.174664602683176,9.15454076367389,7.288286893704851,4.571517027863777,
2004-02-19,44.432870370370374,31.15406378600823,9.161779835390947,7.289711934156379,4.5720679012345675,
2004-02-20,44.44076923076923,31.135128205128204,9.167435897435897,7.294974358974359,4.573384615384615,
2004-02-21,44.44076923076923,31.135128205128204,9.167435897435897,7.294974358974359,4.573384615384615,
2004-02-22,44.44076923076923,31.135128205128204,9.167435897435897,7.294974358974359,4.573384615384615,
2004-02-23,44.44076923076923,31.135128205128204,9.167435897435897,7.294974358974359,4.573384615384615,
2004-02-24,44.44861963190184,31.119376278118608,9.173057259713701,7.294069529652352,4.574693251533742,
2004-02-25,44.44861963190184,31.119376278118608,9.173057259713701,7.294069529652352,4.574693251533742,
2004-02-26,44.45948012232416,31.09760448521916,9.178644240570845,7.293170234454639,4.575993883792049,
2004-02-27,44.4672256097561,31.079014227642276,9.184197154471544,7.298373983739838,4.5772865853658535,
2004-02-28,44.4672256097561,31.079014227642276,9.184197154471544,7.298373983739838,4.5772865853658535,
2004-02-29,44.4672256097561,31.079014227642276,9.184197154471544,7.298373983739838,4.5772865853658535,
2004-03-01,44.4672256097561,31.079014227642276,9.184197154471544,7.298373983739838,4.5772865853658535,
2004-03-02,44.474924012158056,31.063576494427558,9.19275582573455,7.300506585612969,4.575531914893617,
2004-03-03,44.474924012158056,31.063576494427558,9.19275582573455,7.300506585612969,4.575531914893617,
2004-03-04,44.48560606060606,31.042171717171716,9.198232323232324,7.302626262626263,4.576818181818181,
2004-03-05,44.50075528700906,31.026938569989927,9.202165156092649,7.29718026183283,4.576586102719033,
2004-03-06,44.50075528700906,31.026938569989927,9.202165156092649,7.29718026183283,4.576586102719033,
2004-03-07,44.50075528700906,31.026938569989927,9.202165156092649,7.29718026183283,4.576586102719033,
2004-03-08,44.50075528700906,31.026938569989927,9.202165156092649,7.29718026183283,4.576586102719033,
2004-03-09,44.51430722891566,31.008785140562246,9.210592369477911,7.293273092369478,4.574849397590361,
2004-03-10,44.51430722891566,31.008785140562246,9.210592369477911,7.293273092369478,4.574849397590361,
2004-03-11,44.51430722891566,31.008785140562246,9.210592369477911,7.293273092369478,4.574849397590361,
2004-03-12,44.52927927927928,30.987737737737735,9.215965965965966,7.290890890890891,4.576126126126126,
2004-03-13,44.52927927927928,30.987737737737735,9.215965965965966,7.290890890890891,4.576126126126126,
2004-03-14,44.52927927927928,30.987737737737735,9.215965965965966,7.290890890890891,4.576126126126126,
2004-03-15,44.52927927927928,30.987737737737735,9.215965965965966,7.290890890890891,4.576126126126126,
2004-03-16,44.54266467065868,30.969810379241515,9.224301397205588,7.287025948103793,4.577395209580838,
2004-03-17,44.55059701492537,30.948407960199006,9.23228855721393,7.289452736318408,4.5780597014925375,
2004-03-18,44.563095238095244,30.92996031746032,9.237549603174603,7.287103174603175,4.579315476190477,
2004-03-19,44.573293768545994,30.919782393669635,9.242779426310584,7.281800197823936,4.57759643916914,
2004-03-20,44.573293768545994,30.919782393669635,9.242779426310584,7.281800197823936,4.57759643916914,
2004-03-21,44.573293768545994,30.919782393669635,9.242779426310584,7.281800197823936,4.57759643916914,
2004-03-22,44.573293768545994,30.919782393669635,9.242779426310584,7.281800197823936,4.57759643916914,
2004-03-23,44.58343195266272,30.905226824457596,9.25093688362919,7.278007889546351,4.578846153846154,
2004-03-24,44.58343195266272,30.905226824457596,9.25093688362919,7.278007889546351,4.578846153846154,
2004-03-25,44.59646017699115,30.884857423795477,9.25904621435595,7.274237954768928,4.580088495575222,
2004-03-26,44.6064705882353,30.870490196078432,9.264166666666666,7.270490196078431,4.581323529411765,
2004-03-27,44.6064705882353,30.870490196078432,9.264166666666666,7.270490196078431,4.581323529411765,
2004-03-28,44.6064705882353,30.870490196078432,9.264166666666666,7.270490196078431,4.581323529411765,
2004-03-29,44.6064705882353,30.870490196078432,9.264166666666666,7.270490196078431,4.581323529411765,
2004-03-30,44.613489736070385,30.859139784946237,9.269257086999023,7.2667644183773215,4.582551319648094,
2004-03-31,44.613489736070385,30.859139784946237,9.269257086999023,7.2667644183773215,4.582551319648094,
2004-04-01,44.6233918128655,30.844931773879143,9.274317738791423,7.2630604288499026,4.583771929824562,
2004-04-02,44.63177842565598,30.836637512147718,9.277891156462585,7.259378036929057,4.583527696793003,
2004-04-03,44.63177842565598,30.836637512147718,9.277891156462585,7.259378036929057,4.583527696793003,
2004-04-04,44.63177842565598,30.836637512147718,9.277891156462585,7.259378036929057,4.583527696793003,
2004-04-05,44.63177842565598,30.836637512147718,9.277891156462585,7.259378036929057,4.583527696793003,
2004-04-06,44.63866279069768,30.825484496124034,9.282897286821706,7.255717054263566,4.584738372093024,
2004-04-07,44.63866279069768,30.825484496124034,9.282897286821706,7.255717054263566,4.584738372093024,
2004-04-08,44.64260869565218,30.814396135265703,9.287874396135265,7.254975845410628,4.5859420289855075,
2004-04-09,44.64260869565218,30.814396135265703,9.287874396135265,7.254975845410628,4.5859420289855075,
2004-04-10,44.64260869565218,30.814396135265703,9.287874396135265,7.254975845410628,4.5859420289855075,
2004-04-11,44.64260869565218,30.814396135265703,9.287874396135265,7.254975845410628,4.5859420289855075,
2004-04-12,44.64260869565218,30.814396135265703,9.287874396135265,7.254975845410628,4.5859420289855075,
2004-04-13,44.64942196531792,30.80626204238921,9.292822736030828,7.251348747591522,4.5871387283236995,
2004-04-14,44.64942196531792,30.80626204238921,9.292822736030828,7.251348747591522,4.5871387283236995,
2004-04-15,44.65619596541787,30.79529298751201,9.29774255523535,7.247742555235351,4.588328530259366,
2004-04-16,44.66005747126437,30.784386973180077,9.302634099616858,7.247030651340996,4.589511494252874,
2004-04-17,44.66005747126437,30.784386973180077,9.302634099616858,7.247030651340996,4.589511494252874,
2004-04-18,44.66005747126437,30.784386973180077,9.302634099616858,7.247030651340996,4.589511494252874,
2004-04-19,44.66005747126437,30.784386973180077,9.302634099616858,7.247030651340996,4.589511494252874,
2004-04-20,44.66676217765043,30.773543457497613,9.307497612225406,7.2434574976122255,4.590687679083095,
2004-04-21,44.67371428571428,30.75561904761905,9.313761904761904,7.246476190476191,4.592714285714286,
2004-04-22,44.678917378917376,30.74207027540361,9.318566001899335,7.247198480531814,4.593874643874644,
2004-04-23,44.6845643939394,30.733333333333334,9.322395833333333,7.2436553030303035,4.594081439393939,
2004-04-24,44.6845643939394,30.733333333333334,9.322395833333333,7.2436553030303035,4.594081439393939,
2004-04-25,44.6845643939394,30.733333333333334,9.322395833333333,7.2436553030303035,4.594081439393939,
2004-04-26,44.6845643939394,30.733333333333334,9.322395833333333,7.2436553030303035,4.594081439393939,
2004-04-27,44.69112370160529,30.72275731822474,9.329981114258734,7.240132200188858,4.592398489140699,
2004-04-28,44.69112370160529,30.72275731822474,9.329981114258734,7.240132200188858,4.592398489140699,
2004-04-29,44.69112370160529,30.72275731822474,9.329981114258734,7.240132200188858,4.592398489140699,
2004-04-30,44.69764595103578,30.710828625235404,9.33469868173258,7.238041431261771,4.593549905838041,
2004-05-01,44.69764595103578,30.710828625235404,9.33469868173258,7.238041431261771,4.593549905838041,
2004-05-02,44.69764595103578,30.710828625235404,9.33469868173258,7.238041431261771,4.593549905838041,
2004-05-03,44.69764595103578,30.710828625235404,9.33469868173258,7.238041431261771,4.593549905838041,
2004-05-04,44.70131455399061,30.70037558685446,9.339389671361502,7.23737089201878,4.594694835680751,
2004-05-05,44.70131455399061,30.70037558685446,9.339389671361502,7.23737089201878,4.594694835680751,
2004-05-06,44.70131455399061,30.70037558685446,9.339389671361502,7.23737089201878,4.594694835680751,
2004-05-07,44.706367041198504,30.68998127340824,9.345458801498127,7.235299625468166,4.594428838951311,
2004-05-08,44.706367041198504,30.68998127340824,9.345458801498127,7.235299625468166,4.594428838951311,
2004-05-09,44.706367041198504,30.68998127340824,9.345458801498127,7.235299625468166,4.594428838951311,
2004-05-10,44.706367041198504,30.68998127340824,9.345458801498127,7.235299625468166,4.594428838951311,
2004-05-11,44.709990662931844,30.679645191409897,9.350093370681606,7.234640522875818,4.595564892623716,
2004-05-12,44.709990662931844,30.679645191409897,9.350093370681606,7.234640522875818,4.595564892623716,
2004-05-13,44.71918063314712,30.66657355679702,9.351908752327747,7.231191806331472,4.599487895716946,
2004-05-14,44.726926648096565,30.65636025998143,9.356499535747446,7.2291550603528325,4.597818012999071,
2004-05-15,44.726926648096565,30.65636025998143,9.356499535747446,7.2291550603528325,4.597818012999071,
2004-05-16,44.726926648096565,30.65636025998143,9.356499535747446,7.2291550603528325,4.597818012999071,
2004-05-17,44.726926648096565,30.65636025998143,9.356499535747446,7.2291550603528325,4.597818012999071,
2004-05-18,44.73324074074074,30.643425925925925,9.363842592592592,7.225740740740742,4.5989351851851845,
2004-05-19,44.74048938134811,30.627100646352723,9.369621421975992,7.226361957525392,4.598799630655587,
2004-05-20,44.746731123388585,30.614318600368325,9.374125230202578,7.222974217311234,4.602670349907919,
2004-05-21,44.75293847566575,30.601606978879705,9.378604224058769,7.219605142332415,4.60376492194674,
2004-05-22,44.75293847566575,30.601606978879705,9.378604224058769,7.219605142332415,4.60376492194674,
2004-05-23,44.75293847566575,30.601606978879705,9.378604224058769,7.219605142332415,4.60376492194674,
2004-05-24,44.75293847566575,30.601606978879705,9.378604224058769,7.219605142332415,4.60376492194674,
2004-05-25,44.75636446886447,30.5889652014652,9.385805860805862,7.219001831501831,4.60485347985348,
2004-05-26,44.75636446886447,30.5889652014652,9.385805860805862,7.219001831501831,4.60485347985348,
2004-05-27,44.75636446886447,30.5889652014652,9.385805860805862,7.219001831501831,4.60485347985348,
2004-05-28,44.76251141552512,30.58187214611872,9.387488584474886,7.21703196347032,4.604566210045662,
2004-05-29,44.76251141552512,30.58187214611872,9.387488584474886,7.21703196347032,4.604566210045662,
2004-05-30,44.76251141552512,30.58187214611872,9.387488584474886,7.21703196347032,4.604566210045662,
2004-05-31,44.76251141552512,30.58187214611872,9.387488584474886,7.21703196347032,4.604566210045662,
2004-06-01,44.77135701275045,30.572085610200364,9.389162112932604,7.21643897996357,4.602914389799636,
2004-06-02,44.77135701275045,30.572085610200364,9.389162112932604,7.21643897996357,4.602914389799636,
2004-06-03,44.77135701275045,30.572085610200364,9.389162112932604,7.21643897996357,4.602914389799636,
2004-06-04,44.776067211625794,30.56099000908265,9.39355131698456,7.214486830154405,4.603996366939146,
2004-06-05,44.776067211625794,30.56099000908265,9.39355131698456,7.214486830154405,4.603996366939146,
2004-06-06,44.776067211625794,30.56099000908265,9.39355131698456,7.214486830154405,4.603996366939146,
2004-06-07,44.776067211625794,30.56099000908265,9.39355131698456,7.214486830154405,4.603996366939146,
2004-06-08,44.77939311594203,30.55403079710145,9.397916666666667,7.213903985507247,4.605072463768116,
2004-06-09,44.77939311594203,30.55403079710145,9.397916666666667,7.213903985507247,4.605072463768116,
2004-06-10,44.77939311594203,30.55403079710145,9.397916666666667,7.213903985507247,4.605072463768116,
2004-06-11,44.78541102077687,30.543044263775972,9.400903342366757,7.2146793134598015,4.606142728093948,
2004-06-12,44.78541102077687,30.543044263775972,9.400903342366757,7.2146793134598015,4.606142728093948,
2004-06-13,44.78541102077687,30.543044263775972,9.400903342366757,7.2146793134598015,4.606142728093948,
2004-06-14,44.78541102077687,30.543044263775972,9.400903342366757,7.2146793134598015,4.606142728093948,
2004-06-15,44.78599099099099,30.533468468468467,9.407927927927927,7.214099099099099,4.607207207207208,
2004-06-16,44.78899371069183,30.518553459119495,9.411680143755614,7.215947888589398,4.609344115004492,
2004-06-17,44.79493727598567,30.50640681003584,9.41594982078853,7.215367383512545,4.610394265232975,
2004-06-18,44.79548704200179,30.488963360142986,9.422877569258265,7.217470956210903,4.614119749776586,
2004-06-19,44.79548704200179,30.488963360142986,9.422877569258265,7.217470956210903,4.614119749776586,
2004-06-20,44.79548704200179,30.488963360142986,9.422877569258265,7.217470956210903,4.614119749776586,
2004-06-21,44.79548704200179,30.488963360142986,9.422877569258265,7.217470956210903,4.614119749776586,
2004-06-22,44.79603386809269,30.47161319073084,9.432442067736185,7.219563279857398,4.617825311942958,
2004-06-23,44.79603386809269,30.47161319073084,9.432442067736185,7.219563279857398,4.617825311942958,
2004-06-24,44.79924444444445,30.45702222222222,9.437955555555556,7.220311111111111,4.620177777777777,
2004-06-25,44.80110815602837,30.44383865248227,9.444769503546098,7.219725177304965,4.622517730496454,
2004-06-26,44.80110815602837,30.44383865248227,9.444769503546098,7.219725177304965,4.622517730496454,
2004-06-27,44.80110815602837,30.44383865248227,9.444769503546098,7.219725177304965,4.622517730496454,
2004-06-28,44.80110815602837,30.44383865248227,9.444769503546098,7.219725177304965,4.622517730496454,
2004-06-29,44.80163572060124,30.426746242263484,9.451547303271441,7.221794871794872,4.626171529619805,
2004-06-30,44.80163572060124,30.426746242263484,9.451547303271441,7.221794871794872,4.626171529619805,
2004-07-01,44.80216049382716,30.412389770723102,9.460934744268076,7.22120811287478,4.629805996472663,
2004-07-02,44.802682497801236,30.39283201407212,9.470272647317502,7.220624450307828,4.636059806508356,
2004-07-03,44.802682497801236,30.39283201407212,9.470272647317502,7.220624450307828,4.636059806508356,
2004-07-04,44.802682497801236,30.39283201407212,9.470272647317502,7.220624450307828,4.636059806508356,
2004-07-05,44.802682497801236,30.39283201407212,9.470272647317502,7.220624450307828,4.636059806508356,
2004-07-06,44.80320175438597,30.376008771929826,9.476929824561402,7.22530701754386,4.639649122807017,
2004-07-07,44.80320175438597,30.376008771929826,9.476929824561402,7.22530701754386,4.639649122807017,
2004-07-08,44.80371828521435,30.359273840769905,9.486176727909012,7.227340332458443,4.643219597550306,
2004-07-09,44.80684991273996,30.34524432809773,9.492757417102966,7.226745200698081,4.644153577661431,
2004-07-10,44.80684991273996,30.34524432809773,9.492757417102966,7.226745200698081,4.644153577661431,
2004-07-11,44.80684991273996,30.34524432809773,9.492757417102966,7.226745200698081,4.644153577661431,
2004-07-12,44.80735422106179,30.326066144473455,9.501914708442124,7.22615317667537,4.650304612706702,
2004-07-13,44.810460069444446,30.30698784722222,9.508420138888889,7.228168402777778,4.653819444444444,
2004-07-14,44.810460069444446,30.30698784722222,9.508420138888889,7.228168402777778,4.653819444444444,
2004-07-15,44.81095238095238,30.29320346320346,9.514891774891774,7.230173160173161,4.657316017316017,
2004-07-16,44.81403281519862,30.274309153713297,9.523920552677028,7.229576856649396,4.663385146804836,
2004-07-17,44.81403281519862,30.274309153713297,9.523920552677028,7.229576856649396,4.663385146804836,
2004-07-18,44.81403281519862,30.274309153713297,9.523920552677028,7.229576856649396,4.663385146804836,
2004-07-19,44.81403281519862,30.274309153713297,9.523920552677028,7.229576856649396,4.663385146804836,
2004-07-20,44.8119293712317,30.26068044788975,9.532902670111971,7.228983634797588,4.666838931955211,
2004-07-21,44.81035223367698,30.245060137457045,9.539776632302406,7.232259450171822,4.670274914089347,
2004-07-22,44.809554413024856,30.231576692373608,9.546101113967438,7.232947729220223,4.672407883461868,
2004-07-23,44.80876068376069,30.219444444444445,9.551111111111112,7.232350427350427,4.675811965811966,
2004-07-24,44.80876068376069,30.219444444444445,9.551111111111112,7.232350427350427,4.675811965811966,
2004-07-25,44.80876068376069,30.219444444444445,9.551111111111112,7.232350427350427,4.675811965811966,
2004-07-26,44.80876068376069,30.219444444444445,9.551111111111112,7.232350427350427,4.675811965811966,
2004-07-27,44.804134697357206,30.208653026427964,9.55993179880648,7.231756180733163,4.679198635976129,
2004-07-28,44.804134697357206,30.208653026427964,9.55993179880648,7.231756180733163,4.679198635976129,
2004-07-29,44.8046343537415,30.192814625850342,9.568707482993197,7.231164965986395,4.682568027210884,
2004-07-30,44.802586938083124,30.179601357082273,9.574893977947413,7.230576759966073,4.688464800678541,
2004-07-31,44.802586938083124,30.179601357082273,9.574893977947413,7.230576759966073,4.688464800678541,
2004-08-01,44.802586938083124,30.179601357082273,9.574893977947413,7.230576759966073,4.688464800678541,
2004-08-02,44.802586938083124,30.179601357082273,9.574893977947413,7.230576759966073,4.688464800678541,
2004-08-03,44.80054991539763,30.1664551607445,9.583587140439933,7.229991539763113,4.691793570219966,
2004-08-04,44.80054991539763,30.1664551607445,9.583587140439933,7.229991539763113,4.691793570219966,
2004-08-05,44.79599156118144,30.15337552742616,9.589704641350211,7.231940928270043,4.697637130801688,
2004-08-06,44.79398148148149,30.13531144781145,9.598316498316498,7.233880471380472,4.7034511784511785,
2004-08-07,44.79398148148149,30.13531144781145,9.598316498316498,7.233880471380472,4.7034511784511785,
2004-08-08,44.79398148148149,30.13531144781145,9.598316498316498,7.233880471380472,4.7034511784511785,
2004-08-09,44.79398148148149,30.13531144781145,9.598316498316498,7.233880471380472,4.7034511784511785,
2004-08-10,44.78946263643997,30.12489504617968,9.606884970612931,7.235810243492863,4.70671704450042,
2004-08-11,44.78946263643997,30.12489504617968,9.606884970612931,7.235810243492863,4.70671704450042,
2004-08-12,44.78496649916248,30.112018425460636,9.61289782244556,7.237730318257957,4.712479061976549,
2004-08-13,44.782999164578115,30.096700083542192,9.618880534670009,7.237134502923977,4.720718462823726,
2004-08-14,44.782999164578115,30.096700083542192,9.618880534670009,7.237134502923977,4.720718462823726,
2004-08-15,44.782999164578115,30.096700083542192,9.618880534670009,7.237134502923977,4.720718462823726,
2004-08-16,44.782999164578115,30.096700083542192,9.618880534670009,7.237134502923977,4.720718462823726,
2004-08-17,44.778416666666665,30.083083333333335,9.625208333333333,7.2392916666666665,4.726916666666667,
2004-08-18,44.778416666666665,30.083083333333335,9.625208333333333,7.2392916666666665,4.726916666666667,
2004-08-19,44.77273482959268,30.067913549459686,9.633624272651705,7.242435577722361,4.7338320864505405,
2004-08-20,44.76832504145936,30.052819237147595,9.641998341625207,7.239344941956882,4.74195688225539,
2004-08-21,44.76832504145936,30.052819237147595,9.641998341625207,7.239344941956882,4.74195688225539,
2004-08-22,44.76832504145936,30.052819237147595,9.641998341625207,7.239344941956882,4.74195688225539,
2004-08-23,44.76832504145936,30.052819237147595,9.641998341625207,7.239344941956882,4.74195688225539,
2004-08-24,44.76145574855252,30.042762613730357,9.650330851943755,7.241232423490488,4.747559966914806,
2004-08-25,44.76145574855252,30.042762613730357,9.650330851943755,7.241232423490488,4.747559966914806,
2004-08-26,44.76145574855252,30.042762613730357,9.650330851943755,7.241232423490488,4.747559966914806,
2004-08-27,44.76204620462046,30.03275577557756,9.651196369636963,7.238160066006601,4.750660066006601,
2004-08-28,44.757695473251026,30.020329218106998,9.656995884773663,7.237572016460906,4.756213991769547,
2004-08-29,44.757695473251026,30.020329218106998,9.656995884773663,7.237572016460906,4.756213991769547,
2004-08-30,44.757695473251026,30.020329218106998,9.656995884773663,7.237572016460906,4.756213991769547,
2004-08-31,44.75090311986863,30.010426929392448,9.662766830870279,7.2394499178981935,4.761740558292282,
2004-09-01,44.75090311986863,30.010426929392448,9.662766830870279,7.2394499178981935,4.761740558292282,
2004-09-02,44.75090311986863,30.010426929392448,9.662766830870279,7.2394499178981935,4.761740558292282,
2004-09-03,44.74905814905814,30.0005733005733,9.66850941850942,7.2364045864045865,4.767239967239967,
2004-09-04,44.74905814905814,30.0005733005733,9.66850941850942,7.2364045864045865,4.767239967239967,
2004-09-05,44.74905814905814,30.0005733005733,9.66850941850942,7.2364045864045865,4.767239967239967,
2004-09-06,44.74905814905814,30.0005733005733,9.66850941850942,7.2364045864045865,4.767239967239967,
2004-09-07,44.73986928104575,29.993218954248366,9.676674836601308,7.238276143790849,4.770261437908497,
2004-09-08,44.73986928104575,29.993218954248366,9.676674836601308,7.238276143790849,4.770261437908497,
2004-09-09,44.73986928104575,29.993218954248366,9.676674836601308,7.238276143790849,4.770261437908497,
2004-09-10,44.73806030969845,29.983455582722087,9.68480032599837,7.235248573757131,4.7732681336593314,
2004-09-11,44.73806030969845,29.983455582722087,9.68480032599837,7.235248573757131,4.7732681336593314,
2004-09-12,44.73806030969845,29.983455582722087,9.68480032599837,7.235248573757131,4.7732681336593314,
2004-09-13,44.73806030969845,29.983455582722087,9.68480032599837,7.235248573757131,4.7732681336593314,
2004-09-14,44.72894308943089,29.97617886178862,9.690447154471546,7.2371138211382116,4.77869918699187,
2004-09-15,44.728629359286295,29.96090835360908,9.694606650446065,7.2389699918897,4.7853203568532034,
2004-09-16,44.728629359286295,29.96090835360908,9.694606650446065,7.2389699918897,4.7853203568532034,
2004-09-17,44.72443365695793,29.951294498381873,9.702629449838188,7.235962783171521,4.788268608414239,
2004-09-18,44.72443365695793,29.951294498381873,9.702629449838188,7.235962783171521,4.788268608414239,
2004-09-19,44.72443365695793,29.951294498381873,9.702629449838188,7.235962783171521,4.788268608414239,
2004-09-20,44.72443365695793,29.951294498381873,9.702629449838188,7.235962783171521,4.788268608414239,
2004-09-21,44.71541565778854,29.946569814366423,9.705770782889427,7.237812752219532,4.79362389023406,
2004-09-22,44.71541565778854,29.946569814366423,9.705770782889427,7.237812752219532,4.79362389023406,
2004-09-23,44.70885668276973,29.937037037037037,9.70889694041868,7.237238325281804,4.801368760064412,
2004-09-24,44.7059437751004,29.92875502008032,9.713212851405622,7.235461847389558,4.80425702811245,
2004-09-25,44.7059437751004,29.92875502008032,9.713212851405622,7.235461847389558,4.80425702811245,
2004-09-26,44.7059437751004,29.92875502008032,9.713212851405622,7.235461847389558,4.80425702811245,
2004-09-27,44.7059437751004,29.92875502008032,9.713212851405622,7.235461847389558,4.80425702811245,
2004-09-28,44.692227564102566,29.926522435897432,9.718709935897435,7.23729967948718,4.809535256410256,
2004-09-29,44.692227564102566,29.926522435897432,9.718709935897435,7.23729967948718,4.809535256410256,
2004-09-30,44.692227564102566,29.926522435897432,9.718709935897435,7.23729967948718,4.809535256410256,
2004-10-01,44.68337330135891,29.924300559552357,9.72418065547562,7.236730615507594,4.812390087929656,
2004-10-02,44.68337330135891,29.924300559552357,9.72418065547562,7.236730615507594,4.812390087929656,
2004-10-03,44.68337330135891,29.924300559552357,9.72418065547562,7.236730615507594,4.812390087929656,
2004-10-04,44.68337330135891,29.924300559552357,9.72418065547562,7.236730615507594,4.812390087929656,
2004-10-05,44.67216905901117,29.922089314194576,9.72962519936204,7.238556618819777,4.815231259968102,
2004-10-06,44.67216905901117,29.922089314194576,9.72962519936204,7.238556618819777,4.815231259968102,
2004-10-07,44.67216905901117,29.922089314194576,9.72962519936204,7.238556618819777,4.815231259968102,
2004-10-08,44.66340493237868,29.919888623707237,9.735043754972155,7.2379872712808275,4.8180588703261735,
2004-10-09,44.66340493237868,29.919888623707237,9.735043754972155,7.2379872712808275,4.8180588703261735,
2004-10-10,44.66340493237868,29.919888623707237,9.735043754972155,7.2379872712808275,4.8180588703261735,
2004-10-11,44.66340493237868,29.919888623707237,9.735043754972155,7.2379872712808275,4.8180588703261735,
2004-10-12,44.66340493237868,29.919888623707237,9.735043754972155,7.2379872712808275,4.8180588703261735,
2004-10-13,44.65111111111111,29.918888888888887,9.739246031746031,7.239801587301588,4.822063492063492,
2004-10-14,44.65111111111111,29.918888888888887,9.739246031746031,7.239801587301588,4.822063492063492,
2004-10-15,44.64243863816311,29.916706254948533,9.744615993665876,7.238044338875693,4.823673792557403,
2004-10-16,44.64243863816311,29.916706254948533,9.744615993665876,7.238044338875693,4.823673792557403,
2004-10-17,44.64243863816311,29.916706254948533,9.744615993665876,7.238044338875693,4.823673792557403,
2004-10-18,44.64243863816311,29.916706254948533,9.744615993665876,7.238044338875693,4.823673792557403,
2004-10-19,44.62906793048973,29.919273301737753,9.748775671406003,7.239849921011059,4.825276461295418,
2004-10-20,44.62167060677699,29.9123719464145,9.754334121355397,7.242592592592593,4.82876280535855,
2004-10-21,44.61312893081761,29.91022012578616,9.757272012578616,7.242020440251572,4.8327044025157235,
2004-10-22,44.59756862745098,29.91278431372549,9.762549019607842,7.243803921568627,4.833098039215686,
2004-10-23,44.59756862745098,29.91278431372549,9.762549019607842,7.243803921568627,4.833098039215686,
2004-10-24,44.59756862745098,29.91278431372549,9.762549019607842,7.243803921568627,4.833098039215686,
2004-10-25,44.59756862745098,29.91278431372549,9.762549019607842,7.243803921568627,4.833098039215686,
2004-10-26,44.5820813771518,29.920031298904536,9.76780125195618,7.2455790297339595,4.83114241001565,
2004-10-27,44.569008587041374,29.922560499609677,9.77302888368462,7.245003903200625,4.833879781420765,
2004-10-28,44.569008587041374,29.922560499609677,9.77302888368462,7.245003903200625,4.833879781420765,
2004-10-29,44.5559968847352,29.92390965732087,9.777063862928348,7.24559968847352,4.836604361370717,
2004-10-30,44.5559968847352,29.92390965732087,9.777063862928348,7.24559968847352,4.836604361370717,
2004-10-31,44.5559968847352,29.92390965732087,9.777063862928348,7.24559968847352,4.836604361370717,
2004-11-01,44.5559968847352,29.92390965732087,9.777063862928348,7.24559968847352,4.836604361370717,
2004-11-02,44.54071484071484,29.93108003108003,9.77991452991453,7.2473581973581975,4.836985236985237,
2004-11-03,44.52782945736434,29.933565891472867,9.785077519379843,7.249108527131783,4.83968992248062,
2004-11-04,44.52782945736434,29.933565891472867,9.785077519379843,7.249108527131783,4.83968992248062,
2004-11-05,44.51732405259087,29.933720030935806,9.792536736272234,7.250850734725445,4.8400618716163955,
2004-11-06,44.51732405259087,29.933720030935806,9.792536736272234,7.250850734725445,4.8400618716163955,
2004-11-07,44.51732405259087,29.933720030935806,9.792536736272234,7.250850734725445,4.8400618716163955,
2004-11-08,44.51732405259087,29.933720030935806,9.792536736272234,7.250850734725445,4.8400618716163955,
2004-11-09,44.5045524691358,29.93850308641975,9.795331790123456,7.25258487654321,4.840432098765432,
2004-11-10,44.49183987682833,29.940954580446494,9.800423402617398,7.252001539645882,4.843110084680523,
2004-11-11,44.49183987682833,29.940954580446494,9.800423402617398,7.252001539645882,4.843110084680523,
2004-11-12,44.4826420890937,29.941090629800307,9.804339477726574,7.251420890937021,4.844623655913979,
2004-11-13,44.4826420890937,29.941090629800307,9.804339477726574,7.251420890937021,4.844623655913979,
2004-11-14,44.4826420890937,29.941090629800307,9.804339477726574,7.251420890937021,4.844623655913979,
2004-11-15,44.4826420890937,29.941090629800307,9.804339477726574,7.251420890937021,4.844623655913979,
2004-11-16,44.47233716475096,29.943524904214556,9.807088122605363,7.253141762452108,4.844980842911878,
2004-11-17,44.459785932721715,29.945948012232414,9.809824159021407,7.2548547400611625,4.84762996941896,
2004-11-18,44.447177726926014,29.949389778794814,9.81357742181541,7.257475209763539,4.848893974065599,
2004-11-19,44.43474124809742,29.954071537290716,9.818569254185693,7.256887366818874,4.84923896499239,
2004-11-20,44.43474124809742,29.954071537290716,9.818569254185693,7.256887366818874,4.84923896499239,
2004-11-21,44.43474124809742,29.954071537290716,9.818569254185693,7.256887366818874,4.84923896499239,
2004-11-22,44.43474124809742,29.954071537290716,9.818569254185693,7.256887366818874,4.84923896499239,
2004-11-23,44.420083523158695,29.95645406226272,9.821260440394838,7.260858010630221,4.8518602885345485,
2004-11-24,44.405492424242425,29.961098484848485,9.826212121212123,7.260265151515152,4.854469696969697,
2004-11-25,44.405492424242425,29.961098484848485,9.826212121212123,7.260265151515152,4.854469696969697,
2004-11-26,44.395502645502646,29.96345427059713,9.827739984882843,7.260808767951626,4.855933484504913,
2004-11-27,44.395502645502646,29.96345427059713,9.827739984882843,7.260808767951626,4.855933484504913,
2004-11-28,44.395502645502646,29.96345427059713,9.827739984882843,7.260808767951626,4.855933484504913,
2004-11-29,44.395502645502646,29.96345427059713,9.827739984882843,7.260808767951626,4.855933484504913,
2004-11-30,44.38103318250377,29.968061840120665,9.83265460030166,7.262481146304676,4.856259426847663,
2004-12-01,44.3688863807374,29.970391271632806,9.835289691497367,7.264145974416855,4.8588412340105345,
2004-12-02,44.3688863807374,29.970391271632806,9.835289691497367,7.264145974416855,4.8588412340105345,
2004-12-03,44.35904654654655,29.977214714714716,9.837912912912914,7.263551051051052,4.856906906906907,
2004-12-04,44.35904654654655,29.977214714714716,9.837912912912914,7.263551051051052,4.856906906906907,
2004-12-05,44.35904654654655,29.977214714714716,9.837912912912914,7.263551051051052,4.856906906906907,
2004-12-06,44.35904654654655,29.977214714714716,9.837912912912914,7.263551051051052,4.856906906906907,
2004-12-07,44.34475655430712,29.984007490636703,9.840524344569289,7.2652059925093635,4.859475655430711,
2004-12-08,44.33501494768311,29.986285500747385,9.843124065769807,7.264611360239163,4.86203288490284,
2004-12-09,44.33501494768311,29.986285500747385,9.843124065769807,7.264611360239163,4.86203288490284,
2004-12-10,44.326435495898586,29.98855331841909,9.844593586875467,7.265137956748696,4.863460104399702,
2004-12-11,44.326435495898586,29.98855331841909,9.844593586875467,7.265137956748696,4.863460104399702,
2004-12-12,44.326435495898586,29.98855331841909,9.844593586875467,7.265137956748696,4.863460104399702,
2004-12-13,44.326435495898586,29.98855331841909,9.844593586875467,7.265137956748696,4.863460104399702,
2004-12-14,44.31454613095239,29.993043154761903,9.84717261904762,7.266778273809524,4.863764880952381,
2004-12-15,44.303489235337786,29.994283593170007,9.8496288047513,7.268856718634002,4.866295471417966,
2004-12-16,44.293925925925926,29.99874074074074,9.852185185185185,7.2704814814814815,4.868814814814815,
2004-12-17,44.28440502586844,30.003178122690315,9.854730229120474,7.269881744271988,4.869105691056911,
2004-12-18,44.28440502586844,30.003178122690315,9.854730229120474,7.269881744271988,4.869105691056911,
2004-12-19,44.28440502586844,30.003178122690315,9.854730229120474,7.269881744271988,4.869105691056911,
2004-12-20,44.28440502586844,30.003178122690315,9.854730229120474,7.269881744271988,4.869105691056911,
2004-12-21,44.27492625368731,30.009808259587018,9.85505162241888,7.269284660766962,4.869395280235988,
2004-12-22,44.26548933038999,30.011994113318615,9.85757910228109,7.2686902133922,4.871891096394408,
2004-12-23,44.25168869309839,30.020778267254038,9.862298091042584,7.268098384728341,4.872173274596182,
2004-12-24,44.25168869309839,30.020778267254038,9.862298091042584,7.268098384728341,4.872173274596182,
2004-12-25,44.25168869309839,30.020778267254038,9.862298091042584,7.268098384728341,4.872173274596182,
2004-12-26,44.25168869309839,30.020778267254038,9.862298091042584,7.268098384728341,4.872173274596182,
2004-12-27,44.25168869309839,30.020778267254038,9.862298091042584,7.268098384728341,4.872173274596182,
2004-12-28,44.23794871794872,30.02952380952381,9.862600732600733,7.2697069597069595,4.872454212454213,
2004-12-29,44.23794871794872,30.02952380952381,9.862600732600733,7.2697069597069595,4.872454212454213,
2004-12-30,44.23794871794872,30.02952380952381,9.862600732600733,7.2697069597069595,4.872454212454213,
2004-12-31,44.23794871794872,30.02952380952381,9.862600732600733,7.2697069597069595,4.872454212454213,
2005-01-01,44.23794871794872,30.02952380952381,9.862600732600733,7.2697069597069595,4.872454212454213,
2005-01-02,44.23794871794872,30.02952380952381,9.862600732600733,7.2697069597069595,4.872454212454213,
2005-01-03,44.23794871794872,30.02952380952381,9.862600732600733,7.2697069597069595,4.872454212454213,
2005-01-04,44.22426900584795,30.038230994152045,9.862902046783626,7.271308479532164,4.872733918128655,
2005-01-05,44.20846097738877,30.046900072939458,9.865390226112327,7.272902990517871,4.875200583515682,
2005-01-06,44.20846097738877,30.046900072939458,9.865390226112327,7.272902990517871,4.875200583515682,
2005-01-07,44.194905385735076,30.053347889374088,9.87005094614265,7.274490538573508,4.8754730713246,
2005-01-08,44.194905385735076,30.053347889374088,9.87005094614265,7.274490538573508,4.8754730713246,
2005-01-09,44.194905385735076,30.053347889374088,9.87005094614265,7.274490538573508,4.8754730713246,
2005-01-10,44.194905385735076,30.053347889374088,9.87005094614265,7.274490538573508,4.8754730713246,
2005-01-11,44.18140885984023,30.064124909222947,9.870334059549746,7.273892519970952,4.875744371822803,
2005-01-12,44.16797101449275,30.072681159420288,9.872789855072464,7.275471014492754,4.876014492753623,
2005-01-13,44.16797101449275,30.072681159420288,9.872789855072464,7.275471014492754,4.876014492753623,
2005-01-14,44.15459146782357,30.077946493130874,9.875234996384672,7.275958062183658,4.877368040491684,
2005-01-15,44.15459146782357,30.077946493130874,9.875234996384672,7.275958062183658,4.877368040491684,
2005-01-16,44.15459146782357,30.077946493130874,9.875234996384672,7.275958062183658,4.877368040491684,
2005-01-17,44.15459146782357,30.077946493130874,9.875234996384672,7.275958062183658,4.877368040491684,
2005-01-18,44.15459146782357,30.077946493130874,9.875234996384672,7.275958062183658,4.877368040491684,
2005-01-19,44.14126984126984,30.086435786435786,9.876587301587302,7.277525252525253,4.877633477633478,
2005-01-20,44.128005759539235,30.094888408927282,9.879013678905688,7.276925845932325,4.877897768178546,
2005-01-21,44.114798850574715,30.101149425287353,9.883584770114943,7.2784841954022985,4.876005747126436,
2005-01-22,44.114798850574715,30.101149425287353,9.883584770114943,7.2784841954022985,4.876005747126436,
2005-01-23,44.114798850574715,30.101149425287353,9.883584770114943,7.2784841954022985,4.876005747126436,
2005-01-24,44.114798850574715,30.101149425287353,9.883584770114943,7.2784841954022985,4.876005747126436,
2005-01-25,44.114798850574715,30.101149425287353,9.883584770114943,7.2784841954022985,4.876005747126436,
2005-01-26,44.1015770609319,30.107096774193547,9.886057347670251,7.280465949820788,4.876344086021505,
2005-01-27,44.1015770609319,30.107096774193547,9.886057347670251,7.280465949820788,4.876344086021505,
2005-01-28,44.09062947067239,30.11223175965665,9.888447782546494,7.279864091559371,4.876609442060086,
2005-01-29,44.09062947067239,30.11223175965665,9.888447782546494,7.279864091559371,4.876609442060086,
2005-01-30,44.09062947067239,30.11223175965665,9.888447782546494,7.279864091559371,4.876609442060086,
2005-01-31,44.09062947067239,30.11223175965665,9.888447782546494,7.279864091559371,4.876609442060086,
2005-02-01,44.09062947067239,30.11223175965665,9.888447782546494,7.279864091559371,4.876609442060086,
2005-02-02,44.077587437544615,30.12055674518201,9.890827980014276,7.281406138472519,4.875802997858672,
2005-02-03,44.077587437544615,30.12055674518201,9.890827980014276,7.281406138472519,4.875802997858672,
2005-02-04,44.066737891737894,30.12457264957265,9.893198005698006,7.280804843304843,4.8760683760683765,
2005-02-05,44.066737891737894,30.12457264957265,9.893198005698006,7.280804843304843,4.8760683760683765,
2005-02-06,44.066737891737894,30.12457264957265,9.893198005698006,7.280804843304843,4.8760683760683765,
2005-02-07,44.066737891737894,30.12457264957265,9.893198005698006,7.280804843304843,4.8760683760683765,
2005-02-08,44.066737891737894,30.12457264957265,9.893198005698006,7.280804843304843,4.8760683760683765,
2005-02-09,44.057000710732055,30.131769722814497,9.894491826581378,7.280206112295664,4.8752665245202556,
2005-02-10,44.057000710732055,30.131769722814497,9.894491826581378,7.280206112295664,4.8752665245202556,
2005-02-11,44.048368794326244,30.133617021276596,9.896843971631204,7.279609929078014,4.875531914893617,
2005-02-12,44.048368794326244,30.133617021276596,9.896843971631204,7.279609929078014,4.875531914893617,
2005-02-13,44.048368794326244,30.133617021276596,9.896843971631204,7.279609929078014,4.875531914893617,
2005-02-14,44.048368794326244,30.133617021276596,9.896843971631204,7.279609929078014,4.875531914893617,
2005-02-15,44.039773531493275,30.139702760084923,9.897062986553433,7.281139419674451,4.873673036093418,
2005-02-16,44.02718926553672,30.144597457627118,9.899505649717513,7.282450564971751,4.87468220338983,
2005-02-17,44.02718926553672,30.144597457627118,9.899505649717513,7.282450564971751,4.87468220338983,
2005-02-18,44.01867512332628,30.148520084566595,9.90183227625088,7.28185341789993,4.874947145877378,
2005-02-19,44.01867512332628,30.148520084566595,9.90183227625088,7.28185341789993,4.874947145877378,
2005-02-20,44.01867512332628,30.148520084566595,9.90183227625088,7.28185341789993,4.874947145877378,
2005-02-21,44.01019690576652,30.154535864978904,9.904149085794655,7.281258790436006,4.875210970464135,
2005-02-22,44.01019690576652,30.154535864978904,9.904149085794655,7.281258790436006,4.875210970464135,
2005-02-23,44.00175438596491,30.160526315789475,9.903298245614035,7.281719298245614,4.874421052631579,
2005-02-24,44.00175438596491,30.160526315789475,9.903298245614035,7.281719298245614,4.874421052631579,
2005-02-25,43.996498599439775,30.163340336134453,9.903501400560224,7.280077030812325,4.87468487394958,
2005-02-26,43.996498599439775,30.163340336134453,9.903501400560224,7.280077030812325,4.87468487394958,
2005-02-27,43.996498599439775,30.163340336134453,9.903501400560224,7.280077030812325,4.87468487394958,
2005-02-28,43.996498599439775,30.163340336134453,9.903501400560224,7.280077030812325,4.87468487394958,
2005-03-01,43.996498599439775,30.163340336134453,9.903501400560224,7.280077030812325,4.87468487394958,
2005-03-02,43.992313067784764,30.16719077568134,9.901607267645003,7.279489867225716,4.873899371069182,
2005-03-03,43.992313067784764,30.16719077568134,9.901607267645003,7.279489867225716,4.873899371069182,
2005-03-04,43.99023709902371,30.168933054393307,9.90181311018131,7.276813110181311,4.874163179916318,
2005-03-05,43.99023709902371,30.168933054393307,9.90181311018131,7.276813110181311,4.874163179916318,
2005-03-06,43.99023709902371,30.168933054393307,9.90181311018131,7.276813110181311,4.874163179916318,
2005-03-07,43.99023709902371,30.168933054393307,9.90181311018131,7.276813110181311,4.874163179916318,
2005-03-08,43.99023709902371,30.168933054393307,9.90181311018131,7.276813110181311,4.874163179916318,
2005-03-09,43.988169798190675,30.17171189979123,9.898886569241474,7.276235212247738,4.874425887265136,
2005-03-10,43.988169798190675,30.17171189979123,9.898886569241474,7.276235212247738,4.874425887265136,
2005-03-11,43.98819444444444,30.171354166666667,9.899097222222222,7.2735763888888885,4.874687499999999,
2005-03-12,43.98819444444444,30.171354166666667,9.899097222222222,7.2735763888888885,4.874687499999999,
2005-03-13,43.98819444444444,30.171354166666667,9.899097222222222,7.2735763888888885,4.874687499999999,
2005-03-14,43.98819444444444,30.171354166666667,9.899097222222222,7.2735763888888885,4.874687499999999,
2005-03-15,43.98819444444444,30.171354166666667,9.899097222222222,7.2735763888888885,4.874687499999999,
2005-03-16,43.98613998613998,30.172037422037423,9.897505197505197,7.2735620235620235,4.875017325017325,
2005-03-17,43.9820193637621,30.171680497925312,9.899792531120331,7.275069156293223,4.87320193637621,
2005-03-18,43.97895100069013,30.172360248447205,9.898964803312628,7.2734644582470676,4.873464458247066,
2005-03-19,43.97895100069013,30.172360248447205,9.898964803312628,7.2734644582470676,4.873464458247066,
2005-03-20,43.97895100069013,30.172360248447205,9.898964803312628,7.2734644582470676,4.873464458247066,
2005-03-21,43.97895100069013,30.172360248447205,9.898964803312628,7.2734644582470676,4.873464458247066,
2005-03-22,43.983126721763085,30.169938016528924,9.897107438016528,7.272899449035813,4.871659779614324,
2005-03-23,43.983161512027486,30.16958762886598,9.895257731958763,7.27233676975945,4.8719243986254295,
2005-03-24,43.983161512027486,30.16958762886598,9.895257731958763,7.27233676975945,4.8719243986254295,
2005-03-25,43.983161512027486,30.16958762886598,9.895257731958763,7.27233676975945,4.8719243986254295,
2005-03-26,43.983161512027486,30.16958762886598,9.895257731958763,7.27233676975945,4.8719243986254295,
2005-03-27,43.983161512027486,30.16958762886598,9.895257731958763,7.27233676975945,4.8719243986254295,
2005-03-28,43.983161512027486,30.16958762886598,9.895257731958763,7.27233676975945,4.8719243986254295,
2005-03-29,43.987311385459535,30.165123456790123,9.891358024691357,7.27383401920439,4.87218792866941,
2005-03-30,43.99144421629021,30.162731006160165,9.889527720739219,7.273271731690623,4.872450376454483,
2005-03-31,43.99144421629021,30.162731006160165,9.889527720739219,7.273271731690623,4.872450376454483,
2005-04-01,43.99351092896175,30.16034836065574,9.887704918032787,7.27271174863388,4.872711748633879,
2005-04-02,43.99351092896175,30.16034836065574,9.887704918032787,7.27271174863388,4.872711748633879,
2005-04-03,43.99351092896175,30.16034836065574,9.887704918032787,7.27271174863388,4.872711748633879,
2005-04-04,43.99351092896175,30.16034836065574,9.887704918032787,7.27271174863388,4.872711748633879,
2005-04-05,43.99351092896175,30.16034836065574,9.887704918032787,7.27271174863388,4.872711748633879,
2005-04-06,43.99761417859577,30.15593047034765,9.883844580777096,7.2741990456714385,4.872972051806407,
2005-04-07,43.999659863945574,30.15357142857143,9.88204081632653,7.273639455782313,4.873231292517007,
2005-04-08,43.999659863945574,30.15357142857143,9.88204081632653,7.273639455782313,4.873231292517007,
2005-04-09,43.999659863945574,30.15357142857143,9.88204081632653,7.273639455782313,4.873231292517007,
2005-04-10,43.999659863945574,30.15357142857143,9.88204081632653,7.273639455782313,4.873231292517007,
2005-04-11,43.999659863945574,30.15357142857143,9.88204081632653,7.273639455782313,4.873231292517007,
2005-04-12,43.99966055668703,30.153258655804482,9.882281059063136,7.273082145281738,4.871452817379497,
2005-04-13,44.00372628726287,30.148882113821138,9.878455284552846,7.272527100271003,4.871714092140921,
2005-04-14,44.00372628726287,30.148882113821138,9.878455284552846,7.272527100271003,4.871714092140921,
2005-04-15,44.0027045300879,30.148580121703855,9.876673427991886,7.270960108181204,4.871974306964165,
2005-04-16,44.0027045300879,30.148580121703855,9.876673427991886,7.270960108181204,4.871974306964165,
2005-04-17,44.0027045300879,30.148580121703855,9.876673427991886,7.270960108181204,4.871974306964165,
2005-04-18,44.0027045300879,30.148580121703855,9.876673427991886,7.270960108181204,4.871974306964165,
2005-04-19,44.004723346828605,30.146255060728745,9.874898785425101,7.270411605937922,4.872233468286099,
2005-04-20,44.00673400673401,30.143468013468013,9.873333333333333,7.270875420875421,4.872558922558922,
2005-04-21,44.00673400673401,30.143468013468013,9.873333333333333,7.270875420875421,4.872558922558922,
2005-04-22,44.00672043010753,30.14317876344086,9.873588709677419,7.268313172043011,4.872815860215053,
2005-04-23,44.00672043010753,30.14317876344086,9.873588709677419,7.268313172043011,4.872815860215053,
2005-04-24,44.00672043010753,30.14317876344086,9.873588709677419,7.268313172043011,4.872815860215053,
2005-04-25,44.00672043010753,30.14317876344086,9.873588709677419,7.268313172043011,4.872815860215053,
2005-04-26,44.008718980549965,30.140878604963113,9.871830985915492,7.267773306505701,4.8750838363514415,
2005-04-27,44.01271753681392,30.136579651941098,9.868072289156627,7.267235609103079,4.875334672021419,
2005-04-28,44.01271753681392,30.136579651941098,9.868072289156627,7.267235609103079,4.875334672021419,
2005-04-29,44.01369405477622,30.135303941215764,9.867334669338678,7.264696058784235,4.875584502338009,
2005-04-30,44.01369405477622,30.135303941215764,9.867334669338678,7.264696058784235,4.875584502338009,
2005-05-01,44.01369405477622,30.135303941215764,9.867334669338678,7.264696058784235,4.875584502338009,
2005-05-02,44.01369405477622,30.135303941215764,9.867334669338678,7.264696058784235,4.875584502338009,
2005-05-03,44.01566666666666,30.133033333333334,9.8636,7.266166666666667,4.8758333333333335,
2005-05-04,44.01763140385895,30.130771789753826,9.863872255489023,7.265635395874917,4.874085163007319,
2005-05-05,44.01763140385895,30.130771789753826,9.863872255489023,7.265635395874917,4.874085163007319,
2005-05-06,44.01763140385895,30.130771789753826,9.863872255489023,7.265635395874917,4.874085163007319,
2005-05-07,44.01763140385895,30.130771789753826,9.863872255489023,7.265635395874917,4.874085163007319,
2005-05-08,44.01763140385895,30.130771789753826,9.863872255489023,7.265635395874917,4.874085163007319,
2005-05-09,44.01763140385895,30.130771789753826,9.863872255489023,7.265635395874917,4.874085163007319,
2005-05-10,44.01763140385895,30.130771789753826,9.863872255489023,7.265635395874917,4.874085163007319,
2005-05-11,44.01958831341301,30.12652722443559,9.860159362549801,7.267098273572377,4.87433598937583,
2005-05-12,44.01958831341301,30.12652722443559,9.860159362549801,7.267098273572377,4.87433598937583,
2005-05-13,44.019549370444,30.124287607687208,9.860437375745526,7.268555334658715,4.87259774685222,
2005-05-14,44.019549370444,30.124287607687208,9.860437375745526,7.268555334658715,4.87259774685222,
2005-05-15,44.019549370444,30.124287607687208,9.860437375745526,7.268555334658715,4.87259774685222,
2005-05-16,44.019549370444,30.124287607687208,9.860437375745526,7.268555334658715,4.87259774685222,
2005-05-17,44.019549370444,30.124287607687208,9.860437375745526,7.268555334658715,4.87259774685222,
2005-05-18,44.02104828042328,30.121362433862434,9.859623015873016,7.270601851851851,4.8720568783068785,
2005-05-19,44.02104828042328,30.121362433862434,9.859623015873016,7.270601851851851,4.8720568783068785,
2005-05-20,44.02298679867987,30.119141914191417,9.85990099009901,7.2700660066006595,4.870330033003301,
2005-05-21,44.02298679867987,30.119141914191417,9.85990099009901,7.2700660066006595,4.870330033003301,
2005-05-22,44.02689393939394,30.116930171277996,9.856225296442688,7.271508563899868,4.868610013175231,
2005-05-23,44.03078566732413,30.116699539776462,9.850591715976332,7.270973044049967,4.868869165023011,
2005-05-24,44.03269356955381,30.11253280839895,9.846948818897637,7.2743766404199475,4.869127296587927,
2005-05-25,44.03269356955381,30.11253280839895,9.846948818897637,7.2743766404199475,4.869127296587927,
2005-05-26,44.03269356955381,30.11253280839895,9.846948818897637,7.2743766404199475,4.869127296587927,
2005-05-27,44.036558611656844,30.111329404060246,9.843320235756385,7.2718729535036015,4.869384413883432,
2005-05-28,44.036558611656844,30.111329404060246,9.843320235756385,7.2718729535036015,4.869384413883432,
2005-05-29,44.036558611656844,30.111329404060246,9.843320235756385,7.2718729535036015,4.869384413883432,
2005-05-30,44.036558611656844,30.111329404060246,9.843320235756385,7.2718729535036015,4.869384413883432,
2005-05-31,44.04236928104575,30.109150326797383,9.839705882352941,7.26937908496732,4.871601307189543,
2005-06-01,44.05207110241357,30.105022831050228,9.83610567514677,7.2688519243313765,4.869895629484671,
2005-06-02,44.05978190104167,30.100911458333332,9.83447265625,7.268326822916666,4.868196614583334,
2005-06-03,44.05978190104167,30.100911458333332,9.83447265625,7.268326822916666,4.868196614583334,
2005-06-04,44.06746263807668,30.096816114359974,9.830896686159845,7.26585445094217,4.87040285899935,
2005-06-05,44.06746263807668,30.096816114359974,9.830896686159845,7.26585445094217,4.87040285899935,
2005-06-06,44.06746263807668,30.096816114359974,9.830896686159845,7.26585445094217,4.87040285899935,
2005-06-07,44.06746263807668,30.096816114359974,9.830896686159845,7.26585445094217,4.87040285899935,
2005-06-08,44.077059014267185,30.09273670557717,9.827334630350194,7.263391699092088,4.870654993514916,
2005-06-09,44.077059014267185,30.09273670557717,9.827334630350194,7.263391699092088,4.870654993514916,
2005-06-10,44.07982200647249,30.09061488673139,9.824757281553397,7.262880258899676,4.870906148867315,
2005-06-11,44.08741925064599,30.084625322997415,9.821220930232558,7.262370801033591,4.873094315245479,
2005-06-12,44.08741925064599,30.084625322997415,9.821220930232558,7.262370801033591,4.873094315245479,
2005-06-13,44.08741925064599,30.084625322997415,9.821220930232558,7.262370801033591,4.873094315245479,
2005-06-14,44.091118633139914,30.080593165699547,9.81769825918762,7.261863313990974,4.879142488716957,
2005-06-15,44.09856821106821,30.075032175032174,9.81438223938224,7.262419562419563,4.879182754182754,
2005-06-16,44.09856821106821,30.075032175032174,9.81438223938224,7.262419562419563,4.879182754182754,
2005-06-17,44.09856821106821,30.075032175032174,9.81438223938224,7.262419562419563,4.879182754182754,
2005-06-18,44.10030507385999,30.069107257546563,9.810886319845858,7.261913937058446,4.887122671804752,
2005-06-19,44.10030507385999,30.069107257546563,9.810886319845858,7.261913937058446,4.887122671804752,
2005-06-20,44.10030507385999,30.069107257546563,9.810886319845858,7.261913937058446,4.887122671804752,
2005-06-21,44.10030507385999,30.069107257546563,9.810886319845858,7.261913937058446,4.887122671804752,
2005-06-22,44.10972756410256,30.061282051282053,9.805480769230769,7.25948717948718,4.895032051282051,
2005-06-23,44.113355726167626,30.057325655790148,9.802015355086374,7.258989123480486,4.897152911068458,
2005-06-24,44.11409642401022,30.0514687100894,9.800478927203066,7.258492975734355,4.9040549169859515,
2005-06-25,44.11770235818993,30.045634161886554,9.797036328871894,7.257998725302741,4.911886551943913,
2005-06-26,44.11770235818993,30.045634161886554,9.797036328871894,7.257998725302741,4.911886551943913,
2005-06-27,44.11770235818993,30.045634161886554,9.797036328871894,7.257998725302741,4.911886551943913,
2005-06-28,44.123202926208656,30.03791348600509,9.791698473282443,7.255597964376591,4.923505089058524,
2005-06-29,44.123202926208656,30.03791348600509,9.791698473282443,7.255597964376591,4.923505089058524,
2005-06-30,44.12296825396825,30.032126984126986,9.788285714285715,7.255111111111111,4.933174603174603,
2005-07-01,44.12296825396825,30.032126984126986,9.788285714285715,7.255111111111111,4.933174603174603,
2005-07-02,44.12273447401775,30.02446134347275,9.786787072243346,7.254626108998733,4.944708491761723,
2005-07-03,44.12273447401775,30.02446134347275,9.786787072243346,7.254626108998733,4.944708491761723,
2005-07-04,44.12273447401775,30.02446134347275,9.786787072243346,7.254626108998733,4.944708491761723,
2005-07-05,44.120604048070845,30.018722327640734,9.783396584440228,7.254142947501581,4.956198608475648,
2005-07-06,44.12605744949495,30.011111111111113,9.778125000000001,7.251767676767677,4.965751262626262,
2005-07-07,44.12392879647133,30.005419029615627,9.77476370510397,7.251291745431632,4.97715816005041,
2005-07-08,44.12369496855346,29.999748427672955,9.773301886792453,7.250817610062893,4.982861635220125,
2005-07-09,44.121578782172,29.99598242310107,9.769962335216572,7.250345260514752,4.994193345888261,
2005-07-10,44.121578782172,29.99598242310107,9.769962335216572,7.250345260514752,4.994193345888261,
2005-07-11,44.121578782172,29.99598242310107,9.769962335216572,7.250345260514752,4.994193345888261,
2005-07-12,44.121578782172,29.99598242310107,9.769962335216572,7.250345260514752,4.994193345888261,
2005-07-13,44.125109649122805,29.990350877192984,9.764755639097745,7.249874686716792,5.0036027568922306,
2005-07-14,44.12112257661038,29.984740462789244,9.763320825515947,7.251282051282051,5.014853033145716,
2005-07-15,44.11902309612984,29.979151061173532,9.760018726591762,7.250811485642947,5.027933832709113,
2005-07-16,44.116931464174456,29.973582554517133,9.756728971962618,7.250342679127726,5.040965732087227,
2005-07-17,44.116931464174456,29.973582554517133,9.756728971962618,7.250342679127726,5.040965732087227,
2005-07-18,44.116931464174456,29.973582554517133,9.756728971962618,7.250342679127726,5.040965732087227,
2005-07-19,44.11895211442786,29.96691542288557,9.753824626865672,7.251741293532338,5.04872512437811,
2005-07-20,44.11966170080696,29.96139044072005,9.750558659217877,7.251272501551831,5.057945375543141,
2005-07-21,44.11572180916977,29.955885997521683,9.749163568773234,7.2508054522924414,5.070848822800496,
2005-07-22,44.113651824366116,29.949474335188622,9.747773654916513,7.2503401360544215,5.081849103277675,
2005-07-23,44.113651824366116,29.949474335188622,9.747773654916513,7.2503401360544215,5.081849103277675,
2005-07-24,44.113651824366116,29.949474335188622,9.747773654916513,7.2503401360544215,5.081849103277675,
2005-07-25,44.113651824366116,29.949474335188622,9.747773654916513,7.2503401360544215,5.081849103277675,
2005-07-26,44.113651824366116,29.949474335188622,9.747773654916513,7.2503401360544215,5.081849103277675,
2005-07-27,44.113441358024694,29.944012345679013,9.744537037037038,7.249876543209877,5.092808641975309,
2005-07-28,44.109534812076404,29.94041897720271,9.741312384473199,7.249414664202095,5.1055760936537276,
2005-07-29,44.105642681426815,29.933148831488314,9.739944649446494,7.25079950799508,5.11829643296433,
2005-07-30,44.105642681426815,29.933148831488314,9.739944649446494,7.25079950799508,5.11829643296433,
2005-07-31,44.105642681426815,29.933148831488314,9.739944649446494,7.25079950799508,5.11829643296433,
2005-08-01,44.105642681426815,29.933148831488314,9.739944649446494,7.25079950799508,5.11829643296433,
2005-08-02,44.105642681426815,29.933148831488314,9.739944649446494,7.25079950799508,5.11829643296433,
2005-08-03,44.10452731737262,29.925905463474525,9.735819521178637,7.2512584407612035,5.130969920196439,
2005-08-04,44.101577818627455,29.921446078431373,9.732628676470588,7.249877450980392,5.14359681372549,
2005-08-05,44.09772171253823,29.917920489296634,9.731284403669726,7.25125382262997,5.150672782874618,
2005-08-06,44.09772171253823,29.917920489296634,9.731284403669726,7.25125382262997,5.150672782874618,
2005-08-07,44.09772171253823,29.917920489296634,9.731284403669726,7.25125382262997,5.150672782874618,
2005-08-08,44.09772171253823,29.917920489296634,9.731284403669726,7.25125382262997,5.150672782874618,
2005-08-09,44.09571123321123,29.916239316239317,9.728113553113554,7.250793650793651,5.159554334554334,
2005-08-10,44.09187995124924,29.912736136502133,9.723126142595978,7.250335161486898,5.17205971968312,
2005-08-11,44.087150243309004,29.910158150851583,9.720894160583942,7.249878345498783,5.182694647201947,
2005-08-12,44.083348512446875,29.90850030358227,9.719581056466303,7.251244687310261,5.189647844565878,
2005-08-13,44.08137878787879,29.906848484848485,9.714636363636364,7.250787878787879,5.19839393939394,
2005-08-14,44.08137878787879,29.906848484848485,9.714636363636364,7.250787878787879,5.19839393939394,
2005-08-15,44.08137878787879,29.906848484848485,9.714636363636364,7.250787878787879,5.19839393939394,
2005-08-16,44.077510586811854,29.904204476709015,9.71152450090744,7.2516031457955235,5.208469449485784,
2005-08-17,44.073746980676326,29.904378019323673,9.708423913043479,7.251147342995169,5.215338164251208,
2005-08-18,44.069996986136225,29.902742616033755,9.703526220614828,7.250693188667872,5.22579867389994,
2005-08-19,44.06806558363417,29.901113116726837,9.702256317689532,7.2520457280385076,5.230806257521059,
2005-08-20,44.06806558363417,29.901113116726837,9.702256317689532,7.2520457280385076,5.230806257521059,
2005-08-21,44.06806558363417,29.901113116726837,9.702256317689532,7.2520457280385076,5.230806257521059,
2005-08-22,44.06614114114114,29.89948948948949,9.697387387387387,7.253393393393393,5.237597597597598,
2005-08-23,44.06224520383693,29.897781774580338,9.694424460431655,7.254466426858513,5.246432853717026,
2005-08-24,44.06224520383693,29.897781774580338,9.694424460431655,7.254466426858513,5.246432853717026,
2005-08-25,44.05854278874925,29.898862956313586,9.691382405745063,7.254009575104727,5.2540694195092765,
2005-08-26,44.05664575866189,29.89904420549582,9.688351254480287,7.255346475507765,5.258990442054959,
2005-08-27,44.05564997018485,29.89582587954681,9.68479427549195,7.256320810971974,5.267650566487776,
2005-08-28,44.05564997018485,29.89582587954681,9.68479427549195,7.256320810971974,5.267650566487776,
2005-08-29,44.05376488095238,29.896011904761906,9.68,7.257648809523809,5.272529761904762,
2005-08-30,44.050103980986336,29.896197266785503,9.675222816399287,7.25718954248366,5.280956625074272,
2005-08-31,44.050103980986336,29.896197266785503,9.675222816399287,7.25718954248366,5.280956625074272,
2005-09-01,44.04734578884935,29.899051008303676,9.670462633451958,7.255842230130487,5.288463819691578,
2005-09-02,44.044330965068085,29.900651272942568,9.66669626998224,7.256275902901125,5.294789816459444,
2005-09-03,44.0424793144208,29.902600472813237,9.661968085106384,7.255821513002364,5.301359338061466,
2005-09-04,44.0424793144208,29.902600472813237,9.661968085106384,7.255821513002364,5.301359338061466,
2005-09-05,44.03886430678466,29.90631268436578,9.659026548672568,7.255368731563423,5.30613569321534,
2005-09-06,44.03886430678466,29.90631268436578,9.659026548672568,7.255368731563423,5.30613569321534,
2005-09-07,44.03526207302709,29.91177856301531,9.654328621908128,7.254034157832745,5.311778563015312,
2005-09-08,44.03079071134626,29.918106995884774,9.649647266313934,7.253145208700765,5.317842445620223,
2005-09-09,44.02589495305164,29.924149061032868,9.645158450704225,7.252699530516432,5.323356807511737,
2005-09-10,44.01969830111306,29.93219097832455,9.640509666080844,7.252255418863504,5.328060925600468,
2005-09-11,44.01969830111306,29.93219097832455,9.640509666080844,7.252255418863504,5.328060925600468,
2005-09-12,44.01615497076023,29.93932748538012,9.636754385964911,7.250935672514621,5.330994152046784,
2005-09-13,44.012361354349096,29.94503794512551,9.63231173380035,7.250058377116171,5.33610624635143,
2005-09-14,44.012361354349096,29.94503794512551,9.63231173380035,7.250058377116171,5.33610624635143,
2005-09-15,44.012361354349096,29.94503794512551,9.63231173380035,7.250058377116171,5.33610624635143,
2005-09-16,44.007969114219115,29.94950466200466,9.62770979020979,7.251369463869465,5.341637529137529,
2005-09-17,44.007969114219115,29.94950466200466,9.62770979020979,7.251369463869465,5.341637529137529,
2005-09-18,44.007969114219115,29.94950466200466,9.62770979020979,7.251369463869465,5.341637529137529,
2005-09-19,44.007969114219115,29.94950466200466,9.62770979020979,7.251369463869465,5.341637529137529,
2005-09-20,44.007969114219115,29.94950466200466,9.62770979020979,7.251369463869465,5.341637529137529,
2005-09-21,44.007969114219115,29.94950466200466,9.62770979020979,7.251369463869465,5.341637529137529,
2005-09-22,43.99312100058174,29.955700988947058,9.624869109947644,7.256166375799884,5.348894706224549,
2005-09-23,43.98093786295006,29.964488966318232,9.622038327526132,7.257462253193961,5.353513356562137,
2005-09-24,43.98093786295006,29.964488966318232,9.622038327526132,7.257462253193961,5.353513356562137,
2005-09-25,43.98093786295006,29.964488966318232,9.622038327526132,7.257462253193961,5.353513356562137,
2005-09-26,43.98093786295006,29.964488966318232,9.622038327526132,7.257462253193961,5.353513356562137,
2005-09-27,43.98093786295006,29.964488966318232,9.622038327526132,7.257462253193961,5.353513356562137,
2005-09-28,43.9670579710145,29.97150724637681,9.619217391304348,7.263971014492754,5.358115942028985,
2005-09-29,43.95322627314815,29.978501157407404,9.61640625,7.266984953703704,5.364438657407407,
2005-09-30,43.95322627314815,29.978501157407404,9.61640625,7.266984953703704,5.364438657407407,
2005-10-01,43.95322627314815,29.978501157407404,9.61640625,7.266984953703704,5.364438657407407,
2005-10-02,43.95322627314815,29.978501157407404,9.61640625,7.266984953703704,5.364438657407407,
2005-10-03,43.95322627314815,29.978501157407404,9.61640625,7.266984953703704,5.364438657407407,
2005-10-04,43.95322627314815,29.978501157407404,9.61640625,7.266984953703704,5.364438657407407,
2005-10-05,43.93944251877527,29.98547082611207,9.61360485268631,7.273454650491046,5.369006354708261,
2005-10-06,43.92570645905421,29.99241637831603,9.610813148788928,7.278171856978086,5.373558246828143,
2005-10-07,43.91719919401267,29.99933793897524,9.606303972366149,7.277691421991941,5.379821531375935,
2005-10-08,43.91719919401267,29.99933793897524,9.606303972366149,7.277691421991941,5.379821531375935,
2005-10-09,43.91719919401267,29.99933793897524,9.606303972366149,7.277691421991941,5.379821531375935,
2005-10-10,43.91719919401267,29.99933793897524,9.606303972366149,7.277691421991941,5.379821531375935,
2005-10-11,43.91719919401267,29.99933793897524,9.606303972366149,7.277691421991941,5.379821531375935,
2005-10-12,43.903548850574715,30.006235632183905,9.60353448275862,7.282385057471265,5.386063218390804,
2005-10-13,43.891666666666666,30.01310958118187,9.60077452667814,7.285341365461848,5.390562248995984,
2005-10-14,43.88154352806415,30.021678121420386,9.5963058419244,7.286569301260023,5.395045819014891,
2005-10-15,43.88154352806415,30.021678121420386,9.5963058419244,7.286569301260023,5.395045819014891,
2005-10-16,43.88154352806415,30.021678121420386,9.5963058419244,7.286569301260023,5.395045819014891,
2005-10-17,43.871455117209834,30.028502001143508,9.593567753001716,7.289508290451687,5.397798742138365,
2005-10-18,43.856264269406395,30.035302511415523,9.592551369863013,7.292437214611873,5.403966894977168,
2005-10-19,43.84232193732194,30.041396011396014,9.59094017094017,7.296723646723646,5.409344729344729,
2005-10-20,43.83064562002276,30.04815130830489,9.588225255972697,7.299630261660978,5.41547212741752,
2005-10-21,43.83064562002276,30.04815130830489,9.588225255972697,7.299630261660978,5.41547212741752,
2005-10-22,43.83064562002276,30.04815130830489,9.588225255972697,7.299630261660978,5.41547212741752,
2005-10-23,43.83064562002276,30.04815130830489,9.588225255972697,7.299630261660978,5.41547212741752,
2005-10-24,43.83064562002276,30.04815130830489,9.588225255972697,7.299630261660978,5.41547212741752,
2005-10-25,43.83064562002276,30.04815130830489,9.588225255972697,7.299630261660978,5.41547212741752,
2005-10-26,43.81645371947757,30.053180011357185,9.587223168654173,7.303378762067007,5.4224304372515615,
2005-10-27,43.80316043083901,30.059892290249433,9.586224489795917,7.3062641723356005,5.428514739229025,
2005-10-28,43.79161007357103,30.068279569892475,9.583531409168081,7.309139784946236,5.432880588568195,
2005-10-29,43.79161007357103,30.068279569892475,9.583531409168081,7.309139784946236,5.432880588568195,
2005-10-30,43.79161007357103,30.068279569892475,9.583531409168081,7.309139784946236,5.432880588568195,
2005-10-31,43.79161007357103,30.068279569892475,9.583531409168081,7.309139784946236,5.432880588568195,
2005-11-01,43.77501412429379,30.07324858757062,9.582542372881356,7.313700564971751,5.440621468926554,
2005-11-02,43.760166384658774,30.079892836999438,9.579864636209814,7.319937958262831,5.444952058657642,
2005-11-03,43.746213400900906,30.082291666666666,9.578885135135135,7.325309684684684,5.452646396396396,
2005-11-04,43.746213400900906,30.082291666666666,9.578885135135135,7.325309684684684,5.452646396396396,
2005-11-05,43.746213400900906,30.082291666666666,9.578885135135135,7.325309684684684,5.452646396396396,
2005-11-06,43.746213400900906,30.082291666666666,9.578885135135135,7.325309684684684,5.452646396396396,
2005-11-07,43.746213400900906,30.082291666666666,9.578885135135135,7.325309684684684,5.452646396396396,
2005-11-08,43.72977796514896,30.085525576166386,9.577908937605397,7.333192804946599,5.458628442945475,
2005-11-09,43.72977796514896,30.085525576166386,9.577908937605397,7.333192804946599,5.458628442945475,
2005-11-10,43.71676487093154,30.090432098765433,9.575252525252525,7.3376823793490455,5.466273849607183,
2005-11-11,43.703795518207286,30.095322128851542,9.574285714285715,7.34047619047619,5.472212885154062,
2005-11-12,43.703795518207286,30.095322128851542,9.574285714285715,7.34047619047619,5.472212885154062,
2005-11-13,43.703795518207286,30.095322128851542,9.574285714285715,7.34047619047619,5.472212885154062,
2005-11-14,43.690869686800895,30.100195749440715,9.573322147651007,7.344938478747203,5.476454138702461,
2005-11-15,43.67212451144612,30.103378001116695,9.572361809045226,7.352735901730876,5.484031267448353,
2005-11-16,43.67212451144612,30.103378001116695,9.572361809045226,7.352735901730876,5.484031267448353,
2005-11-17,43.655950390189524,30.109894091415832,9.571404682274247,7.358835005574136,5.489910813823857,
2005-11-18,43.655950390189524,30.109894091415832,9.571404682274247,7.358835005574136,5.489910813823857,
2005-11-19,43.655950390189524,30.109894091415832,9.571404682274247,7.358835005574136,5.489910813823857,
2005-11-20,43.655950390189524,30.109894091415832,9.571404682274247,7.358835005574136,5.489910813823857,
2005-11-21,43.655950390189524,30.109894091415832,9.571404682274247,7.358835005574136,5.489910813823857,
2005-11-22,43.63649137451308,30.11304952698943,9.57212020033389,7.364913745130773,5.4974401780745685,
2005-11-23,43.62101388888889,30.117527777777777,9.5695,7.371555555555556,5.504027777777778,
2005-11-24,43.60666943982252,30.123987798114253,9.568552412645591,7.375929007210205,5.509844703272323,
2005-11-25,43.59569490586932,30.130426356589147,9.567607973421927,7.378626799557032,5.513981173864894,
2005-11-26,43.59569490586932,30.130426356589147,9.567607973421927,7.378626799557032,5.513981173864894,
2005-11-27,43.59569490586932,30.130426356589147,9.567607973421927,7.378626799557032,5.513981173864894,
2005-11-28,43.59569490586932,30.130426356589147,9.567607973421927,7.378626799557032,5.513981173864894,
2005-11-29,43.57978164731896,30.133526810392482,9.566666666666666,7.382974018794914,5.523079049198452,
2005-11-30,43.56557671081678,30.13496136865342,9.565728476821192,7.390618101545254,5.528835540838852,
2005-12-01,43.55307162534435,30.141349862258952,9.564793388429752,7.394931129476584,5.532920110192837,
2005-12-02,43.55307162534435,30.141349862258952,9.564793388429752,7.394931129476584,5.532920110192837,
2005-12-03,43.55307162534435,30.141349862258952,9.564793388429752,7.394931129476584,5.532920110192837,
2005-12-04,43.55307162534435,30.141349862258952,9.564793388429752,7.394931129476584,5.532920110192837,
2005-12-05,43.55307162534435,30.141349862258952,9.564793388429752,7.394931129476584,5.532920110192837,
2005-12-06,43.55307162534435,30.141349862258952,9.564793388429752,7.394931129476584,5.532920110192837,
2005-12-07,43.537307480748076,30.14606710671067,9.563861386138614,7.400880088008801,5.538641364136414,
2005-12-08,43.524890170236134,30.15241625480505,9.562932454695222,7.405161998901702,5.54269632070291,
2005-12-09,43.514158442982456,30.15874451754386,9.560361842105262,7.408607456140351,5.547560307017544,
2005-12-10,43.514158442982456,30.15874451754386,9.560361842105262,7.408607456140351,5.547560307017544,
2005-12-11,43.514158442982456,30.15874451754386,9.560361842105262,7.408607456140351,5.547560307017544,
2005-12-12,43.514158442982456,30.15874451754386,9.560361842105262,7.408607456140351,5.547560307017544,
2005-12-13,43.514158442982456,30.15874451754386,9.560361842105262,7.408607456140351,5.547560307017544,
2005-12-14,43.50181992337165,30.160125889436234,9.557799671592775,7.416146688560482,5.5532293377120965,
2005-12-15,43.487882513661205,30.164781420765028,9.55688524590164,7.4203825136612025,5.558879781420765,
2005-12-16,43.487882513661205,30.164781420765028,9.55688524590164,7.4203825136612025,5.558879781420765,
2005-12-17,43.487882513661205,30.164781420765028,9.55688524590164,7.4203825136612025,5.558879781420765,
2005-12-18,43.487882513661205,30.164781420765028,9.55688524590164,7.4203825136612025,5.558879781420765,
2005-12-19,43.487882513661205,30.164781420765028,9.55688524590164,7.4203825136612025,5.558879781420765,
2005-12-20,43.487882513661205,30.164781420765028,9.55688524590164,7.4203825136612025,5.558879781420765,
2005-12-21,43.47579105291871,30.168112384069833,9.554991816693946,7.424768139661757,5.565111838516094,
2005-12-22,43.47579105291871,30.168112384069833,9.554991816693946,7.424768139661757,5.565111838516094,
2005-12-23,43.47579105291871,30.168112384069833,9.554991816693946,7.424768139661757,5.565111838516094,
2005-12-24,43.47579105291871,30.168112384069833,9.554991816693946,7.424768139661757,5.565111838516094,
2005-12-25,43.47579105291871,30.168112384069833,9.554991816693946,7.424768139661757,5.565111838516094,
2005-12-26,43.47579105291871,30.168112384069833,9.554991816693946,7.424768139661757,5.565111838516094,
2005-12-27,43.47579105291871,30.168112384069833,9.554991816693946,7.424768139661757,5.565111838516094,
2005-12-28,43.465209694989106,30.171105664488017,9.552450980392157,7.430610021786493,5.569090413943355,
2005-12-29,43.465209694989106,30.171105664488017,9.552450980392157,7.430610021786493,5.569090413943355,
2005-12-30,43.465209694989106,30.171105664488017,9.552450980392157,7.430610021786493,5.569090413943355,
2005-12-31,43.465209694989106,30.171105664488017,9.552450980392157,7.430610021786493,5.569090413943355,
2006-01-01,43.465209694989106,30.171105664488017,9.552450980392157,7.430610021786493,5.569090413943355,
2006-01-02,43.465209694989106,30.171105664488017,9.552450980392157,7.430610021786493,5.569090413943355,
2006-01-03,43.465209694989106,30.171105664488017,9.552450980392157,7.430610021786493,5.569090413943355,
2006-01-04,43.45466286025013,30.17408917890158,9.551549755301796,7.434801522566613,5.57305600870038,
2006-01-05,43.44740770901194,30.17543431053203,9.550651465798046,7.437350705754615,5.578637350705755,
2006-01-06,43.44740770901194,30.17543431053203,9.550651465798046,7.437350705754615,5.578637350705755,
2006-01-07,43.44740770901194,30.17543431053203,9.550651465798046,7.437350705754615,5.578637350705755,
2006-01-08,43.44740770901194,30.17543431053203,9.550651465798046,7.437350705754615,5.578637350705755,
2006-01-09,43.44017615176151,30.17677506775068,9.549756097560977,7.43989159891599,5.582574525745257,
2006-01-10,43.44017615176151,30.17677506775068,9.549756097560977,7.43989159891599,5.582574525745257,
2006-01-11,43.42972132034632,30.178111471861474,9.54724025974026,7.445670995670996,5.5864989177489175,
2006-01-12,43.42254186925986,30.181064289573204,9.546353322528363,7.4465694219340905,5.59203133441383,
2006-01-13,43.41538565264293,30.185625674217906,9.543851132686084,7.449083063646171,5.5959277238403455,
2006-01-14,43.41538565264293,30.185625674217906,9.543851132686084,7.449083063646171,5.5959277238403455,
2006-01-15,43.41538565264293,30.185625674217906,9.543851132686084,7.449083063646171,5.5959277238403455,
2006-01-16,43.41538565264293,30.185625674217906,9.543851132686084,7.449083063646171,5.5959277238403455,
2006-01-17,43.40663704900377,30.18371028540657,9.54297253634895,7.45320409262251,5.60304254173398,
2006-01-18,43.39791666666667,30.185026881720432,9.538870967741936,7.4605376344086025,5.606908602150537,
2006-01-19,43.390834675254965,30.187949543746647,9.538003220611916,7.461406333870102,5.612372517444981,
2006-01-20,43.390834675254965,30.187949543746647,9.538003220611916,7.461406333870102,5.612372517444981,
2006-01-21,43.390834675254965,30.187949543746647,9.538003220611916,7.461406333870102,5.612372517444981,
2006-01-22,43.390834675254965,30.187949543746647,9.538003220611916,7.461406333870102,5.612372517444981,
2006-01-23,43.382167738478024,30.189255091103966,9.535530546623795,7.4670953912111475,5.617818863879957,
2006-01-24,43.373528624933115,30.188951310861423,9.534670947030499,7.469555912252543,5.623247726056714,
2006-01-25,43.36555822649573,30.19009081196581,9.532532051282052,7.473450854700855,5.6276175213675215,
2006-01-26,43.360173333333336,30.194586666666662,9.53008,7.472693333333334,5.633013333333333,
2006-01-27,43.35640308839191,30.19906815761448,9.526038338658147,7.473535676251331,5.636794462193823,
2006-01-28,43.35640308839191,30.19906815761448,9.526038338658147,7.473535676251331,5.636794462193823,
2006-01-29,43.35640308839191,30.19906815761448,9.526038338658147,7.473535676251331,5.636794462193823,
2006-01-30,43.35640308839191,30.19906815761448,9.526038338658147,7.473535676251331,5.636794462193823,
2006-01-31,43.34945507708666,30.198750664540135,9.52360446570973,7.475970228601808,5.643753322700691,
2006-02-01,43.34571390658174,30.200026539278127,9.521178343949044,7.476804670912951,5.647505307855626,
2006-02-02,43.340394806571275,30.202888182299944,9.517170111287758,7.477636459989402,5.6528351881293055,
2006-02-03,43.340394806571275,30.202888182299944,9.517170111287758,7.477636459989402,5.6528351881293055,
2006-02-04,43.340394806571275,30.202888182299944,9.517170111287758,7.477636459989402,5.6528351881293055,
2006-02-05,43.340394806571275,30.202888182299944,9.517170111287758,7.477636459989402,5.6528351881293055,
2006-02-06,43.340394806571275,30.202888182299944,9.517170111287758,7.477636459989402,5.6528351881293055,
2006-02-07,43.335092592592595,30.204153439153437,9.514761904761905,7.48005291005291,5.658148148148148,
2006-02-08,43.33139197041733,30.203829899630215,9.512361331220285,7.482461701003698,5.661859482303222,
2006-02-09,43.32770305907173,30.205089662447254,9.50996835443038,7.4832805907173,5.665559071729958,
2006-02-10,43.32770305907173,30.205089662447254,9.50996835443038,7.4832805907173,5.665559071729958,
2006-02-11,43.32770305907173,30.205089662447254,9.50996835443038,7.4832805907173,5.665559071729958,
2006-02-12,43.32770305907173,30.205089662447254,9.50996835443038,7.4832805907173,5.665559071729958,
2006-02-13,43.322446024223275,30.207925223801997,9.507582938388627,7.484096893101633,5.669246972090574,
2006-02-14,43.31562828601472,30.209174553101995,9.506782334384859,7.4864879074658255,5.6745005257623555,
2006-02-15,43.31040682414698,30.207270341207348,9.505984251968504,7.488871391076116,5.678162729658792,
2006-02-16,43.3083464360587,30.206944444444442,9.503616352201258,7.491247379454927,5.681813417190775,
2006-02-17,43.30472265829409,30.209759288330716,9.501255886970172,7.4920460491889065,5.683882783882784,
2006-02-18,43.30472265829409,30.209759288330716,9.501255886970172,7.4920460491889065,5.683882783882784,
2006-02-19,43.30472265829409,30.209759288330716,9.501255886970172,7.4920460491889065,5.683882783882784,
2006-02-20,43.30472265829409,30.209759288330716,9.501255886970172,7.4920460491889065,5.683882783882784,
2006-02-21,43.30472265829409,30.209759288330716,9.501255886970172,7.4920460491889065,5.683882783882784,
2006-02-22,43.296564785788924,30.20935214211076,9.49960815047022,7.49582027168234,5.6893939393939394,
2006-02-23,43.291405842462176,30.20902451747522,9.497261345852895,7.498174230568596,5.694574856546688,
2006-02-24,43.28782552083333,30.210260416666664,9.495703125,7.499739583333333,5.697395833333333,
2006-02-25,43.28782552083333,30.210260416666664,9.495703125,7.499739583333333,5.697395833333333,
2006-02-26,43.28782552083333,30.210260416666664,9.495703125,7.499739583333333,5.697395833333333,
2006-02-27,43.28782552083333,30.210260416666664,9.495703125,7.499739583333333,5.697395833333333,
2006-02-28,43.28269630785231,30.208372334893394,9.494929797191888,7.502080083203328,5.702548101924077,
2006-03-01,43.276025441329175,30.20493250259605,9.494158878504672,7.505970924195223,5.707684319833853,
2006-03-02,43.27248574390876,30.204613789528253,9.494945567651634,7.508294453084499,5.709694142042509,
2006-03-03,43.27248574390876,30.204613789528253,9.494945567651634,7.508294453084499,5.709694142042509,
2006-03-04,43.27248574390876,30.204613789528253,9.494945567651634,7.508294453084499,5.709694142042509,
2006-03-05,43.27248574390876,30.204613789528253,9.494945567651634,7.508294453084499,5.709694142042509,
2006-03-06,43.27248574390876,30.204613789528253,9.494945567651634,7.508294453084499,5.709694142042509,
2006-03-07,43.26429865424431,30.204296066252585,9.49417701863354,7.510610766045549,5.7148033126294,
2006-03-08,43.260788113695085,30.199328165374677,9.493410852713179,7.514470284237726,5.718346253229974,
2006-03-09,43.25728844169247,30.197471620227038,9.492647058823529,7.516769865841073,5.7218782249742,
2006-03-10,43.253799587841314,30.200257599175682,9.488794435857805,7.517516743946419,5.725399278722309,
2006-03-11,43.253799587841314,30.200257599175682,9.488794435857805,7.517516743946419,5.725399278722309,
2006-03-12,43.253799587841314,30.200257599175682,9.488794435857805,7.517516743946419,5.725399278722309,
2006-03-13,43.253799587841314,30.200257599175682,9.488794435857805,7.517516743946419,5.725399278722309,
2006-03-14,43.24723508230453,30.19994855967078,9.48804012345679,7.51980452674897,5.730452674897119,
2006-03-15,43.24092193117617,30.197560349255266,9.486594761171032,7.525166923472008,5.735798664612224,
2006-03-16,43.2359358974359,30.19725641025641,9.485846153846154,7.527435897435897,5.739282051282051,
2006-03-17,43.23096518177164,30.19541730670763,9.485099846390169,7.531233998975934,5.742754736303123,
2006-03-18,43.23096518177164,30.19541730670763,9.485099846390169,7.531233998975934,5.742754736303123,
2006-03-19,43.23096518177164,30.19541730670763,9.485099846390169,7.531233998975934,5.742754736303123,
2006-03-20,43.23096518177164,30.19541730670763,9.485099846390169,7.531233998975934,5.742754736303123,
2006-03-21,43.23096518177164,30.19541730670763,9.485099846390169,7.531233998975934,5.742754736303123,
2006-03-22,43.22447597137015,30.19205010224949,9.48435582822086,7.536554192229039,5.747750511247443,
2006-03-23,43.22447597137015,30.19205010224949,9.48435582822086,7.536554192229039,5.747750511247443,
2006-03-24,43.22106942317509,30.19328739152629,9.483614088820827,7.537263910158243,5.751199591628382,
2006-03-25,43.22106942317509,30.19328739152629,9.483614088820827,7.537263910158243,5.751199591628382,
2006-03-26,43.22106942317509,30.19328739152629,9.483614088820827,7.537263910158243,5.751199591628382,
2006-03-27,43.22106942317509,30.19328739152629,9.483614088820827,7.537263910158243,5.751199591628382,
2006-03-28,43.21308613659531,30.192991845056067,9.482874617737004,7.539500509683996,5.7561671763506626,
2006-03-29,43.205127226463105,30.18964376590331,9.482137404580152,7.544783715012723,5.761119592875318,
2006-03-30,43.205127226463105,30.18964376590331,9.482137404580152,7.544783715012723,5.761119592875318,
2006-03-31,43.20176575203252,30.19087906504065,9.479878048780488,7.547002032520325,5.764532520325203,
2006-04-01,43.20176575203252,30.19087906504065,9.479878048780488,7.547002032520325,5.764532520325203,
2006-04-02,43.20176575203252,30.19087906504065,9.479878048780488,7.547002032520325,5.764532520325203,
2006-04-03,43.20176575203252,30.19087906504065,9.479878048780488,7.547002032520325,5.764532520325203,
2006-04-04,43.19384830035515,30.19058853373922,9.479147640791476,7.549213597158802,5.769457128361238,
2006-04-05,43.187474670719354,30.185739614994937,9.479939209726444,7.552938196555218,5.774366767983789,
2006-04-06,43.18263783510369,30.18545776428933,9.479210925644917,7.556651492159838,5.777744056651492,
2006-04-07,43.179330808080806,30.188207070707072,9.476969696969697,7.55580808080808,5.781111111111111,
2006-04-08,43.179330808080806,30.188207070707072,9.476969696969697,7.55580808080808,5.781111111111111,
2006-04-09,43.179330808080806,30.188207070707072,9.476969696969697,7.55580808080808,5.781111111111111,
2006-04-10,43.179330808080806,30.188207070707072,9.476969696969697,7.55580808080808,5.781111111111111,
2006-04-11,43.17300806858295,30.18489662128089,9.477760968229955,7.559505799293999,5.785980837115481,
2006-04-12,43.16481621349446,30.184768378650553,9.476510574018127,7.563645518630413,5.791062437059416,
2006-04-13,43.16004273504274,30.185997988939164,9.475791855203619,7.565811965811966,5.7943941679235795,
2006-04-14,43.16004273504274,30.185997988939164,9.475791855203619,7.565811965811966,5.7943941679235795,
2006-04-15,43.16004273504274,30.185997988939164,9.475791855203619,7.565811965811966,5.7943941679235795,
2006-04-16,43.16004273504274,30.185997988939164,9.475791855203619,7.565811965811966,5.7943941679235795,
2006-04-17,43.16004273504274,30.185997988939164,9.475791855203619,7.565811965811966,5.7943941679235795,
2006-04-18,43.16004273504274,30.185997988939164,9.475791855203619,7.565811965811966,5.7943941679235795,
2006-04-19,43.152271586345385,30.186470883534135,9.47507530120482,7.568724899598394,5.799221887550201,
2006-04-20,43.152271586345385,30.186470883534135,9.47507530120482,7.568724899598394,5.799221887550201,
2006-04-21,43.14452380952381,30.189949874686715,9.475112781954888,7.570125313283208,5.802531328320802,
2006-04-22,43.14452380952381,30.189949874686715,9.475112781954888,7.570125313283208,5.802531328320802,
2006-04-23,43.14452380952381,30.189949874686715,9.475112781954888,7.570125313283208,5.802531328320802,
2006-04-24,43.14452380952381,30.189949874686715,9.475112781954888,7.570125313283208,5.802531328320802,
2006-04-25,43.1352977977978,30.191166166166166,9.474399399399399,7.573773773773774,5.807332332332332,
2006-04-26,43.126099450274864,30.189380309845077,9.473688155922039,7.578910544727636,5.812118940529735,
2006-04-27,43.126099450274864,30.189380309845077,9.473688155922039,7.578910544727636,5.812118940529735,
2006-04-28,43.12067115768463,30.19134231536926,9.472230538922155,7.580289421157684,5.815394211576846,
2006-04-29,43.12067115768463,30.19134231536926,9.472230538922155,7.580289421157684,5.815394211576846,
2006-04-30,43.12067115768463,30.19134231536926,9.472230538922155,7.580289421157684,5.815394211576846,
2006-05-01,43.12067115768463,30.19134231536926,9.472230538922155,7.580289421157684,5.815394211576846,
2006-05-02,43.12067115768463,30.19134231536926,9.472230538922155,7.580289421157684,5.815394211576846,
2006-05-03,43.113016940707524,30.19105630293971,9.47152466367713,7.58315894369706,5.8201544593921275,
2006-05-04,43.113016940707524,30.19105630293971,9.47152466367713,7.58315894369706,5.8201544593921275,
2006-05-05,43.10687810945274,30.19226368159204,9.47231343283582,7.585273631840796,5.823407960199005,
2006-05-06,43.10687810945274,30.19226368159204,9.47231343283582,7.585273631840796,5.823407960199005,
2006-05-07,43.10687810945274,30.19226368159204,9.47231343283582,7.585273631840796,5.823407960199005,
2006-05-08,43.10687810945274,30.19226368159204,9.47231343283582,7.585273631840796,5.823407960199005,
2006-05-09,43.097776949826134,30.191977148534523,9.47160953800298,7.588872329855937,5.829632389468455,
2006-05-10,43.09167906746032,30.190203373015873,9.470907738095239,7.590972222222222,5.834350198412698,
2006-05-11,43.09167906746032,30.190203373015873,9.470907738095239,7.590972222222222,5.834350198412698,
2006-05-12,43.08411342248638,30.191406636948983,9.470208023774145,7.593065874195146,5.8390539871223375,
2006-05-13,43.08411342248638,30.191406636948983,9.470208023774145,7.593065874195146,5.8390539871223375,
2006-05-14,43.08411342248638,30.191406636948983,9.470208023774145,7.593065874195146,5.8390539871223375,
2006-05-15,43.08411342248638,30.191406636948983,9.470208023774145,7.593065874195146,5.8390539871223375,
2006-05-16,43.08411342248638,30.191406636948983,9.470208023774145,7.593065874195146,5.8390539871223375,
2006-05-17,43.07619930761622,30.18941641938675,9.46839762611276,7.59782393669634,5.84515331355094,
2006-05-18,43.0671975308642,30.18913580246914,9.469185185185184,7.6013827160493825,5.849827160493827,
2006-05-19,43.064139546351086,30.19181459566075,9.467011834319527,7.6034516765286,5.851528599605523,
2006-05-20,43.064139546351086,30.19181459566075,9.467011834319527,7.6034516765286,5.851528599605523,
2006-05-21,43.064139546351086,30.19181459566075,9.467011834319527,7.6034516765286,5.851528599605523,
2006-05-22,43.064139546351086,30.19181459566075,9.467011834319527,7.6034516765286,5.851528599605523,
2006-05-23,43.05518217626785,30.190054160512066,9.46632200886263,7.609207287050714,5.856917774495322,
2006-05-24,43.05518217626785,30.190054160512066,9.46632200886263,7.609207287050714,5.856917774495322,
2006-05-25,43.05518217626785,30.190054160512066,9.46632200886263,7.609207287050714,5.856917774495322,
2006-05-26,43.05518217626785,30.190054160512066,9.46632200886263,7.609207287050714,5.856917774495322,
2006-05-27,43.05518217626785,30.190054160512066,9.46632200886263,7.609207287050714,5.856917774495322,
2006-05-28,43.05518217626785,30.190054160512066,9.46632200886263,7.609207287050714,5.856917774495322,
2006-05-29,43.05518217626785,30.190054160512066,9.46632200886263,7.609207287050714,5.856917774495322,
2006-05-30,43.04330137659784,30.189773844641103,9.467109144542773,7.615683382497542,5.863028515240904,
2006-05-31,43.02998281786942,30.186548846342664,9.466421207658321,7.623613156602848,5.869121256750122,
2006-06-01,43.02111519607843,30.186274509803923,9.46720588235294,7.627107843137255,5.873725490196078,
2006-06-02,43.02111519607843,30.186274509803923,9.46720588235294,7.627107843137255,5.873725490196078,
2006-06-03,43.02111519607843,30.186274509803923,9.46720588235294,7.627107843137255,5.873725490196078,
2006-06-04,43.02111519607843,30.186274509803923,9.46720588235294,7.627107843137255,5.873725490196078,
2006-06-05,43.02111519607843,30.186274509803923,9.46720588235294,7.627107843137255,5.873725490196078,
2006-06-06,43.02111519607843,30.186274509803923,9.46720588235294,7.627107843137255,5.873725490196078,
2006-06-07,43.00860254527655,30.183798335780715,9.466519823788547,7.634263338228096,5.879784630445423,
2006-06-08,43.00860254527655,30.183798335780715,9.466519823788547,7.634263338228096,5.879784630445423,
2006-06-09,42.99979227761486,30.183528836754643,9.467302052785923,7.637732160312805,5.88435972629521,
2006-06-10,42.99979227761486,30.183528836754643,9.467302052785923,7.637732160312805,5.88435972629521,
2006-06-11,42.99979227761486,30.183528836754643,9.467302052785923,7.637732160312805,5.88435972629521,
2006-06-12,42.99979227761486,30.183528836754643,9.467302052785923,7.637732160312805,5.88435972629521,
2006-06-13,42.98807955100049,30.18033186920449,9.466617862371889,7.644119082479258,5.890385553928746,
2006-06-14,42.97640107212476,30.18006822612086,9.46593567251462,7.649025341130605,5.896393762183235,
2006-06-15,42.97640107212476,30.18006822612086,9.46593567251462,7.649025341130605,5.896393762183235,
2006-06-16,42.96913625304136,30.181265206812654,9.464525547445255,7.651727493917275,5.900924574209245,
2006-06-17,42.96913625304136,30.181265206812654,9.464525547445255,7.651727493917275,5.900924574209245,
2006-06-18,42.96913625304136,30.181265206812654,9.464525547445255,7.651727493917275,5.900924574209245,
2006-06-19,42.96913625304136,30.181265206812654,9.464525547445255,7.651727493917275,5.900924574209245,
2006-06-20,42.95751943634597,30.182458697764822,9.463848396501458,7.656608357628766,5.90689990281827,
2006-06-21,42.953777939747326,30.17055393586006,9.470748299319729,7.661710398445092,5.910932944606414,
2006-06-22,42.9610097323601,30.15912408759124,9.475815085158152,7.661216545012166,5.909343065693431,
2006-06-23,42.969724658869396,30.14766081871345,9.480896686159845,7.662183235867446,5.907748538011696,
2006-06-24,42.969724658869396,30.14766081871345,9.480896686159845,7.662183235867446,5.907748538011696,
2006-06-25,42.969724658869396,30.14766081871345,9.480896686159845,7.662183235867446,5.907748538011696,
2006-06-26,42.969724658869396,30.14766081871345,9.480896686159845,7.662183235867446,5.907748538011696,
2006-06-27,42.9566301703163,30.14890510948905,9.481654501216545,7.6670559610705595,5.913722627737227,
2006-06-28,42.95079075425791,30.137226277372264,9.486034063260341,7.672895377128953,5.9195620437956205,
2006-06-29,42.95656676413255,30.125730994152047,9.492592592592592,7.6724171539961015,5.917982456140351,
2006-06-30,42.962359687652516,30.11420204978038,9.497706198145437,7.673401659346022,5.916398243045388,
2006-07-01,42.962359687652516,30.11420204978038,9.497706198145437,7.673401659346022,5.916398243045388,
2006-07-02,42.962359687652516,30.11420204978038,9.497706198145437,7.673401659346022,5.916398243045388,
2006-07-03,42.962359687652516,30.11420204978038,9.497706198145437,7.673401659346022,5.916398243045388,
2006-07-04,42.949256822612085,30.11549707602339,9.496978557504873,7.6797270955165695,5.9223684210526315,
2006-07-05,42.937560916179336,30.103801169590643,9.502826510721247,7.68849902534113,5.928216374269006,
2006-07-06,42.93098196881092,30.092105263157894,9.508674463937622,7.694346978557505,5.932602339181287,
2006-07-07,42.93098196881092,30.092105263157894,9.508674463937622,7.694346978557505,5.932602339181287,
2006-07-08,42.93098196881092,30.092105263157894,9.508674463937622,7.694346978557505,5.932602339181287,
2006-07-09,42.93098196881092,30.092105263157894,9.508674463937622,7.694346978557505,5.932602339181287,
2006-07-10,42.93098196881092,30.092105263157894,9.508674463937622,7.694346978557505,5.932602339181287,
2006-07-11,42.93098196881092,30.092105263157894,9.508674463937622,7.694346978557505,5.932602339181287,
2006-07-12,42.91928606237817,30.08114035087719,9.51598440545809,7.701656920077973,5.938450292397661,
2006-07-13,42.9119761208577,30.069444444444443,9.523294346978558,7.706042884990254,5.941374269005848,
2006-07-14,42.90612816764133,30.05921052631579,9.527680311890839,7.711890838206628,5.942836257309942,
2006-07-15,42.90612816764133,30.05921052631579,9.527680311890839,7.711890838206628,5.942836257309942,
2006-07-16,42.90612816764133,30.05921052631579,9.527680311890839,7.711890838206628,5.942836257309942,
2006-07-17,42.90612816764133,30.05921052631579,9.527680311890839,7.711890838206628,5.942836257309942,
2006-07-18,42.90612816764133,30.05921052631579,9.527680311890839,7.711890838206628,5.942836257309942,
2006-07-19,42.89764863547758,30.05004873294347,9.533138401559455,7.7177875243664715,5.948294346978558,
2006-07-20,42.88887670565302,30.041276803118908,9.536062378167642,7.723635477582845,5.951218323586745,
2006-07-21,42.88010477582846,30.02958089668616,9.541910331384017,7.730945419103313,5.955604288499025,
2006-07-22,42.88010477582846,30.02958089668616,9.541910331384017,7.730945419103313,5.955604288499025,
2006-07-23,42.88010477582846,30.02958089668616,9.541910331384017,7.730945419103313,5.955604288499025,
2006-07-24,42.88010477582846,30.02958089668616,9.541910331384017,7.730945419103313,5.955604288499025,
2006-07-25,42.88010477582846,30.02958089668616,9.541910331384017,7.730945419103313,5.955604288499025,
2006-07-26,42.86840886939571,30.020808966861598,9.547027290448343,7.738255360623781,5.961452241715399,
2006-07-27,42.87114446071254,30.01205466081015,9.552220595412397,7.737872132747682,5.961395802830649,
2006-07-28,42.8738880742913,30.000342130987292,9.558895405669599,7.737487781036167,5.961339198435972,
2006-07-29,42.87517131669114,29.994468918257464,9.56412139011258,7.737102300538424,5.961282427802251,
2006-07-30,42.87517131669114,29.994468918257464,9.56412139011258,7.737102300538424,5.961282427802251,
2006-07-31,42.87517131669114,29.994468918257464,9.56412139011258,7.737102300538424,5.961282427802251,
2006-08-01,42.87517131669114,29.994468918257464,9.56412139011258,7.737102300538424,5.961282427802251,
2006-08-02,42.85922531769306,29.993743890518083,9.564760508308895,7.744819159335288,5.9672043010752684,
2006-08-03,42.850427663734116,29.983479960899317,9.570625610948191,7.750684261974584,5.971603128054741,
2006-08-04,42.85314488497308,29.973176700930004,9.577337249143417,7.75031815956926,5.97156142927068,
2006-08-05,42.85314488497308,29.973176700930004,9.577337249143417,7.75031815956926,5.97156142927068,
2006-08-06,42.85314488497308,29.973176700930004,9.577337249143417,7.75031815956926,5.97156142927068,
2006-08-07,42.85314488497308,29.973176700930004,9.577337249143417,7.75031815956926,5.97156142927068,
2006-08-08,42.85314488497308,29.973176700930004,9.577337249143417,7.75031815956926,5.97156142927068,
2006-08-09,42.83992902594224,29.96436612824278,9.583210964268233,7.757660303475281,5.977435144395496,
2006-08-10,42.84263480392157,29.956960784313726,9.588480392156864,7.7558333333333325,5.977401960784314,
2006-08-11,42.84534855179185,29.946588119783996,9.595238095238095,7.7540009818360325,5.977368679430535,
2006-08-12,42.84534855179185,29.946588119783996,9.595238095238095,7.7540009818360325,5.977368679430535,
2006-08-13,42.84534855179185,29.946588119783996,9.595238095238095,7.7540009818360325,5.977368679430535,
2006-08-14,42.84534855179185,29.946588119783996,9.595238095238095,7.7540009818360325,5.977368679430535,
2006-08-15,42.84534855179185,29.946588119783996,9.595238095238095,7.7540009818360325,5.977368679430535,
2006-08-16,42.83322287677958,29.938389788905255,9.60108001963672,7.7601374570446735,5.983897889052528,
2006-08-17,42.83740167158309,29.92944936086529,9.606391347099311,7.758308751229105,5.9838741396263515,
2006-08-18,42.830027040314654,29.91912487708948,9.612291052114061,7.765683382497541,5.9853490658800395,
2006-08-19,42.830027040314654,29.91912487708948,9.612291052114061,7.765683382497541,5.9853490658800395,
2006-08-20,42.830027040314654,29.91912487708948,9.612291052114061,7.765683382497541,5.9853490658800395,
2006-08-21,42.830027040314654,29.91912487708948,9.612291052114061,7.765683382497541,5.9853490658800395,
2006-08-22,42.83273018217627,29.913096996553424,9.617626784835057,7.765337272279665,5.983850320039389,
2006-08-23,42.816015240904626,29.911750245821043,9.61819075712881,7.774532940019665,5.989036381514257,
2006-08-24,42.8209133431807,29.901280157557856,9.62353520433284,7.7727227966518955,5.989020187099951,
2006-08-25,42.8071656833825,29.90068829891839,9.62409046214356,7.780432645034415,5.993461160275319,
2006-08-26,42.8071656833825,29.90068829891839,9.62409046214356,7.780432645034415,5.993461160275319,
2006-08-27,42.8071656833825,29.90068829891839,9.62409046214356,7.780432645034415,5.993461160275319,
2006-08-28,42.8071656833825,29.90068829891839,9.62409046214356,7.780432645034415,5.993461160275319,
2006-08-29,42.8113121614968,29.8931560807484,9.629443623830625,7.778631216149679,5.993451501723289,
2006-08-30,42.79315388397247,29.89257620452311,9.629990167158308,7.787069813176008,6.0015732546706,
2006-08-31,42.79580256031512,29.883554899064503,9.633874938453964,7.786755292959133,6.0015755785327425,
2006-09-01,42.78989414081733,29.874692269817825,9.638306253077301,7.791186607582471,6.004529788281634,
2006-09-02,42.78989414081733,29.874692269817825,9.638306253077301,7.791186607582471,6.004529788281634,
2006-09-03,42.78989414081733,29.874692269817825,9.638306253077301,7.791186607582471,6.004529788281634,
2006-09-04,42.78989414081733,29.874692269817825,9.638306253077301,7.791186607582471,6.004529788281634,
2006-09-05,42.79254191321499,29.870069033530573,9.643688362919132,7.78939842209073,6.003057199211045,
2006-09-06,42.77438453963565,29.869522402757266,9.644214672575085,7.797095027080256,6.010438207779419,
2006-09-07,42.76404480551453,29.857705563761694,9.648645987198424,7.805957656326933,6.016346627277203,
2006-09-08,42.768133629191325,29.85009861932939,9.652564102564103,7.8041913214990135,6.016370808678501,
2006-09-09,42.768133629191325,29.85009861932939,9.652564102564103,7.8041913214990135,6.016370808678501,
2006-09-10,42.768133629191325,29.85009861932939,9.652564102564103,7.8041913214990135,6.016370808678501,
2006-09-11,42.77075308641975,29.84395061728395,9.657975308641975,7.802419753086419,6.016395061728395,
2006-09-12,42.77634767556874,29.83630069238378,9.660435212660731,7.800642927794263,6.016419386745796,
2006-09-13,42.76225272007913,29.82517309594461,9.667111770524233,7.8080613254203755,6.023095944609298,
2006-09-14,42.76225272007913,29.82517309594461,9.667111770524233,7.8080613254203755,6.023095944609298,
2006-09-15,42.76225272007913,29.82517309594461,9.667111770524233,7.8080613254203755,6.023095944609298,
2006-09-16,42.76225272007913,29.82517309594461,9.667111770524233,7.8080613254203755,6.023095944609298,
2006-09-17,42.76225272007913,29.82517309594461,9.667111770524233,7.8080613254203755,6.023095944609298,
2006-09-18,42.76225272007913,29.82517309594461,9.667111770524233,7.8080613254203755,6.023095944609298,
2006-09-19,42.7474159248269,29.81923837784372,9.673046488625124,7.813996043521266,6.029030662710188,
2006-09-20,42.73430864197531,29.816395061728393,9.674197530864197,7.8219012345679015,6.0348395061728395,
2006-09-21,42.739849159248266,29.81018793273986,9.678165182987142,7.82015331355094,6.033407517309595,
2006-09-22,42.7287215628091,29.801285855588524,9.68409990108803,7.826829871414442,6.03637487636004,
2006-09-23,42.7287215628091,29.801285855588524,9.68409990108803,7.826829871414442,6.03637487636004,
2006-09-24,42.7287215628091,29.801285855588524,9.68409990108803,7.826829871414442,6.03637487636004,
2006-09-25,42.708382716049385,29.801580246913577,9.683086419753087,7.837456790123458,6.0422469135802475,
2006-09-26,42.71240108803165,29.796834817012858,9.687067260138477,7.835731948565777,6.0408259149357075,
2006-09-27,42.693567901234566,29.797135802469136,9.68753086419753,7.844864197530865,6.046691358024692,
2006-09-28,42.69904797230465,29.789416419386743,9.691518298714143,7.84315034619189,6.045276953511375,
2006-09-29,42.690145895153314,29.78051434223541,9.695969337289812,7.850568743818003,6.046760633036598,
2006-09-30,42.690145895153314,29.78051434223541,9.695969337289812,7.850568743818003,6.046760633036598,
2006-10-01,42.690145895153314,29.78051434223541,9.695969337289812,7.850568743818003,6.046760633036598,
2006-10-02,42.690145895153314,29.78051434223541,9.695969337289812,7.850568743818003,6.046760633036598,
2006-10-03,42.6941431401684,29.77275879148093,9.699975235264983,7.848860822189203,6.048315998018822,
2006-10-04,42.675309099901085,29.773837784371906,9.700420375865479,7.858728981206727,6.053437190900099,
2006-10-05,42.661955984174085,29.770870425321462,9.704871414441147,7.864663699307616,6.0578882294757666,
2006-10-06,42.66739722634968,29.76161466072313,9.710376423972264,7.862976721149084,6.057974244675583,
2006-10-07,42.66739722634968,29.76161466072313,9.710376423972264,7.862976721149084,6.057974244675583,
2006-10-08,42.66739722634968,29.76161466072313,9.710376423972264,7.862976721149084,6.057974244675583,
2006-10-09,42.66739722634968,29.76161466072313,9.710376423972264,7.862976721149084,6.057974244675583,
2006-10-10,42.67285466269841,29.755307539682537,9.714409722222221,7.858308531746032,6.0580605158730165,
2006-10-11,42.65253838533928,29.756414066369487,9.715577018325904,7.868177315502725,6.063917781079743,
2006-10-12,42.65797371031746,29.750099206349205,9.719618055555555,7.865004960317461,6.064012896825397,
2006-10-13,42.64755704365079,29.74563492063492,9.727058531746032,7.867981150793652,6.066989087301588,
2006-10-14,42.64755704365079,29.74563492063492,9.727058531746032,7.867981150793652,6.066989087301588,
2006-10-15,42.65001241927472,29.74227521112767,9.7326130153999,7.863313462493791,6.067088922006955,
2006-10-16,42.65001241927472,29.74227521112767,9.7326130153999,7.863313462493791,6.067088922006955,
2006-10-17,42.6335689484127,29.74325396825397,9.734499007936508,7.870659722222221,6.071899801587302,
2006-10-18,42.61405398712234,29.745864289252104,9.735636453689946,7.8790242694403165,6.076993561168895,
2006-10-19,42.60068103021298,29.745864289252104,9.741579990094106,7.880510153541357,6.082937097573056,
2006-10-20,42.58730807330362,29.741406636948984,9.747523526498266,7.886453689945517,6.087394749876176,
2006-10-21,42.58730807330362,29.741406636948984,9.747523526498266,7.886453689945517,6.087394749876176,
2006-10-22,42.58730807330362,29.741406636948984,9.747523526498266,7.886453689945517,6.087394749876176,
2006-10-23,42.58967013888889,29.73953373015873,9.751612103174603,7.880332341269841,6.087524801587302,
2006-10-24,42.58967013888889,29.73953373015873,9.751612103174603,7.880332341269841,6.087524801587302,
2006-10-25,42.57627728174604,29.735813492063492,9.759052579365079,7.8847966269841265,6.093477182539682,
2006-10-26,42.578626428216594,29.733929458519622,9.763164431197218,7.880153999006458,6.09361649279682,
2006-10-27,42.565860615079366,29.735813492063492,9.763516865079364,7.8847966269841265,6.0979414682539685,
2006-10-28,42.565860615079366,29.735813492063492,9.763516865079364,7.8847966269841265,6.0979414682539685,
2006-10-29,42.565860615079366,29.735813492063492,9.763516865079364,7.8847966269841265,6.0979414682539685,
2006-10-30,42.565860615079366,29.735813492063492,9.763516865079364,7.8847966269841265,6.0979414682539685,
2006-10-31,42.54949156746032,29.731349206349208,9.77095734126984,7.887772817460317,6.105381944444444,
2006-11-01,42.534610615079366,29.725396825396825,9.776909722222221,7.892237103174603,6.114310515873016,
2006-11-02,42.52121775793651,29.72390873015873,9.784350198412698,7.893725198412698,6.118774801587302,
2006-11-03,42.52121775793651,29.72390873015873,9.784350198412698,7.893725198412698,6.118774801587302,
2006-11-04,42.52121775793651,29.72390873015873,9.784350198412698,7.893725198412698,6.118774801587302,
2006-11-05,42.52121775793651,29.72390873015873,9.784350198412698,7.893725198412698,6.118774801587302,
2006-11-06,42.52121775793651,29.72390873015873,9.784350198412698,7.893725198412698,6.118774801587302,
2006-11-07,42.50112679544329,29.724318969787024,9.78615651312531,7.902798415056958,6.126027736503219,
2006-11-08,42.48775383853393,29.721347201584944,9.78764239722635,7.908741951461119,6.13494304110946,
2006-11-09,42.4929439484127,29.71795634920635,9.791790674603174,7.901165674603174,6.135143849206349,
2006-11-10,42.48181030212977,29.719861317483904,9.79061416542843,7.905770183259039,6.13791480931154,
2006-11-11,42.48181030212977,29.719861317483904,9.79061416542843,7.905770183259039,6.13791480931154,
2006-11-12,42.48181030212977,29.719861317483904,9.79061416542843,7.905770183259039,6.13791480931154,
2006-11-13,42.48181030212977,29.719861317483904,9.79061416542843,7.905770183259039,6.13791480931154,
2006-11-14,42.47155770183259,29.713992075284793,9.797597820703318,7.9067360079247155,6.144749876176325,
2006-11-15,42.456698860822186,29.708048538880632,9.803541357107479,7.912679544328876,6.152179296681526,
2006-11-16,42.44926944031699,29.706562654779592,9.807999009410599,7.912679544328876,6.155151064883606,
2006-11-17,42.44926944031699,29.706562654779592,9.807999009410599,7.912679544328876,6.155151064883606,
2006-11-18,42.44926944031699,29.706562654779592,9.807999009410599,7.912679544328876,6.155151064883606,
2006-11-19,42.44926944031699,29.706562654779592,9.807999009410599,7.912679544328876,6.155151064883606,
2006-11-20,42.45291418650794,29.698685515873017,9.813665674603175,7.911061507936508,6.155381944444445,
2006-11-21,42.45291418650794,29.698685515873017,9.813665674603175,7.911061507936508,6.155381944444445,
2006-11-22,42.44026537698413,29.692733134920633,9.81812996031746,7.9170138888888895,6.1620783730158735,
2006-11-23,42.44026537698413,29.692733134920633,9.81812996031746,7.9170138888888895,6.1620783730158735,
2006-11-24,42.430695889053986,29.69467558197127,9.81840019811788,7.920108964834077,6.164809311540367,
2006-11-25,42.430695889053986,29.69467558197127,9.81840019811788,7.920108964834077,6.164809311540367,
2006-11-26,42.430695889053986,29.69467558197127,9.81840019811788,7.920108964834077,6.164809311540367,
2006-11-27,42.415220079129575,29.69512858555885,9.818669634025717,7.926162215628091,6.169015825914936,
2006-11-28,42.40631800197824,29.68622650840752,9.824604352126608,7.929129574678536,6.176434223541049,
2006-11-29,42.39593224530168,29.67584075173096,9.83128090999011,7.931355093966371,6.184594460929773,
2006-11-30,42.39593224530168,29.67584075173096,9.83128090999011,7.931355093966371,6.184594460929773,
2006-12-01,42.39593224530168,29.67584075173096,9.83128090999011,7.931355093966371,6.184594460929773,
2006-12-02,42.39593224530168,29.67584075173096,9.83128090999011,7.931355093966371,6.184594460929773,
2006-12-03,42.39593224530168,29.67584075173096,9.83128090999011,7.931355093966371,6.184594460929773,
2006-12-04,42.39593224530168,29.67584075173096,9.83128090999011,7.931355093966371,6.184594460929773,
2006-12-05,42.38851384767557,29.6654549950544,9.838699307616222,7.932838773491593,6.192012858555886,
2006-12-06,42.38109545004946,29.653585558852622,9.844634025717113,7.93728981206726,6.199431256181999,
2006-12-07,42.37516073194857,29.646167161226508,9.850568743818002,7.93728981206726,6.202398615232443,
2006-12-08,42.37516073194857,29.646167161226508,9.850568743818002,7.93728981206726,6.202398615232443,
2006-12-09,42.37516073194857,29.646167161226508,9.850568743818002,7.93728981206726,6.202398615232443,
2006-12-10,42.37516073194857,29.646167161226508,9.850568743818002,7.93728981206726,6.202398615232443,
2006-12-11,42.37516073194857,29.646167161226508,9.850568743818002,7.93728981206726,6.202398615232443,
2006-12-12,42.37720406141654,29.638211986131747,9.856290242694405,7.935710747894998,6.20418524021793,
2006-12-13,42.36754581475978,29.627810797424466,9.862976721149085,7.939425458147598,6.21161466072313,
2006-12-14,42.35513105835806,29.62984668644906,9.866147378832839,7.943966369930762,6.214268051434224,
2006-12-15,42.3471975308642,29.631876543209877,9.866345679012346,7.945530864197531,6.216913580246914,
2006-12-16,42.3471975308642,29.631876543209877,9.866345679012346,7.945530864197531,6.216913580246914,
2006-12-17,42.3471975308642,29.631876543209877,9.866345679012346,7.945530864197531,6.216913580246914,
2006-12-18,42.35216369930762,29.62242828882295,9.87208209693373,7.943966369930762,6.217235410484669,
2006-12-19,42.342753086419755,29.624469135802467,9.872271604938271,7.9470123456790125,6.221358024691359,
2006-12-20,42.333172839506176,29.616271604938273,9.878641975308641,7.952641975308643,6.227135802469136,
2006-12-21,42.33663452027695,29.606800197823937,9.884396636993076,7.951088031651831,6.227472799208704,
2006-12-22,42.33663452027695,29.606800197823937,9.884396636993076,7.951088031651831,6.227472799208704,
2006-12-23,42.33663452027695,29.606800197823937,9.884396636993076,7.951088031651831,6.227472799208704,
2006-12-24,42.33663452027695,29.606800197823937,9.884396636993076,7.951088031651831,6.227472799208704,
2006-12-25,42.33663452027695,29.606800197823937,9.884396636993076,7.951088031651831,6.227472799208704,
2006-12-26,42.34159237246161,29.59730064388311,9.888682516097077,7.951015354135712,6.227810797424468,
2006-12-27,42.331191183754335,29.58689945517583,9.896111936602278,7.956958890539872,6.233011391778108,
2006-12-28,42.331191183754335,29.58689945517583,9.896111936602278,7.956958890539872,6.233011391778108,
2006-12-29,42.331191183754335,29.58689945517583,9.896111936602278,7.956958890539872,6.233011391778108,
2006-12-30,42.331191183754335,29.58689945517583,9.896111936602278,7.956958890539872,6.233011391778108,
2006-12-31,42.331191183754335,29.58689945517583,9.896111936602278,7.956958890539872,6.233011391778108,
2007-01-01,42.331191183754335,29.58689945517583,9.896111936602278,7.956958890539872,6.233011391778108,
2007-01-02,42.334660218253966,29.575868055555556,9.901909722222221,7.9568948412698415,6.23484623015873,
2007-01-03,42.322755456349206,29.566939484126983,9.909350198412698,7.959871031746032,6.242286706349207,
2007-01-04,42.31680307539683,29.55949900793651,9.916790674603174,7.962847222222223,6.2452628968253965,
2007-01-05,42.31680307539683,29.55949900793651,9.916790674603174,7.962847222222223,6.2452628968253965,
2007-01-06,42.31680307539683,29.55949900793651,9.916790674603174,7.962847222222223,6.2452628968253965,
2007-01-07,42.31680307539683,29.55949900793651,9.916790674603174,7.962847222222223,6.2452628968253965,
2007-01-08,42.31680307539683,29.55949900793651,9.916790674603174,7.962847222222223,6.2452628968253965,
2007-01-09,42.320255837059115,29.549900645802285,9.922627918529557,7.961301539990065,6.245628415300547,
2007-01-10,42.3128042722305,29.543939393939393,9.92858917039245,7.964282165921511,6.250099354197714,
2007-01-11,42.31476368159204,29.5357960199005,9.932960199004974,7.962736318407961,6.251965174129353,
2007-01-12,42.30460755091902,29.538723298559365,9.932314952806756,7.966517635370095,6.254570293094883,
2007-01-13,42.30460755091902,29.538723298559365,9.932314952806756,7.966517635370095,6.254570293094883,
2007-01-14,42.30460755091902,29.538723298559365,9.932314952806756,7.966517635370095,6.254570293094883,
2007-01-15,42.30460755091902,29.538723298559365,9.932314952806756,7.966517635370095,6.254570293094883,
2007-01-16,42.30506218905472,29.530572139303484,9.93818407960199,7.96497512437811,6.256442786069652,
2007-01-17,42.292685047193245,29.53127173373075,9.93976651763537,7.970988574267263,6.260531544957774,
2007-01-18,42.296106965174125,29.523855721393033,9.944154228855721,7.970199004975125,6.261666666666667,
2007-01-19,42.296106965174125,29.523855721393033,9.944154228855721,7.970199004975125,6.261666666666667,
2007-01-20,42.296106965174125,29.523855721393033,9.944154228855721,7.970199004975125,6.261666666666667,
2007-01-21,42.296106965174125,29.523855721393033,9.944154228855721,7.970199004975125,6.261666666666667,
2007-01-22,42.296106965174125,29.523855721393033,9.944154228855721,7.970199004975125,6.261666666666667,
2007-01-23,42.28521144278607,29.516094527363183,9.950273631840796,7.975273631840796,6.268980099502487,
2007-01-24,42.27625621890547,29.511616915422884,9.954751243781095,7.979751243781094,6.274950248756218,
2007-01-25,42.278163926258095,29.504907822620826,9.959167912306926,7.978226208271051,6.276856003986048,
2007-01-26,42.278163926258095,29.504907822620826,9.959167912306926,7.978226208271051,6.276856003986048,
2007-01-27,42.278163926258095,29.504907822620826,9.959167912306926,7.978226208271051,6.276856003986048,
2007-01-28,42.28007734530938,29.49817864271457,9.965094810379242,7.976696606786427,6.278767465069859,
2007-01-29,42.28007734530938,29.49817864271457,9.965094810379242,7.976696606786427,6.278767465069859,
2007-01-30,42.2688498003992,29.492190618762475,9.971082834331337,7.980439121756487,6.28625249500998,
2007-01-31,42.272251374312845,29.48543228385807,9.975537231384308,7.977411294352824,6.288180909545226,
2007-02-01,42.26475512243878,29.48093453273363,9.981534232883558,7.978910544727636,6.292678660669664,
2007-02-02,42.268155655655654,29.471146146146147,9.98601101101101,7.978878878878879,6.294619619619619,
2007-02-03,42.268155655655654,29.471146146146147,9.98601101101101,7.978878878878879,6.294619619619619,
2007-02-04,42.268155655655654,29.471146146146147,9.98601101101101,7.978878878878879,6.294619619619619,
2007-02-05,42.268155655655654,29.471146146146147,9.98601101101101,7.978878878878879,6.294619619619619,
2007-02-06,42.255759620189906,29.47193903048476,9.987531234382809,7.984907546226887,6.298675662168915,
2007-02-07,42.25914664664665,29.46514014014014,9.993518518518519,7.983383383383384,6.299124124124123,
2007-02-08,42.248636136136135,29.459134134134132,9.999524524524524,7.988638638638639,6.3043793793793785,
2007-02-09,42.24076711644178,29.459945027486256,9.99952523738131,7.9916541729135435,6.306921539230384,
2007-02-10,42.24076711644178,29.459945027486256,9.99952523738131,7.9916541729135435,6.306921539230384,
2007-02-11,42.24076711644178,29.459945027486256,9.99952523738131,7.9916541729135435,6.306921539230384,
2007-02-12,42.24076711644178,29.459945027486256,9.99952523738131,7.9916541729135435,6.306921539230384,
2007-02-13,42.24413163163163,29.44712212212212,10.004029029029029,7.991641641641642,6.308883883883883,
2007-02-14,42.233621121121125,29.43661161161161,10.011536536536537,7.994644644644644,6.317892892892893,
2007-02-15,42.23547619047619,29.422230576441102,10.016065162907267,7.996140350877193,6.321378446115288,
2007-02-16,42.23547619047619,29.422230576441102,10.016065162907267,7.996140350877193,6.321378446115288,
2007-02-17,42.23547619047619,29.422230576441102,10.016065162907267,7.996140350877193,6.321378446115288,
2007-02-18,42.23547619047619,29.422230576441102,10.016065162907267,7.996140350877193,6.321378446115288,
2007-02-19,42.23547619047619,29.422230576441102,10.016065162907267,7.996140350877193,6.321378446115288,
2007-02-20,42.24034889558233,29.4078062248996,10.020607429718876,7.99613453815261,6.324874497991967,
2007-02-21,42.23229166666666,29.397866465863455,10.027309236947792,8.002685742971888,6.331802208835342,
2007-02-22,42.2364127702363,29.384891905480142,10.031121166415284,8.001935646053294,6.335319255907491,
2007-02-23,42.224008534136544,29.385818273092372,10.02956827309237,8.006450803212852,6.3408383534136545,
2007-02-24,42.224008534136544,29.385818273092372,10.02956827309237,8.006450803212852,6.3408383534136545,
2007-02-25,42.23037958773253,29.371317244846658,10.033383609854198,8.00570638511815,6.344369029663147,
2007-02-26,42.23676988922457,29.358282980866065,10.037965760322255,8.005715005035247,6.347910372608258,
2007-02-27,42.229217019133934,29.344687814702922,10.042497482376636,8.008736153071501,6.355463242698892,
2007-02-28,42.235615229450325,29.331593545133636,10.047100353000504,8.008749369641958,6.359026727181039,
2007-03-01,42.235615229450325,29.320247100353,10.051638930912759,8.011018658598084,6.364019162884518,
2007-03-02,42.22770644511581,29.322784491440082,10.05005035246727,8.014023162134945,6.366490433031219,
2007-03-03,42.22770644511581,29.322784491440082,10.05005035246727,8.014023162134945,6.366490433031219,
2007-03-04,42.22770644511581,29.322784491440082,10.05005035246727,8.014023162134945,6.366490433031219,
2007-03-05,42.22770644511581,29.322784491440082,10.05005035246727,8.014023162134945,6.366490433031219,
2007-03-06,42.2216641490433,29.307678751258813,10.054582074521651,8.018554884189326,6.37555387713998,
2007-03-07,42.2216641490433,29.307678751258813,10.054582074521651,8.018554884189326,6.37555387713998,
2007-03-08,42.213788335847156,29.308722976370035,10.056008044243338,8.021543489190549,6.37800402212167,
2007-03-09,42.213788335847156,29.308722976370035,10.056008044243338,8.021543489190549,6.37800402212167,
2007-03-10,42.213788335847156,29.308722976370035,10.056008044243338,8.021543489190549,6.37800402212167,
2007-03-11,42.213788335847156,29.308722976370035,10.056008044243338,8.021543489190549,6.37800402212167,
2007-03-12,42.213788335847156,29.308722976370035,10.056008044243338,8.021543489190549,6.37800402212167,
2007-03-13,42.202924196787144,29.308258032128517,10.057429718875502,8.026029116465864,6.38195281124498,
2007-03-14,42.207755153343385,29.29514831573655,10.059024635495224,8.02757667169432,6.385545500251383,
2007-03-15,42.207755153343385,29.29514831573655,10.059024635495224,8.02757667169432,6.385545500251383,
2007-03-16,42.19991214859437,29.299221887550203,10.057429718875502,8.029041164658635,6.387976907630522,
2007-03-17,42.19991214859437,29.299221887550203,10.057429718875502,8.029041164658635,6.387976907630522,
2007-03-18,42.19991214859437,29.299221887550203,10.057429718875502,8.029041164658635,6.387976907630522,
2007-03-19,42.2047385620915,29.284590246354952,10.05751633986928,8.030593262946205,6.393086978381096,
2007-03-20,42.19539407630522,29.284161646586348,10.058935742971887,8.033559236947792,6.397013052208836,
2007-03-21,42.18801455823293,29.272113453815262,10.061345381526104,8.040185742971888,6.405446787148595,
2007-03-22,42.18349648594378,29.26006526104418,10.06285140562249,8.044703815261045,6.412976907630523,
2007-03-23,42.18349648594378,29.26006526104418,10.06285140562249,8.044703815261045,6.412976907630523,
2007-03-24,42.18349648594378,29.26006526104418,10.06285140562249,8.044703815261045,6.412976907630523,
2007-03-25,42.18349648594378,29.26006526104418,10.06285140562249,8.044703815261045,6.412976907630523,
2007-03-26,42.18349648594378,29.26006526104418,10.06285140562249,8.044703815261045,6.412976907630523,
2007-03-27,42.175966365461846,29.248017068273093,10.064357429718877,8.050727911646586,6.420507028112451,
2007-03-28,42.17924836601307,29.234816490698844,10.067471091000503,8.05231271995978,6.4241578682755165,
2007-03-29,42.18405085599194,29.22157603222558,10.06908358509567,8.053902316213495,6.427819738167171,
2007-03-30,42.176231774761185,29.224258421317245,10.067471091000503,8.055329311211665,6.43169934640523,
2007-03-31,42.176231774761185,29.224258421317245,10.067471091000503,8.055329311211665,6.43169934640523,
2007-04-01,42.176231774761185,29.224258421317245,10.067471091000503,8.055329311211665,6.43169934640523,
2007-04-02,42.176231774761185,29.224258421317245,10.067471091000503,8.055329311211665,6.43169934640523,
2007-04-03,42.166930220883536,29.22542670682731,10.067369477911647,8.058258032128514,6.437073293172691,
2007-04-04,42.170198592257414,29.212946204122677,10.067471091000503,8.061362493715436,6.441503267973857,
2007-04-05,42.16416540975364,29.203142282554047,10.070487682252388,8.068903971845149,6.447536450477628,
2007-04-06,42.16416540975364,29.203142282554047,10.070487682252388,8.068903971845149,6.447536450477628,
2007-04-07,42.16416540975364,29.203142282554047,10.070487682252388,8.068903971845149,6.447536450477628,
2007-04-08,42.16416540975364,29.203142282554047,10.070487682252388,8.068903971845149,6.447536450477628,
2007-04-09,42.16416540975364,29.203142282554047,10.070487682252388,8.068903971845149,6.447536450477628,
2007-04-10,42.16592396777442,29.191364551863042,10.070594159113798,8.07051863041289,6.452744209466265,
2007-04-11,42.156860523665664,29.179279959718027,10.072104733131924,8.076560926485397,6.463318227593152,
2007-04-12,42.158610690872415,29.16896116994453,10.072213817448311,8.07970247100353,6.467044881492688,
2007-04-13,42.158610690872415,29.16896116994453,10.072213817448311,8.07970247100353,6.467044881492688,
2007-04-14,42.158610690872415,29.16896116994453,10.072213817448311,8.07970247100353,6.467044881492688,
2007-04-15,42.158610690872415,29.16896116994453,10.072213817448311,8.07970247100353,6.467044881492688,
2007-04-16,42.158610690872415,29.16896116994453,10.072213817448311,8.07970247100353,6.467044881492688,
2007-04-17,42.14779374684821,29.161926374180535,10.071003530005044,8.086888552697932,6.477937468482098,
2007-04-18,42.14801767676767,29.15308080808081,10.071111111111112,8.091565656565656,6.48169191919192,
2007-04-19,42.137411616161614,29.1470202020202,10.074141414141414,8.097626262626262,6.487752525252525,
2007-04-20,42.129639435199195,29.151336359051943,10.074029248613213,8.09899142713061,6.490040342914776,
2007-04-21,42.129639435199195,29.151336359051943,10.074029248613213,8.09899142713061,6.490040342914776,
2007-04-22,42.129639435199195,29.151336359051943,10.074029248613213,8.09899142713061,6.490040342914776,
2007-04-23,42.12038016112789,29.15110775427996,10.072406847935548,8.104884189325277,6.495342396777443,
2007-04-24,42.10829556898288,29.14506545820745,10.070896273917421,8.112437059415912,6.5059164149043305,
2007-04-25,42.10543368633384,29.13772062531518,10.071003530005044,8.117145738779627,6.509707513867878,
2007-04-26,42.10543368633384,29.13772062531518,10.071003530005044,8.117145738779627,6.509707513867878,
2007-04-27,42.10543368633384,29.13772062531518,10.071003530005044,8.117145738779627,6.509707513867878,
2007-04-28,42.10543368633384,29.13772062531518,10.071003530005044,8.117145738779627,6.509707513867878,
2007-04-29,42.10543368633384,29.13772062531518,10.071003530005044,8.117145738779627,6.509707513867878,
2007-04-30,42.10543368633384,29.13772062531518,10.071003530005044,8.117145738779627,6.509707513867878,
2007-05-01,42.099532828282825,29.13338383838384,10.071111111111112,8.121868686868687,6.513510101010102,
2007-05-02,42.08589646464646,29.12883838383838,10.072626262626263,8.129444444444445,6.521085858585859,
2007-05-03,42.0742297979798,29.126161616161617,10.074949494949495,8.136111111111111,6.527146464646465,
2007-05-04,42.0742297979798,29.126161616161617,10.074949494949495,8.136111111111111,6.527146464646465,
2007-05-05,42.0742297979798,29.126161616161617,10.074949494949495,8.136111111111111,6.527146464646465,
2007-05-06,42.0742297979798,29.126161616161617,10.074949494949495,8.136111111111111,6.527146464646465,
2007-05-07,42.0742297979798,29.126161616161617,10.074949494949495,8.136111111111111,6.527146464646465,
2007-05-08,42.06504034291477,29.127483610690874,10.076348966212809,8.138930912758447,6.530887544125063,
2007-05-09,42.056047979797974,29.126919191919193,10.075707070707072,8.143686868686869,6.534722222222222,
2007-05-10,42.056047979797974,29.126919191919193,10.075707070707072,8.143686868686869,6.534722222222222,
2007-05-11,42.04688603126576,29.129752899647,10.077105395864852,8.14649520927887,6.536938981341402,
2007-05-12,42.04688603126576,29.129752899647,10.077105395864852,8.14649520927887,6.536938981341402,
2007-05-13,42.04688603126576,29.129752899647,10.077105395864852,8.14649520927887,6.536938981341402,
2007-05-14,42.04688603126576,29.129752899647,10.077105395864852,8.14649520927887,6.536938981341402,
2007-05-15,42.02419314170449,29.131265758951084,10.078618255168937,8.155572365103378,6.5460161371659105,
2007-05-16,42.00407211296016,29.134064548663645,10.07831568330812,8.164271306101865,6.553807362581947,
2007-05-17,41.994987373737374,29.132752525252528,10.076919191919194,8.169065656565657,6.557676767676767,
2007-05-18,41.98894351991931,29.137090267271812,10.07528996469995,8.16880988401412,6.56137165910237,
2007-05-19,41.98894351991931,29.137090267271812,10.07528996469995,8.16880988401412,6.56137165910237,
2007-05-20,41.97687562940584,29.13839375629406,10.076686807653576,8.173086606243706,6.568076535750252,
2007-05-21,41.97687562940584,29.13839375629406,10.076686807653576,8.173086606243706,6.568076535750252,
2007-05-22,41.954217019133935,29.141414904330315,10.076686807653576,8.182150050352467,6.57865055387714,
2007-05-23,41.94355774079677,29.14314170448815,10.076802824004035,8.186964195663137,6.581038830055472,
2007-05-24,41.93438131313131,29.14487373737374,10.07388888888889,8.191792929292928,6.584949494949495,
2007-05-25,41.92540342914776,29.144654563792237,10.073777105395866,8.19452849218356,6.591628845184064,
2007-05-26,41.92540342914776,29.144654563792237,10.073777105395866,8.19452849218356,6.591628845184064,
2007-05-27,41.92540342914776,29.144654563792237,10.073777105395866,8.19452849218356,6.591628845184064,
2007-05-28,41.92540342914776,29.144654563792237,10.073777105395866,8.19452849218356,6.591628845184064,
2007-05-29,41.904223398890565,29.146167423096323,10.073777105395866,8.203605648008068,6.602218860312657,
2007-05-30,41.89498737373737,29.147146464646468,10.073131313131315,8.207702020202019,6.60540404040404,
2007-05-31,41.88875821952453,29.142817400101166,10.074759736975215,8.212569549822964,6.609357612544259,
2007-06-01,41.884381313131314,29.145631313131314,10.071616161616163,8.212247474747475,6.612979797979798,
2007-06-02,41.884381313131314,29.145631313131314,10.071616161616163,8.212247474747475,6.612979797979798,
2007-06-03,41.884381313131314,29.145631313131314,10.071616161616163,8.212247474747475,6.612979797979798,
2007-06-04,41.87510116337886,29.14433485078402,10.07172483560951,8.218639352554375,6.616944865958523,
2007-06-05,41.86640070921986,29.148505572441742,10.071073961499495,8.220035460992909,6.619402228976697,
2007-06-06,41.84512411347518,29.148505572441742,10.071073961499495,8.227634245187437,6.631560283687943,
2007-06-07,41.82992654508612,29.15002532928065,10.071073961499495,8.23371327254306,6.639159067882472,
2007-06-08,41.82992654508612,29.15002532928065,10.071073961499495,8.23371327254306,6.639159067882472,
2007-06-09,41.82992654508612,29.15002532928065,10.071073961499495,8.23371327254306,6.639159067882472,
2007-06-10,41.82992654508612,29.15002532928065,10.071073961499495,8.23371327254306,6.639159067882472,
2007-06-11,41.82992654508612,29.15002532928065,10.071073961499495,8.23371327254306,6.639159067882472,
2007-06-12,41.8210799190693,29.148280222559436,10.06944865958523,8.236393525543754,6.647293879615579,
2007-06-13,41.81074494949495,29.14835858585858,10.06979797979798,8.239823232323232,6.652828282828283,
2007-06-14,41.80497982854261,29.148134140191626,10.071205244578922,8.240973272818962,6.656379223398891,
2007-06-15,41.80497982854261,29.148134140191626,10.071205244578922,8.240973272818962,6.656379223398891,
2007-06-16,41.80497982854261,29.148134140191626,10.071205244578922,8.240973272818962,6.656379223398891,
2007-06-17,41.80497982854261,29.148134140191626,10.071205244578922,8.240973272818962,6.656379223398891,
2007-06-18,41.80497982854261,29.148134140191626,10.071205244578922,8.240973272818962,6.656379223398891,
2007-06-19,41.78682551689359,29.145108421583455,10.069692385274838,8.248537569339385,6.671507816439738,
2007-06-20,41.78682551689359,29.145108421583455,10.069692385274838,8.248537569339385,6.671507816439738,
2007-06-21,41.77816919191919,29.143813131313127,10.06979797979798,8.253459595959596,6.67479797979798,
2007-06-22,41.772453353504794,29.14662128088754,10.066666666666668,8.254589006555724,6.679828542612204,
2007-06-23,41.772453353504794,29.14662128088754,10.066666666666668,8.254589006555724,6.679828542612204,
2007-06-24,41.766754783484394,29.146399798590128,10.066565961732126,8.255715005035247,6.6848439073514605,
2007-06-25,41.751649043303125,29.143378650553874,10.065055387713999,8.263267875125882,6.696928499496476,
2007-06-26,41.742973856209154,29.140145801910503,10.064957264957267,8.265887380593263,6.707943690296632,
2007-06-27,41.73503272910373,29.138846928499493,10.065055387713999,8.26931017119839,6.712034239677744,
2007-06-28,41.72555471507817,29.139056984367116,10.062128088754413,8.274256177508825,6.717650025214322,
2007-06-29,41.72555471507817,29.139056984367116,10.062128088754413,8.274256177508825,6.717650025214322,
2007-06-30,41.72555471507817,29.139056984367116,10.062128088754413,8.274256177508825,6.717650025214322,
2007-07-01,41.72555471507817,29.139056984367116,10.062128088754413,8.274256177508825,6.717650025214322,
2007-07-02,41.72555471507817,29.139056984367116,10.062128088754413,8.274256177508825,6.717650025214322,
2007-07-03,41.717563131313135,29.13623737373737,10.062222222222223,8.279217171717173,6.721767676767677,
2007-07-04,41.69938131313131,29.131691919191915,10.062222222222223,8.285277777777779,6.736919191919192,
2007-07-05,41.68574494949495,29.12866161616161,10.060707070707071,8.291338383838385,6.749040404040405,
2007-07-06,41.68574494949495,29.12866161616161,10.060707070707071,8.291338383838385,6.749040404040405,
2007-07-07,41.68574494949495,29.12866161616161,10.060707070707071,8.291338383838385,6.749040404040405,
2007-07-08,41.68574494949495,29.12866161616161,10.060707070707071,8.291338383838385,6.749040404040405,
2007-07-09,41.68574494949495,29.12866161616161,10.060707070707071,8.291338383838385,6.749040404040405,
2007-07-10,41.67768082953971,29.125821952453208,10.059281740010118,8.296332827516439,6.754729387961558,
2007-07-11,41.66098887202833,29.119752149721798,10.06079919069297,8.302402630247851,6.768386444107233,
2007-07-12,41.64733181588265,29.115958523014665,10.06307536671725,8.306954982296409,6.779767324228629,
2007-07-13,41.64733181588265,29.115958523014665,10.06307536671725,8.306954982296409,6.779767324228629,
2007-07-14,41.64733181588265,29.115958523014665,10.06307536671725,8.306954982296409,6.779767324228629,
2007-07-15,41.64733181588265,29.115958523014665,10.06307536671725,8.306954982296409,6.779767324228629,
2007-07-16,41.64733181588265,29.115958523014665,10.06307536671725,8.306954982296409,6.779767324228629,
2007-07-17,41.63367475973698,29.1115579160344,10.063909964592817,8.311127971674253,6.792362164896308,
2007-07-18,41.61698280222559,29.107005563985844,10.062392513909964,8.317197774405665,6.8075366717248365,
2007-07-19,41.60880192502533,29.105648429584605,10.062487335359675,8.31919959473151,6.813323201621074,
2007-07-20,41.60636064744563,29.10548811330299,10.05935761254426,8.32023267577137,6.818158826504805,
2007-07-21,41.60636064744563,29.10548811330299,10.05935761254426,8.32023267577137,6.818158826504805,
2007-07-22,41.60636064744563,29.10548811330299,10.05935761254426,8.32023267577137,6.818158826504805,
2007-07-23,41.59512411347518,29.108687943262417,10.057928064842958,8.32223910840932,6.823961499493415,
2007-07-24,41.59512411347518,29.108687943262417,10.057928064842958,8.32223910840932,6.823961499493415,
2007-07-25,41.578406788247214,29.105648429584605,10.057928064842958,8.326798378926037,6.837639311043567,
2007-07-26,41.56787163876205,29.10580923389143,10.058016235413495,8.330339928970066,6.842719431760528,
2007-07-27,41.56787163876205,29.10580923389143,10.058016235413495,8.330339928970066,6.842719431760528,
2007-07-28,41.56787163876205,29.10580923389143,10.058016235413495,8.330339928970066,6.842719431760528,
2007-07-29,41.56787163876205,29.10580923389143,10.058016235413495,8.330339928970066,6.842719431760528,
2007-07-30,41.554173008625064,29.10580923389143,10.054972095383054,8.333384069000507,6.854895991882294,
2007-07-31,41.554173008625064,29.10580923389143,10.054972095383054,8.333384069000507,6.854895991882294,
2007-08-01,41.53590816844242,29.10580923389143,10.051927955352612,8.337950279046169,6.86859462201928,
2007-08-02,41.519165398274986,29.10733130390665,10.050405885337392,8.34251648909183,6.8807711821410455,
2007-08-03,41.519165398274986,29.10733130390665,10.050405885337392,8.34251648909183,6.8807711821410455,
2007-08-04,41.519165398274986,29.10733130390665,10.050405885337392,8.34251648909183,6.8807711821410455,
2007-08-05,41.519165398274986,29.10733130390665,10.050405885337392,8.34251648909183,6.8807711821410455,
2007-08-06,41.519165398274986,29.10733130390665,10.050405885337392,8.34251648909183,6.8807711821410455,
2007-08-07,41.50979420731707,29.109222560975613,10.049568089430895,8.3442581300813,6.885569105691057,
2007-08-08,41.491501524390245,29.106173780487808,10.048043699186993,8.348831300813007,6.899288617886179,
2007-08-09,41.480801526717556,29.1063358778626,10.048117048346057,8.352417302798981,6.9044783715012725,
2007-08-10,41.47549542682927,29.104649390243903,10.048043699186993,8.354928861788617,6.909197154471545,
2007-08-11,41.47549542682927,29.104649390243903,10.048043699186993,8.354928861788617,6.909197154471545,
2007-08-12,41.47549542682927,29.104649390243903,10.048043699186993,8.354928861788617,6.909197154471545,
2007-08-13,41.47549542682927,29.104649390243903,10.048043699186993,8.354928861788617,6.909197154471545,
2007-08-14,41.459946646341464,29.101753048780488,10.045452235772359,8.361788617886178,6.921544715447155,
2007-08-15,41.45163622526636,29.09855403348554,10.045383054287166,8.364282090309487,6.930796549974633,
2007-08-16,41.44165396341463,29.100228658536587,10.043927845528456,8.367123983739837,6.935264227642277,
2007-08-17,41.4394596651446,29.10007610350076,10.040816844241503,8.368087265347539,6.938406900050737,
2007-08-18,41.4394596651446,29.10007610350076,10.040816844241503,8.368087265347539,6.938406900050737,
2007-08-19,41.4394596651446,29.10007610350076,10.040816844241503,8.368087265347539,6.938406900050737,
2007-08-20,41.430983231707316,29.098704268292682,10.03935467479675,8.371697154471544,6.944410569105692,
2007-08-21,41.422716894977164,29.097031963470318,10.037772704211061,8.375697615423642,6.952105530187723,
2007-08-22,41.41421493902439,29.098704268292682,10.036305894308944,8.377794715447154,6.956605691056911,
2007-08-23,41.402633587786255,29.101908396946566,10.033307888040714,8.381424936386768,6.962646310432571,
2007-08-24,41.402633587786255,29.101908396946566,10.033307888040714,8.381424936386768,6.962646310432571,
2007-08-25,41.402633587786255,29.101908396946566,10.033307888040714,8.381424936386768,6.962646310432571,
2007-08-26,41.402633587786255,29.101908396946566,10.033307888040714,8.381424936386768,6.962646310432571,
2007-08-27,41.402633587786255,29.101908396946566,10.033307888040714,8.381424936386768,6.962646310432571,
2007-08-28,41.384312977099235,29.101908396946566,10.03025445292621,8.387531806615776,6.976386768447838,
2007-08-29,41.375726299694186,29.105122324159023,10.028771661569827,8.389653414882773,6.980937818552498,
2007-08-30,41.359671253822626,29.104357798165136,10.02724260958206,8.39500509683996,6.992405708460755,
2007-08-31,41.359671253822626,29.104357798165136,10.02724260958206,8.39500509683996,6.992405708460755,
2007-09-01,41.359671253822626,29.104357798165136,10.02724260958206,8.39500509683996,6.992405708460755,
2007-09-02,41.359671253822626,29.104357798165136,10.02724260958206,8.39500509683996,6.992405708460755,
2007-09-03,41.359671253822626,29.104357798165136,10.02724260958206,8.39500509683996,6.992405708460755,
2007-09-04,41.34422782874618,29.10415392456677,10.024235474006117,8.397145769622833,7.0055555555555555,
2007-09-05,41.34422782874618,29.10415392456677,10.024235474006117,8.397145769622833,7.0055555555555555,
2007-09-06,41.33123088685015,29.101095820591237,10.025,8.401732925586135,7.014729867482161,
2007-09-07,41.33123088685015,29.101095820591237,10.025,8.401732925586135,7.014729867482161,
2007-09-08,41.325612557427256,29.096656457376216,10.023506891271058,8.405410923940785,7.020877998979071,
2007-09-09,41.325612557427256,29.096656457376216,10.023506891271058,8.405410923940785,7.020877998979071,
2007-09-10,41.325612557427256,29.096656457376216,10.023506891271058,8.405410923940785,7.020877998979071,
2007-09-11,41.31899847094801,29.0934505606524,10.023470948012234,8.407849133537207,7.0284913353720695,
2007-09-12,41.31899847094801,29.0934505606524,10.023470948012234,8.407849133537207,7.0284913353720695,
2007-09-13,41.31131955079122,29.09053088310363,10.022996426748342,8.41204696273609,7.033639612046963,
2007-09-14,41.30931447502548,29.090392456676863,10.021432212028543,8.411416921508664,7.038175331294598,
2007-09-15,41.30931447502548,29.090392456676863,10.021432212028543,8.411416921508664,7.038175331294598,
2007-09-16,41.30931447502548,29.090392456676863,10.021432212028543,8.411416921508664,7.038175331294598,
2007-09-17,41.30519397651863,29.084405308831037,10.019933639612049,8.415109749872384,7.044359367023993,
2007-09-18,41.300140163098874,29.082747196738026,10.019903160040776,8.416004077471968,7.050407747196739,
2007-09-19,41.29510178117048,29.079262086513996,10.019262086513995,8.419643765903308,7.056895674300254,
2007-09-20,41.28594147582697,29.072391857506364,10.019262086513995,8.425750636132316,7.066819338422391,
2007-09-21,41.28594147582697,29.072391857506364,10.019262086513995,8.425750636132316,7.066819338422391,
2007-09-22,41.28594147582697,29.072391857506364,10.019262086513995,8.425750636132316,7.066819338422391,
2007-09-23,41.28594147582697,29.072391857506364,10.019262086513995,8.425750636132316,7.066819338422391,
2007-09-24,41.28594147582697,29.072391857506364,10.019262086513995,8.425750636132316,7.066819338422391,
2007-09-25,41.275254452926205,29.064758269720105,10.016972010178117,8.431857506361323,7.0797964376590325,
2007-09-26,41.26803007135575,29.06179918450561,10.01546890927625,8.435575942915392,7.084505606523955,
2007-09-27,41.26154925982644,29.057299642674835,10.016258295048495,8.439305768249106,7.0899948953547725,
2007-09-28,41.26154925982644,29.057299642674835,10.016258295048495,8.439305768249106,7.0899948953547725,
2007-09-29,41.26154925982644,29.057299642674835,10.016258295048495,8.439305768249106,7.0899948953547725,
2007-09-30,41.26154925982644,29.057299642674835,10.016258295048495,8.439305768249106,7.0899948953547725,
2007-10-01,41.25503312945973,29.05415392456677,10.017762487257901,8.440163098878696,7.097502548419979,
2007-10-02,41.251135783563036,29.049948953547727,10.016717713118938,8.441755997958142,7.102858601327207,
2007-10-03,41.24576942740286,29.04734151329243,10.01635991820041,8.443583844580777,7.107617586912064,
2007-10-04,41.23503323108384,29.042740286298567,10.014826175869121,8.448185071574642,7.118353783231083,
2007-10-05,41.23467330270546,29.044206227667175,10.011740684022461,8.445967330270545,7.122766717713118,
2007-10-06,41.23467330270546,29.044206227667175,10.011740684022461,8.445967330270545,7.122766717713118,
2007-10-07,41.23467330270546,29.044206227667175,10.011740684022461,8.445967330270545,7.122766717713118,
2007-10-08,41.23467330270546,29.044206227667175,10.011740684022461,8.445967330270545,7.122766717713118,
2007-10-09,41.22889826175869,29.042740286298567,10.010224948875257,8.448185071574642,7.127556237218813,
2007-10-10,41.21509458077709,29.03967280163599,10.010224948875257,8.451252556237218,7.138292433537831,
2007-10-11,41.20774449564772,29.038197644649255,10.007168458781363,8.455017921146952,7.144649257552483,
2007-10-12,41.20774449564772,29.038197644649255,10.007168458781363,8.455017921146952,7.144649257552483,
2007-10-13,41.20774449564772,29.038197644649255,10.007168458781363,8.455017921146952,7.144649257552483,
2007-10-14,41.20774449564772,29.038197644649255,10.007168458781363,8.455017921146952,7.144649257552483,
2007-10-15,41.20037179487179,29.03825641025641,10.005641025641026,8.458794871794872,7.147948717948717,
2007-10-16,41.19599334357399,29.035202252944185,10.00563236047107,8.460394265232974,7.154249871991807,
2007-10-17,41.18860256410257,29.035256410256405,10.004102564102565,8.462641025641025,7.157564102564102,
2007-10-18,41.1793717948718,29.032179487179484,10.004871794871795,8.463410256410256,7.166794871794871,
2007-10-19,41.17756016385049,29.035202252944185,10.001792114695341,8.46116231438812,7.169610855094725,
2007-10-20,41.17756016385049,29.035202252944185,10.001792114695341,8.46116231438812,7.169610855094725,
2007-10-21,41.17756016385049,29.035202252944185,10.001792114695341,8.46116231438812,7.169610855094725,
2007-10-22,41.167064102564105,29.03833333333333,9.99871794871795,8.464948717948717,7.174487179487179,
2007-10-23,41.16373527905786,29.036738351254478,9.997183819764466,8.465770609318996,7.180363543266768,
2007-10-24,41.15475641025641,29.03987179487179,9.995641025641026,8.46802564102564,7.183717948717947,
2007-10-25,41.14574987159733,29.039933230611194,9.994093477144325,8.470287621982537,7.1886235233692855,
2007-10-26,41.14574987159733,29.039933230611194,9.994093477144325,8.470287621982537,7.1886235233692855,
2007-10-27,41.14574987159733,29.039933230611194,9.994093477144325,8.470287621982537,7.1886235233692855,
2007-10-28,41.14574987159733,29.039933230611194,9.994093477144325,8.470287621982537,7.1886235233692855,
2007-10-29,41.13362911522634,29.044624485596703,9.990997942386832,8.474099794238683,7.193544238683127,
2007-10-30,41.12683899176955,29.04400720164609,9.987448559670781,8.473482510288065,7.202494855967077,
2007-10-31,41.11621586810923,29.048712004121587,9.984337970118496,8.47730551262236,7.205899021123132,
2007-11-01,41.10539670273056,29.050257599175684,9.982019577537352,8.478851107676455,7.215172591447707,
2007-11-02,41.10539670273056,29.050257599175684,9.982019577537352,8.478851107676455,7.215172591447707,
2007-11-03,41.10539670273056,29.050257599175684,9.982019577537352,8.478851107676455,7.215172591447707,
2007-11-04,41.10539670273056,29.050257599175684,9.982019577537352,8.478851107676455,7.215172591447707,
2007-11-05,41.09472394220847,29.054979360165117,9.97889576883385,8.481140350877192,7.220149638802889,
2007-11-06,41.0883951571355,29.056439979392067,9.977382792375064,8.483487892838744,7.224446161772281,
2007-11-07,41.07692208462333,29.060784313725488,9.975412796697627,8.48655830753354,7.2294375644994835,
2007-11-08,41.067739018087856,29.062428940568473,9.975374677002584,8.487312661498708,7.234444444444444,
2007-11-09,41.06608617131064,29.063880288957687,9.972316821465428,8.485010319917441,7.238725490196078,
2007-11-10,41.06608617131064,29.063880288957687,9.972316821465428,8.485010319917441,7.238725490196078,
2007-11-11,41.06608617131064,29.063880288957687,9.972316821465428,8.485010319917441,7.238725490196078,
2007-11-12,41.05378552971577,29.07018087855297,9.969173126614987,8.487312661498708,7.243746770025839,
2007-11-13,41.05378552971577,29.07018087855297,9.969173126614987,8.487312661498708,7.243746770025839,
2007-11-14,41.039056847545226,29.072196382428945,9.96700258397933,8.491188630490957,7.253901808785529,
2007-11-15,41.03130490956073,29.072196382428945,9.963901808785531,8.492739018087855,7.261653746770025,
2007-11-16,41.03130490956073,29.072196382428945,9.963901808785531,8.492739018087855,7.261653746770025,
2007-11-17,41.03130490956073,29.072196382428945,9.963901808785531,8.492739018087855,7.261653746770025,
2007-11-18,41.02351651186791,29.07053663570692,9.963957688338494,8.495072239422084,7.268988648090815,
2007-11-19,41.017351421188636,29.069095607235145,9.963901808785531,8.495839793281654,7.27405684754522,
2007-11-20,41.017351421188636,29.069095607235145,9.963901808785531,8.495839793281654,7.27405684754522,
2007-11-21,40.998746770025846,29.070645994832045,9.963901808785531,8.500490956072351,7.286459948320413,
2007-11-22,40.99020445134576,29.069202898550728,9.96462215320911,8.503597308488613,7.291563146997929,
2007-11-23,40.988669250646,29.072196382428945,9.96312661498708,8.499715762273901,7.294211886304909,
2007-11-24,40.988669250646,29.072196382428945,9.96312661498708,8.499715762273901,7.294211886304909,
2007-11-25,40.988669250646,29.072196382428945,9.96312661498708,8.499715762273901,7.294211886304909,
2007-11-26,40.98244047619048,29.070755693581784,9.961516563146999,8.502044513457557,7.299327122153208,
2007-11-27,40.9778165374677,29.069870801033595,9.960801033591732,8.5028165374677,7.3058397932816534,
2007-11-28,40.97001811594203,29.0684265010352,9.96074016563147,8.505150103519668,7.310973084886128,
2007-11-29,40.96064022809746,29.068532918610682,9.960679108346294,8.507490927941939,7.316122343182996,
2007-11-30,40.96064022809746,29.068532918610682,9.960679108346294,8.507490927941939,7.316122343182996,
2007-12-01,40.96064022809746,29.068532918610682,9.960679108346294,8.507490927941939,7.316122343182996,
2007-12-02,40.96064022809746,29.068532918610682,9.960679108346294,8.507490927941939,7.316122343182996,
2007-12-03,40.95279075804777,29.06708203530634,9.957502596053999,8.511396677050882,7.322845275181724,
2007-12-04,40.94328920041537,29.06256490134995,9.956412253374872,8.51482346832814,7.335306334371754,
2007-12-05,40.934620384815396,29.062272490899637,9.955954238169527,8.517186687467499,7.341289651586063,
2007-12-06,40.92213988559543,29.059152366094647,9.955954238169527,8.521866874674986,7.3522100884035355,
2007-12-07,40.92213988559543,29.059152366094647,9.955954238169527,8.521866874674986,7.3522100884035355,
2007-12-08,40.92213988559543,29.059152366094647,9.955954238169527,8.521866874674986,7.3522100884035355,
2007-12-09,40.92213988559543,29.059152366094647,9.955954238169527,8.521866874674986,7.3522100884035355,
2007-12-10,40.915768229166666,29.056119791666667,9.952760416666667,8.525807291666666,7.359010416666666,
2007-12-11,40.91121944877795,29.056032241289653,9.95127405096204,8.524986999479978,7.366250650026001,
2007-12-12,40.90483072916667,29.056119791666667,9.949635416666668,8.527369791666667,7.371510416666666,
2007-12-13,40.89529212310902,29.054642670839854,9.950339071465834,8.53132498695879,7.37678664580073,
2007-12-14,40.893893229166665,29.055338541666668,9.948072916666668,8.531276041666667,7.3801041666666665,
2007-12-15,40.893893229166665,29.055338541666668,9.948072916666668,8.531276041666667,7.3801041666666665,
2007-12-16,40.893893229166665,29.055338541666668,9.948072916666668,8.531276041666667,7.3801041666666665,
2007-12-17,40.893893229166665,29.055338541666668,9.948072916666668,8.531276041666667,7.3801041666666665,
2007-12-18,40.882877604166666,29.04986979166667,9.947682291666668,8.537057291666667,7.390729166666667,
2007-12-19,40.874869587897756,29.04838288993219,9.947600417318728,8.541027647365675,7.3960354720918104,
2007-12-20,40.86526907001045,29.046891327063744,9.947518286311391,8.54344305120167,7.40135841170324,
2007-12-21,40.8607850808555,29.045252999478354,9.947600417318728,8.545722483046426,7.40699008868023,
2007-12-22,40.8607850808555,29.045252999478354,9.947600417318728,8.545722483046426,7.40699008868023,
2007-12-23,40.8607850808555,29.045252999478354,9.947600417318728,8.545722483046426,7.40699008868023,
2007-12-24,40.855864681295714,29.040621734587255,9.947518286311391,8.548145245559038,7.412330198537095,
2007-12-25,40.855864681295714,29.040621734587255,9.947518286311391,8.548145245559038,7.412330198537095,
2007-12-26,40.84935897435897,29.03754578754579,9.945866038723183,8.552145473574045,7.4176870748299315,
2007-12-27,40.84126048218029,29.03288784067086,9.947353249475892,8.556158280922432,7.423060796645702,
2007-12-28,40.84126048218029,29.03288784067086,9.947353249475892,8.556158280922432,7.423060796645702,
2007-12-29,40.84126048218029,29.03288784067086,9.947353249475892,8.556158280922432,7.423060796645702,
2007-12-30,40.84126048218029,29.03288784067086,9.947353249475892,8.556158280922432,7.423060796645702,
2007-12-31,40.83471128608924,29.028215223097114,9.945695538057743,8.56018372703412,7.43002624671916,
2008-01-01,40.83471128608924,29.028215223097114,9.945695538057743,8.56018372703412,7.43002624671916,
2008-01-02,40.82971871713985,29.023527865404837,9.945609884332283,8.562644584647739,7.435436382754995,
2008-01-03,40.82155081621906,29.019615587151133,9.9471037388099,8.566692996313849,7.440863612427593,
2008-01-04,40.82155081621906,29.019615587151133,9.9471037388099,8.566692996313849,7.440863612427593,
2008-01-05,40.82155081621906,29.019615587151133,9.9471037388099,8.566692996313849,7.440863612427593,
2008-01-06,40.82155081621906,29.019615587151133,9.9471037388099,8.566692996313849,7.440863612427593,
2008-01-07,40.81652162447257,29.01489978902954,9.947020042194094,8.56917194092827,7.446308016877637,
2008-01-08,40.80631592827004,29.012051687763716,9.944646624472576,8.572494725738396,7.45785864978903,
2008-01-09,40.79365770042194,29.004140295358653,9.943064345991562,8.58040611814346,7.4689345991561185,
2008-01-10,40.78416402953586,29.00255801687764,9.941482067510549,8.583570675105484,7.476845991561182,
2008-01-11,40.78608478146392,29.00413375460769,9.936835176408637,8.58106898367562,7.479252238020011,
2008-01-12,40.78608478146392,29.00413375460769,9.936835176408637,8.58106898367562,7.479252238020011,
2008-01-13,40.78608478146392,29.00413375460769,9.936835176408637,8.58106898367562,7.479252238020011,
2008-01-14,40.77941719409282,29.000975738396626,9.935152953586499,8.583570675105484,7.486339662447258,
2008-01-15,40.77344655081622,28.99781463928384,9.93367561874671,8.587388098999474,7.493470247498684,
2008-01-16,40.762388098999466,28.993075302790945,9.932095839915746,8.5905476566614,7.504528699315429,
2008-01-17,40.754100738396616,28.98989978902954,9.933570675105486,8.594646624472574,7.510073839662447,
2008-01-18,40.754100738396616,28.98989978902954,9.933570675105486,8.594646624472574,7.510073839662447,
2008-01-19,40.754100738396616,28.98989978902954,9.933570675105486,8.594646624472574,7.510073839662447,
2008-01-20,40.754100738396616,28.98989978902954,9.933570675105486,8.594646624472574,7.510073839662447,
2008-01-21,40.74578711040676,28.986714210248287,9.933465398837825,8.598758584257792,7.515636555731643,
2008-01-22,40.740915084388185,28.98620780590717,9.933201476793249,8.601028481012658,7.519989451476793,
2008-01-23,40.731421413502105,28.981460970464134,9.930036919831224,8.605775316455697,7.529483122362869,
2008-01-24,40.720345464135015,28.981460970464134,9.928454641350212,8.608939873417722,7.538976793248945,
2008-01-25,40.720345464135015,28.981460970464134,9.928454641350212,8.608939873417722,7.538976793248945,
2008-01-26,40.720345464135015,28.981460970464134,9.928454641350212,8.608939873417722,7.538976793248945,
2008-01-27,40.720345464135015,28.981460970464134,9.928454641350212,8.608939873417722,7.538976793248945,
2008-01-28,40.71356312731114,28.97984680401479,9.926756471209721,8.61148969889065,7.5445853143159,
2008-01-29,40.706104957805906,28.981460970464134,9.926872362869199,8.61368670886076,7.5500527426160335,
2008-01-30,40.696611286919826,28.97354957805907,9.923707805907174,8.618433544303798,7.561128691983122,
2008-01-31,40.6897913365029,28.971922873745378,9.923586899101956,8.619413629160064,7.568357105124141,
2008-02-01,40.6897913365029,28.971922873745378,9.923586899101956,8.619413629160064,7.568357105124141,
2008-02-02,40.6807885021097,28.965638185654008,9.923707805907174,8.623180379746836,7.578533755274261,
2008-02-03,40.6807885021097,28.965638185654008,9.923707805907174,8.623180379746836,7.578533755274261,
2008-02-04,40.67711304807184,28.963998943475964,9.922002113048073,8.624167987321712,7.584204965662969,
2008-02-05,40.663325409403065,28.96241415742208,9.920575805599578,8.62797147385103,7.597992604331748,
2008-02-06,40.6580291005291,28.959179894179893,9.920449735449735,8.630555555555556,7.603703703703704,
2008-02-07,40.64612433862434,28.958386243386244,9.918862433862433,8.63452380952381,7.614814814814815,
2008-02-08,40.6466851558373,28.960036978341257,9.914236661384047,8.631933438985737,7.618594823032224,
2008-02-09,40.6466851558373,28.960036978341257,9.914236661384047,8.631933438985737,7.618594823032224,
2008-02-10,40.6466851558373,28.960036978341257,9.914236661384047,8.631933438985737,7.618594823032224,
2008-02-11,40.64136243386243,28.958386243386244,9.912513227513227,8.63452380952381,7.624338624338624,
2008-02-12,40.62390211640212,28.958386243386244,9.909338624338623,8.637698412698413,7.64021164021164,
2008-02-13,40.6096164021164,28.953624338624337,9.90616402116402,8.642460317460317,7.654497354497354,
2008-02-14,40.601046634870166,28.951960784313723,9.90601483836778,8.646661367249603,7.660307366189719,
2008-02-15,40.601046634870166,28.951960784313723,9.90601483836778,8.646661367249603,7.660307366189719,
2008-02-16,40.601046634870166,28.951960784313723,9.90601483836778,8.646661367249603,7.660307366189719,
2008-02-17,40.601046634870166,28.951960784313723,9.90601483836778,8.646661367249603,7.660307366189719,
2008-02-18,40.59563428874735,28.950291932059447,9.904272823779193,8.649283439490446,7.666135881104034,
2008-02-19,40.58769210386858,28.948940116587178,9.903312135665077,8.652914679385267,7.672919978802331,
2008-02-20,40.57338367779545,28.945760466348705,9.900132485426603,8.657684154742979,7.685638579756226,
2008-02-21,40.56474256900213,28.945674097664547,9.899973460721869,8.661916135881103,7.691507430997876,
2008-02-22,40.55907525172231,28.945760466348705,9.898542660307367,8.664043455219925,7.698357180710121,
2008-02-23,40.55907525172231,28.945760466348705,9.898542660307367,8.664043455219925,7.698357180710121,
2008-02-24,40.55907525172231,28.945760466348705,9.898542660307367,8.664043455219925,7.698357180710121,
2008-02-25,40.55200371549894,28.94408174097665,9.895196390658175,8.666693205944798,7.70583864118896,
2008-02-26,40.544766825649184,28.940990990990993,9.895363010068893,8.668812930577637,7.71425543190249,
2008-02-27,40.528868574456816,28.939401165871757,9.893773184949655,8.673582405935347,7.725384207737148,
2008-02-28,40.52095276008493,28.937712314225056,9.894400212314226,8.677043524416137,7.731316348195329,
2008-02-29,40.52012453630101,28.939401165871757,9.889798622151563,8.675967143614203,7.7365129835718065,
2008-03-01,40.516124338624344,28.93949735449736,9.888386243386243,8.676481481481481,7.743280423280423,
2008-03-02,40.50896724775489,28.936423666138406,9.886978341257263,8.678578975171686,7.753195985208663,
2008-03-03,40.500251322751325,28.934735449735452,9.88521164021164,8.681243386243386,7.76074074074074,
2008-03-04,40.48779100529101,28.932513227513226,9.883068783068785,8.682910052910053,7.776931216931216,
2008-03-05,40.475092592592596,28.922989417989417,9.883068783068785,8.68925925925926,7.791216931216931,
2008-03-06,40.46398148148148,28.921402116402117,9.883068783068785,8.69084656084656,7.803915343915343,
2008-03-07,40.46398148148148,28.921402116402117,9.883068783068785,8.69084656084656,7.803915343915343,
2008-03-08,40.46398148148148,28.921402116402117,9.883068783068785,8.69084656084656,7.803915343915343,
2008-03-09,40.46398148148148,28.921402116402117,9.883068783068785,8.69084656084656,7.803915343915343,
2008-03-10,40.453590355060946,28.922866984631693,9.881293057763648,8.693534711181771,7.8115527291997875,
2008-03-11,40.44810846560847,28.919814814814814,9.881481481481483,8.694021164021164,7.819788359788359,
2008-03-12,40.43541005291006,28.910291005291004,9.881481481481483,8.70037037037037,7.834074074074073,
2008-03-13,40.42338367779544,28.911738208797033,9.87970323264441,8.704663487016429,7.840169581346052,
2008-03-14,40.422711640211645,28.911878306878307,9.87830687830688,8.703544973544973,7.843597883597883,
2008-03-15,40.422711640211645,28.911878306878307,9.87830687830688,8.703544973544973,7.843597883597883,
2008-03-16,40.422711640211645,28.911878306878307,9.87830687830688,8.703544973544973,7.843597883597883,
2008-03-17,40.407485426603074,28.916507684154745,9.8749337572867,8.707843137254903,7.85129835718071,
2008-03-18,40.40128306878307,28.90989417989418,9.875846560846561,8.71132275132275,7.859629629629629,
2008-03-19,40.382235449735454,28.906719576719578,9.872671957671958,8.719259259259259,7.875502645502645,
2008-03-20,40.363187830687835,28.906719576719578,9.872671957671958,8.725608465608465,7.889788359788359,
2008-03-21,40.363187830687835,28.906719576719578,9.872671957671958,8.725608465608465,7.889788359788359,
2008-03-22,40.363187830687835,28.906719576719578,9.872671957671958,8.725608465608465,7.889788359788359,
2008-03-23,40.363187830687835,28.906719576719578,9.872671957671958,8.725608465608465,7.889788359788359,
2008-03-24,40.34786698463169,28.911340752517223,9.870879703232646,8.729941706412294,7.895972443031266,
2008-03-25,40.34786698463169,28.911340752517223,9.870879703232646,8.729941706412294,7.895972443031266,
2008-03-26,40.32799417064123,28.905776364599895,9.870879703232646,8.738685744568098,7.911870694223635,
2008-03-27,40.31498142250531,28.907218683651806,9.869877919320595,8.74384288747346,7.9196921443736725,
2008-03-28,40.311301006889245,28.905776364599895,9.86849496555379,8.7474297827239,7.9261791202967675,
2008-03-29,40.311301006889245,28.905776364599895,9.86849496555379,8.7474297827239,7.9261791202967675,
2008-03-30,40.311301006889245,28.905776364599895,9.86849496555379,8.7474297827239,7.9261791202967675,
2008-03-31,40.294280785562634,28.911995753715498,9.866693205944799,8.751804670912952,7.932430997876858,
2008-04-01,40.28390483785221,28.915204678362578,9.864566719829877,8.753322700691122,7.938224348750664,
2008-04-02,40.26476608187135,28.91121743753323,9.863769271664008,8.761297182349814,7.953375863902179,
2008-04-03,40.24403242955875,28.91121743753323,9.863769271664008,8.769271664008505,7.967729930887825,
2008-04-04,40.24205148619958,28.909766454352447,9.862393842887473,8.76963906581741,7.972558386411889,
2008-04-05,40.24205148619958,28.909766454352447,9.862393842887473,8.76963906581741,7.972558386411889,
2008-04-06,40.24205148619958,28.909766454352447,9.862393842887473,8.76963906581741,7.972558386411889,
2008-04-07,40.22489367357789,28.916002126528447,9.860579479000531,8.77405635300372,7.978894205209994,
2008-04-08,40.20256512493355,28.919191919191924,9.857389686337054,8.782030834662413,7.994843168527379,
2008-04-09,40.18422381711856,28.916002126528447,9.854997341839447,8.789207868155236,8.010792131844763,
2008-04-10,40.170141107561236,28.919062832800854,9.853966986155484,8.793663471778487,8.017997870074547,
2008-04-11,40.170141107561236,28.919062832800854,9.853966986155484,8.793663471778487,8.017997870074547,
2008-04-12,40.170141107561236,28.919062832800854,9.853966986155484,8.793663471778487,8.017997870074547,
2008-04-13,40.170141107561236,28.919062832800854,9.853966986155484,8.793663471778487,8.017997870074547,
2008-04-14,40.152813333333334,28.926933333333338,9.852133333333333,8.796533333333333,8.024426666666667,
2008-04-15,40.14777689030884,28.92225772097977,9.852369542066027,8.798455804046858,8.032374866879659,
2008-04-16,40.12860756123536,28.920660276890313,9.849174653887113,8.804845580404685,8.048349307774227,
2008-04-17,40.11121333333334,28.928533333333338,9.847333333333333,8.809333333333333,8.054826666666667,
2008-04-18,40.11103567625133,28.925452609158683,9.845979765708199,8.808040468583599,8.059531416400425,
2008-04-19,40.11103567625133,28.925452609158683,9.845979765708199,8.808040468583599,8.059531416400425,
2008-04-20,40.11103567625133,28.925452609158683,9.845979765708199,8.808040468583599,8.059531416400425,
2008-04-21,40.11103567625133,28.925452609158683,9.845979765708199,8.808040468583599,8.059531416400425,
2008-04-22,40.08771299254526,28.931522896698617,9.845340788072418,8.816027689030884,8.070234291799787,
2008-04-23,40.070141107561234,28.93258785942492,9.843743343982961,8.820820021299253,8.084078807241747,
2008-04-24,40.05265333333333,28.940479999999997,9.843493333333333,8.823733333333333,8.090613333333334,
2008-04-25,40.046179446219384,28.93738019169329,9.845340788072418,8.825612353567625,8.096858359957402,
2008-04-26,40.046179446219384,28.93738019169329,9.845340788072418,8.825612353567625,8.096858359957402,
2008-04-27,40.046179446219384,28.93738019169329,9.845340788072418,8.825612353567625,8.096858359957402,
2008-04-28,40.03185333333333,28.94368,9.843493333333333,8.830133333333333,8.101813333333332,
2008-04-29,40.01601333333333,28.941919999999996,9.842533333333334,8.834293333333333,8.115733333333335,
2008-04-30,40.000013354700855,28.949839743589738,9.840678418803419,8.83883547008547,8.120726495726498,
2008-05-01,39.98078258547008,28.949839743589738,9.839877136752138,8.846047008547009,8.13354700854701,
2008-05-02,39.98078258547008,28.949839743589738,9.839877136752138,8.846047008547009,8.13354700854701,
2008-05-03,39.98078258547008,28.949839743589738,9.839877136752138,8.846047008547009,8.13354700854701,
2008-05-04,39.98078258547008,28.949839743589738,9.839877136752138,8.846047008547009,8.13354700854701,
2008-05-05,39.96791064740503,28.956179775280894,9.838014981273409,8.8490101658641,8.138576779026218,
2008-05-06,39.95994925213675,28.953044871794866,9.838274572649574,8.852457264957264,8.146367521367523,
2008-05-07,39.93911591880342,28.951442307692304,9.838274572649574,8.858867521367522,8.1607905982906,
2008-05-08,39.924571963616906,28.956179775280894,9.836409844836812,8.861851257356875,8.168271803103265,
2008-05-09,39.924692841880336,28.953044871794866,9.835069444444445,8.860470085470086,8.17280982905983,
2008-05-10,39.924692841880336,28.953044871794866,9.835069444444445,8.860470085470086,8.17280982905983,
2008-05-11,39.924692841880336,28.953044871794866,9.835069444444445,8.860470085470086,8.17280982905983,
2008-05-12,39.91333600856073,28.957784911717493,9.833199571963618,8.863456393793472,8.177902621722847,
2008-05-13,39.91333600856073,28.957784911717493,9.833199571963618,8.863456393793472,8.177902621722847,
2008-05-14,39.89327180310326,28.955377207062597,9.834804708400215,8.87067950775816,8.189941144997325,
2008-05-15,39.879434619506966,28.956913183279738,9.833735262593784,8.87529474812433,8.19748124330118,
2008-05-16,39.873207597645795,28.950561797752805,9.837212413055111,8.878705189941146,8.2035848047084,
2008-05-17,39.873207597645795,28.950561797752805,9.837212413055111,8.878705189941146,8.2035848047084,
2008-05-18,39.873207597645795,28.950561797752805,9.837212413055111,8.878705189941146,8.2035848047084,
2008-05-19,39.86014201500536,28.955305466237938,9.835342979635586,8.881725616291533,8.210342979635586,
2008-05-20,39.85330390583199,28.949919743178167,9.836169074371321,8.886169074371322,8.217148207597646,
2008-05-21,39.82922685928304,28.948314606741572,9.836169074371321,8.894194756554308,8.233199571963617,
2008-05-22,39.80514981273408,28.946709470304974,9.837774210807918,8.90382557517389,8.249250936329588,
2008-05-23,39.80514981273408,28.946709470304974,9.837774210807918,8.90382557517389,8.249250936329588,
2008-05-24,39.80514981273408,28.946709470304974,9.837774210807918,8.90382557517389,8.249250936329588,
2008-05-25,39.80514981273408,28.946709470304974,9.837774210807918,8.90382557517389,8.249250936329588,
2008-05-26,39.79197481243301,28.95144694533762,9.835905680600215,8.908494105037514,8.254474812433012,
2008-05-27,39.78267790262172,28.946709470304974,9.836169074371321,8.911851257356876,8.263697164258963,
2008-05-28,39.75860085607277,28.94349919743178,9.837774210807918,8.919876939539861,8.279748528624934,
2008-05-29,39.743743301178995,28.94742765273312,9.837513397642015,8.92457127545552,8.286629153269025,
2008-05-30,39.74415462814339,28.941091492776884,9.837774210807918,8.924692348849653,8.290984483681113,
2008-05-31,39.74415462814339,28.941091492776884,9.837774210807918,8.924692348849653,8.290984483681113,
2008-06-01,39.74415462814339,28.941091492776884,9.837774210807918,8.924692348849653,8.290984483681113,
2008-06-02,39.73248928188639,28.944212218649515,9.835905680600215,8.927786709539122,8.29627545551983,
2008-06-03,39.712553590568064,28.943408360128615,9.833654876741692,8.934539121114684,8.311066452304395,
2008-06-04,39.69245712754556,28.93295819935691,9.836066452304394,8.944185423365488,8.327947481243301,
2008-06-05,39.668341371918544,28.92974276527331,9.837674169346194,8.955439442658093,8.344024651661307,
2008-06-06,39.668341371918544,28.92974276527331,9.837674169346194,8.955439442658093,8.344024651661307,
2008-06-07,39.668341371918544,28.92974276527331,9.837674169346194,8.955439442658093,8.344024651661307,
2008-06-08,39.653314546430494,28.93123993558776,9.837412775093934,8.960198604401503,8.35101986044015,
2008-06-09,39.653314546430494,28.93123993558776,9.837412775093934,8.960198604401503,8.35101986044015,
2008-06-10,39.653314546430494,28.93123993558776,9.837412775093934,8.960198604401503,8.35101986044015,
2008-06-11,39.644225616291536,28.920096463022507,9.839281886387996,8.967497320471598,8.361709539121115,
2008-06-12,39.644225616291536,28.920096463022507,9.839281886387996,8.967497320471598,8.361709539121115,
2008-06-13,39.64078384162654,28.913804173354734,9.840342429106473,8.97075976457999,8.367549491706795,
2008-06-14,39.64078384162654,28.913804173354734,9.840342429106473,8.97075976457999,8.367549491706795,
2008-06-15,39.64078384162654,28.913804173354734,9.840342429106473,8.97075976457999,8.367549491706795,
2008-06-16,39.64078384162654,28.913804173354734,9.840342429106473,8.97075976457999,8.367549491706795,
2008-06-17,39.62573687031083,28.916881028938906,9.838478027867094,8.975535905680601,8.374571275455521,
2008-06-18,39.60483654876742,28.908842443729903,9.839281886387996,8.985986066452305,8.391452304394427,
2008-06-19,39.60483654876742,28.908842443729903,9.839281886387996,8.985986066452305,8.391452304394427,
2008-06-20,39.60483654876742,28.908842443729903,9.839281886387996,8.985986066452305,8.391452304394427,
2008-06-21,39.60483654876742,28.908842443729903,9.839281886387996,8.985986066452305,8.391452304394427,
2008-06-22,39.60483654876742,28.908842443729903,9.839281886387996,8.985986066452305,8.391452304394427,
2008-06-23,39.59131776704241,28.910305958132042,9.839023081052066,8.990794417606013,8.398523886205046,
2008-06-24,39.58313236870311,28.90450160771704,9.839844587352626,8.99635584137192,8.406564844587352,
2008-06-25,39.565447481243304,28.896463022508037,9.838236870310825,9.006002143622723,8.422642015005358,
2008-06-26,39.55186527106817,28.90112721417069,9.837976382179281,9.009232420826624,8.428153515834675,
2008-06-27,39.547762593783496,28.891639871382633,9.841452304394426,9.012433011789925,8.433896034297963,
2008-06-28,39.547762593783496,28.891639871382633,9.841452304394426,9.012433011789925,8.433896034297963,
2008-06-29,39.547762593783496,28.891639871382633,9.841452304394426,9.012433011789925,8.433896034297963,
2008-06-30,39.534151905528724,28.89468599033816,9.839586688137413,9.017283950617283,8.4394256575416,
2008-07-01,39.534151905528724,28.89468599033816,9.839586688137413,9.017283950617283,8.4394256575416,
2008-07-02,39.513217928073004,28.889855072463767,9.839586688137413,9.026945786366076,8.453113258185722,
2008-07-03,39.49389425657542,28.8866344605475,9.840391841116478,9.036607622114868,8.466800858829844,
2008-07-04,39.49389425657542,28.8866344605475,9.840391841116478,9.036607622114868,8.466800858829844,
2008-07-05,39.49389425657542,28.8866344605475,9.840391841116478,9.036607622114868,8.466800858829844,
2008-07-06,39.49389425657542,28.8866344605475,9.840391841116478,9.036607622114868,8.466800858829844,
2008-07-07,39.478561827956995,28.891290322580645,9.84013440860215,9.03989247311828,8.474005376344087,
2008-07-08,39.472960279119704,28.88502415458937,9.840391841116478,9.043048845947396,8.482903918411164,
2008-07-09,39.453636607622116,28.879388083735908,9.838781535158347,9.051905528717123,8.496591519055286,
2008-07-10,39.441465053763444,28.88564516129032,9.835295698924732,9.053602150537635,8.502231182795699,
2008-07-11,39.43914385399893,28.879388083735908,9.836366076221148,9.055931293612453,8.507863660762212,
2008-07-12,39.43914385399893,28.879388083735908,9.836366076221148,9.055931293612453,8.507863660762212,
2008-07-13,39.43914385399893,28.879388083735908,9.836366076221148,9.055931293612453,8.507863660762212,
2008-07-14,39.42211021505377,28.887258064516125,9.837715053763441,9.057634408602151,8.513521505376344,
2008-07-15,39.401303763440865,28.89,9.836747311827958,9.064247311827957,8.526102150537634,
2008-07-16,39.38033602150538,28.886774193548387,9.835134408602151,9.073924731182796,8.539005376344086,
2008-07-17,39.366410877759826,28.893053311793214,9.83325255788907,9.075659666128164,8.544722670974691,
2008-07-18,39.366410877759826,28.893053311793214,9.83325255788907,9.075659666128164,8.544722670974691,
2008-07-19,39.366410877759826,28.893053311793214,9.83325255788907,9.075659666128164,8.544722670974691,
2008-07-20,39.366410877759826,28.893053311793214,9.83325255788907,9.075659666128164,8.544722670974691,
2008-07-21,39.35082254584682,28.900970873786406,9.832982740021576,9.077400215749732,8.550458468176915,
2008-07-22,39.34589391491653,28.89757673667205,9.833414108777598,9.08115239633818,8.556031233171783,
2008-07-23,39.328123317178246,28.8935379644588,9.83260635433495,9.088422186322026,8.569763058696823,
2008-07-24,39.30550619278406,28.898384491114697,9.834221863220247,9.093268712977922,8.579456112008616,
2008-07-25,39.30550619278406,28.898384491114697,9.834221863220247,9.093268712977922,8.579456112008616,
2008-07-26,39.30550619278406,28.898384491114697,9.834221863220247,9.093268712977922,8.579456112008616,
2008-07-27,39.30550619278406,28.898384491114697,9.834221863220247,9.093268712977922,8.579456112008616,
2008-07-28,39.293055555555554,28.903074433656954,9.832335490830637,9.095037756202805,8.586866235167205,
2008-07-29,39.27732306861156,28.911021069692055,9.83044300378174,9.098433279308482,8.592679632631011,
2008-07-30,39.272829018338726,28.902265372168284,9.83071736785329,9.103128371089536,8.600620280474649,
2008-07-31,39.25868449486764,28.906158833063206,9.829632631010265,9.107347379794707,8.607266342517558,
2008-08-01,39.25868449486764,28.906158833063206,9.829632631010265,9.107347379794707,8.607266342517558,
2008-08-02,39.25868449486764,28.906158833063206,9.829632631010265,9.107347379794707,8.607266342517558,
2008-08-03,39.25868449486764,28.906158833063206,9.829632631010265,9.107347379794707,8.607266342517558,
2008-08-04,39.24611742424243,28.91087662337662,9.827732683982683,9.110768398268398,8.613122294372294,
2008-08-05,39.23220867208672,28.91853658536585,9.826802168021679,9.111924119241191,8.618672086720865,
2008-08-06,39.214322493224934,28.91691056910569,9.824363143631436,9.1180216802168,8.63371273712737,
2008-08-07,39.19643631436315,28.915284552845524,9.824363143631436,9.12289972899729,8.648346883468834,
2008-08-08,39.19643631436315,28.915284552845524,9.824363143631436,9.12289972899729,8.648346883468834,
2008-08-09,39.19643631436315,28.915284552845524,9.824363143631436,9.12289972899729,8.648346883468834,
2008-08-10,39.19643631436315,28.915284552845524,9.824363143631436,9.12289972899729,8.648346883468834,
2008-08-11,39.18372692725299,28.920032573289898,9.822448425624321,9.126357220412595,8.654288816503799,
2008-08-12,39.18372692725299,28.920032573289898,9.822448425624321,9.126357220412595,8.654288816503799,
2008-08-13,39.164997285559174,28.91677524429967,9.822448425624321,9.133686210640608,8.668946796959824,
2008-08-14,39.152215878194674,28.9231647634584,9.820527460576399,9.133904295812941,8.674932028276237,
2008-08-15,39.153596634093375,28.91677524429967,9.820819761129206,9.133686210640608,8.67871878393051,
2008-08-16,39.153596634093375,28.91677524429967,9.820819761129206,9.133686210640608,8.67871878393051,
2008-08-17,39.153596634093375,28.91677524429967,9.820819761129206,9.133686210640608,8.67871878393051,
2008-08-18,39.1407966286025,28.921533442088087,9.81726481783578,9.135535617183251,8.686351277868406,
2008-08-19,39.13584419109663,28.91758957654723,9.816748099891422,9.139060803474484,8.693376764386535,
2008-08-20,39.11711454940282,28.914332247557,9.815933767643864,9.146389793702497,8.70803474484256,
2008-08-21,39.100176726481784,28.919086460032624,9.814817835780314,9.152338227297443,8.71489940184883,
2008-08-22,39.096756243213896,28.912703583061887,9.815119435396307,9.156976112920738,8.72187839305103,
2008-08-23,39.096756243213896,28.912703583061887,9.815119435396307,9.156976112920738,8.72187839305103,
2008-08-24,39.096756243213896,28.912703583061887,9.815119435396307,9.156976112920738,8.72187839305103,
2008-08-25,39.078840933767644,28.909446254071657,9.813490770901193,9.166748099891421,8.736536373507056,
2008-08-26,39.078840933767644,28.909446254071657,9.813490770901193,9.166748099891421,8.736536373507056,
2008-08-27,39.074647696476966,28.898211382113818,9.81460704607046,9.171355013550135,8.745094850948508,
2008-08-28,39.05766829533116,28.90618892508143,9.812676438653636,9.17570575461455,8.751194353963083,
2008-08-29,39.05766829533116,28.90618892508143,9.812676438653636,9.17570575461455,8.751194353963083,
2008-08-30,39.05766829533116,28.90618892508143,9.812676438653636,9.17570575461455,8.751194353963083,
2008-08-31,39.05766829533116,28.90618892508143,9.812676438653636,9.17570575461455,8.751194353963083,
2008-09-01,39.04144915715062,28.91256117455138,9.80910821098423,9.180886351277868,8.757313757476888,
2008-09-02,39.023178357803154,28.914518760195755,9.80764002175095,9.185617183251768,8.772321914083742,
2008-09-03,39.00401033170201,28.908401305057094,9.80600870038064,9.196220772158783,8.78700380641653,
2008-09-04,38.98443447525829,28.90595432300163,9.804377379010331,9.205193039695487,8.80168569874932,
2008-09-05,38.98443447525829,28.90595432300163,9.804377379010331,9.205193039695487,8.80168569874932,
2008-09-06,38.98443447525829,28.90595432300163,9.804377379010331,9.205193039695487,8.80168569874932,
2008-09-07,38.98443447525829,28.90595432300163,9.804377379010331,9.205193039695487,8.80168569874932,
2008-09-08,38.969703159041394,28.910702614379083,9.800789760348584,9.210430283224401,8.80789760348584,
2008-09-09,38.96594616639478,28.90432300163132,9.800027188689505,9.21389342033714,8.815823817292006,
2008-09-10,38.94473898858075,28.907585644371938,9.796764545948886,9.223681348559,8.827243066884177,
2008-09-11,38.92516313213703,28.907585644371938,9.795133224578576,9.23183795541055,8.840293637846656,
2008-09-12,38.92691368078176,28.902850162866446,9.793838219326819,9.231460369163953,8.843811074918568,
2008-09-13,38.92691368078176,28.902850162866446,9.793838219326819,9.231460369163953,8.843811074918568,
2008-09-14,38.92691368078176,28.902850162866446,9.793838219326819,9.231460369163953,8.843811074918568,
2008-09-15,38.913743882544864,28.90595432300163,9.791870581837957,9.23673191952148,8.850081566068516,
2008-09-16,38.913743882544864,28.90595432300163,9.791870581837957,9.23673191952148,8.850081566068516,
2008-09-17,38.894820554649264,28.90573681348559,9.789314845024471,9.24505165851006,8.862860250135943,
2008-09-18,38.88075980392156,28.907216775599128,9.788153594771243,9.25035403050109,8.869989106753813,
2008-09-19,38.87769168026101,28.90247417074497,9.788499184339315,9.25483958673192,8.875095160413268,
2008-09-20,38.87769168026101,28.90247417074497,9.788499184339315,9.25483958673192,8.875095160413268,
2008-09-21,38.87769168026101,28.90247417074497,9.788499184339315,9.25483958673192,8.875095160413268,
2008-09-22,38.864419934640516,28.905582788671026,9.786519607843138,9.260157952069717,8.881427015250544,
2008-09-23,38.8597471451876,28.900027188689506,9.78605220228385,9.26299619358347,8.888145731375747,
2008-09-24,38.8434339314845,28.896764545948887,9.78278955954323,9.26952147906471,8.902827623708538,
2008-09-25,38.8434339314845,28.896764545948887,9.78278955954323,9.26952147906471,8.902827623708538,
2008-09-26,38.8434339314845,28.896764545948887,9.78278955954323,9.26952147906471,8.902827623708538,
2008-09-27,38.8434339314845,28.896764545948887,9.78278955954323,9.26952147906471,8.902827623708538,
2008-09-28,38.8434339314845,28.896764545948887,9.78278955954323,9.26952147906471,8.902827623708538,
2008-09-29,38.83010620915032,28.898229847494555,9.780800653594772,9.274863834422659,8.909204793028323,
2008-09-30,38.83010620915032,28.898229847494555,9.780800653594772,9.274863834422659,8.909204793028323,
2008-10-01,38.81131535947712,28.895778867102397,9.777532679738563,9.283850762527234,8.923093681917212,
2008-10-02,38.79334150326797,28.89251089324619,9.777532679738563,9.293654684095861,8.93289760348584,
2008-10-03,38.79334150326797,28.89251089324619,9.777532679738563,9.293654684095861,8.93289760348584,
2008-10-04,38.79334150326797,28.89251089324619,9.777532679738563,9.293654684095861,8.93289760348584,
2008-10-05,38.79334150326797,28.89251089324619,9.777532679738563,9.293654684095861,8.93289760348584,
2008-10-06,38.77990998363338,28.895608292416803,9.775531914893618,9.299045280960176,8.939334424440808,
2008-10-07,38.766270491803276,28.902814207650273,9.772704918032787,9.30068306010929,8.945300546448086,
2008-10-08,38.744139344262294,28.90363387978142,9.771065573770493,9.309699453551913,8.958415300546449,
2008-10-09,38.73113026819923,28.90566502463054,9.76959496442255,9.31513409961686,8.965462506841817,
2008-10-10,38.729931693989066,28.899262295081964,9.766693989071038,9.317896174863389,8.970437158469945,
2008-10-11,38.729931693989066,28.899262295081964,9.766693989071038,9.317896174863389,8.970437158469945,
2008-10-12,38.729931693989066,28.899262295081964,9.766693989071038,9.317896174863389,8.970437158469945,
2008-10-13,38.71635194307608,28.902380952380952,9.763026819923372,9.323344280240832,8.978598795840174,
2008-10-14,38.71635194307608,28.902380952380952,9.763026819923372,9.323344280240832,8.978598795840174,
2008-10-15,38.70916666666667,28.89543715846994,9.763415300546448,9.328825136612023,8.9851912568306,
2008-10-16,38.69555281882868,28.899370552818823,9.761384783798578,9.333470169677067,8.991735084838533,
2008-10-17,38.69555281882868,28.899370552818823,9.761384783798578,9.333470169677067,8.991735084838533,
2008-10-18,38.69555281882868,28.899370552818823,9.761384783798578,9.333470169677067,8.991735084838533,
2008-10-19,38.69555281882868,28.899370552818823,9.761384783798578,9.333470169677067,8.991735084838533,
2008-10-20,38.6835389254386,28.902494517543854,9.759347587719299,9.337308114035089,8.998300438596491,
2008-10-21,38.67831143951834,28.897400109469075,9.760235358511219,9.342008757526,9.004214559386973,
2008-10-22,38.673374316939885,28.891010928961748,9.760081967213114,9.346912568306012,9.010765027322405,
2008-10-23,38.66052271483306,28.894116037219487,9.757224958949097,9.351587301587301,9.018171866447728,
2008-10-24,38.65943989071038,28.88773224043716,9.755983606557377,9.354289617486339,9.021420765027322,
2008-10-25,38.65943989071038,28.88773224043716,9.755983606557377,9.354289617486339,9.021420765027322,
2008-10-26,38.65943989071038,28.88773224043716,9.755983606557377,9.354289617486339,9.021420765027322,
2008-10-27,38.647386425834696,28.890831964969895,9.753940886699507,9.358155446086482,9.028024083196497,
2008-10-28,38.63812841530054,28.886092896174862,9.755983606557377,9.362486338797815,9.034535519125683,
2008-10-29,38.618456284153005,28.882814207650274,9.752704918032787,9.37396174863388,9.04601092896175,
2008-10-30,38.60387246852764,28.88590585659551,9.750656814449917,9.378680897646415,9.054296661193213,
2008-10-31,38.60387246852764,28.88590585659551,9.750656814449917,9.378680897646415,9.054296661193213,
2008-11-01,38.60387246852764,28.88590585659551,9.750656814449917,9.378680897646415,9.054296661193213,
2008-11-02,38.60387246852764,28.88590585659551,9.750656814449917,9.378680897646415,9.054296661193213,
2008-11-03,38.59006304824561,28.8906524122807,9.746957236842105,9.384237938596492,9.060964912280701,
2008-11-04,38.57563152114223,28.897473915431082,9.744151565074135,9.387424492037342,9.068396485447556,
2008-11-05,38.55750961010434,28.897473915431082,9.737561779242174,9.397309170785283,9.079928610653488,
2008-11-06,38.53856397583745,28.89582646897309,9.736738056013179,9.406370126304228,9.093108182317408,
2008-11-07,38.54096765350877,28.889418859649123,9.735526315789473,9.408991228070176,9.094599780701754,
2008-11-08,38.54096765350877,28.889418859649123,9.735526315789473,9.408991228070176,9.094599780701754,
2008-11-09,38.54096765350877,28.889418859649123,9.735526315789473,9.408991228070176,9.094599780701754,
2008-11-10,38.52867929708951,28.8941790225151,9.731795716639208,9.41295991213619,9.101345414607358,
2008-11-11,38.52867929708951,28.8941790225151,9.731795716639208,9.41295991213619,9.101345414607358,
2008-11-12,38.52452028508772,28.886951754385965,9.730592105263158,9.418037280701755,9.107757675438597,
2008-11-13,38.510557386051616,28.888412959912134,9.73014827018122,9.42284459088413,9.115348709500275,
2008-11-14,38.50807291666666,28.88201754385965,9.732236842105262,9.425438596491228,9.12173793859649,
2008-11-15,38.50807291666666,28.88201754385965,9.732236842105262,9.425438596491228,9.12173793859649,
2008-11-16,38.50807291666666,28.88201754385965,9.732236842105262,9.425438596491228,9.12173793859649,
2008-11-17,38.49243547501373,28.885118066996156,9.731795716639208,9.42943437671609,9.130175727622186,
2008-11-18,38.49243547501373,28.885118066996156,9.731795716639208,9.42943437671609,9.130175727622186,
2008-11-19,38.48784265350877,28.87850877192982,9.732675438596491,9.433771929824562,9.13560855263158,
2008-11-20,38.467283442982456,28.876041666666662,9.731030701754385,9.444462719298246,9.148766447368422,
2008-11-21,38.468158182813355,28.86967706622879,9.731472359058566,9.447016967706624,9.15016420361248,
2008-11-22,38.468158182813355,28.86967706622879,9.731472359058566,9.447016967706624,9.15016420361248,
2008-11-23,38.468158182813355,28.86967706622879,9.731472359058566,9.447016967706624,9.15016420361248,
2008-11-24,38.455770285087716,28.871107456140347,9.72938596491228,9.451041666666667,9.156990131578947,
2008-11-25,38.455770285087716,28.871107456140347,9.72938596491228,9.451041666666667,9.156990131578947,
2008-11-26,38.45173782156541,28.862287903667212,9.731472359058566,9.455227148330597,9.163300492610837,
2008-11-27,38.43767817982456,28.866173245614032,9.730208333333332,9.458442982456141,9.17014802631579,
2008-11-28,38.43767817982456,28.866173245614032,9.730208333333332,9.458442982456141,9.17014802631579,
2008-11-29,38.43767817982456,28.866173245614032,9.730208333333332,9.458442982456141,9.17014802631579,
2008-11-30,38.43767817982456,28.866173245614032,9.730208333333332,9.458442982456141,9.17014802631579,
2008-12-01,38.42686710598572,28.869247666117516,9.726468973091707,9.46249313563976,9.177018121911038,
2008-12-02,38.41453520352035,28.87563256325632,9.724697469746975,9.465071507150714,9.183250825082508,
2008-12-03,38.39638338833883,28.872332233223318,9.723872387238723,9.474147414741473,9.19562706270627,
2008-12-04,38.38318206820682,28.87068206820682,9.723872387238723,9.48074807480748,9.205528052805281,
2008-12-05,38.38318206820682,28.87068206820682,9.723872387238723,9.48074807480748,9.205528052805281,
2008-12-06,38.38318206820682,28.87068206820682,9.723872387238723,9.48074807480748,9.205528052805281,
2008-12-07,38.38318206820682,28.87068206820682,9.723872387238723,9.48074807480748,9.205528052805281,
2008-12-08,38.372245179063356,28.87873278236914,9.718457300275482,9.483195592286501,9.210826446280992,
2008-12-09,38.3666804180418,28.872332233223318,9.72057205720572,9.487348734873487,9.217079207920792,
2008-12-10,38.35347909790979,28.869031903190315,9.719746974697468,9.494774477447745,9.22615511551155,
2008-12-11,38.34166666666666,28.874600550964185,9.715977961432506,9.498898071625344,9.232314049586778,
2008-12-12,38.34027777777778,28.867381738173815,9.717271727172717,9.503025302530252,9.23523102310231,
2008-12-13,38.34027777777778,28.867381738173815,9.717271727172717,9.503025302530252,9.23523102310231,
2008-12-14,38.34027777777778,28.867381738173815,9.717271727172717,9.503025302530252,9.23523102310231,
2008-12-15,38.32926997245179,28.875426997245174,9.713498622589531,9.505509641873278,9.240578512396695,
2008-12-16,38.32707645764576,28.867381738173815,9.713971397139712,9.51127612761276,9.24348184818482,
2008-12-17,38.3138201320132,28.866776677667765,9.70995599559956,9.51969196919692,9.253657865786579,
2008-12-18,38.30276859504132,28.876473829201103,9.704517906336086,9.523856749311294,9.257382920110194,
2008-12-19,38.300618811881186,28.86842684268427,9.706655665566556,9.527942794279427,9.260258525852587,
2008-12-20,38.300618811881186,28.86842684268427,9.706655665566556,9.527942794279427,9.260258525852587,
2008-12-21,38.300618811881186,28.86842684268427,9.706655665566556,9.527942794279427,9.260258525852587,
2008-12-22,38.287417491749174,28.86842684268427,9.703355335533553,9.532893289328934,9.270159515951596,
2008-12-23,38.28200164744646,28.863701263042284,9.7054914881933,9.536957715540911,9.27465678198792,
2008-12-24,38.270915841584156,28.87172717271727,9.700055005500548,9.53949394939494,9.280060506050607,
2008-12-25,38.25814049586777,28.878126721763085,9.69625344352617,9.543691460055097,9.287134986225896,
2008-12-26,38.25814049586777,28.878126721763085,9.69625344352617,9.543691460055097,9.287134986225896,
2008-12-27,38.25814049586777,28.878126721763085,9.69625344352617,9.543691460055097,9.287134986225896,
2008-12-28,38.24697847682119,28.8878587196468,9.69078366445916,9.547902869757175,9.290921633554085,
2008-12-29,38.234121061359865,28.89762299613046,9.6869541182974,9.550469872857933,9.296379215035932,
2008-12-30,38.234121061359865,28.89762299613046,9.6869541182974,9.550469872857933,9.296379215035932,
2008-12-31,38.22288205980066,28.90409745293466,9.683111849390919,9.553045404208195,9.30185492801772,
2009-01-01,38.20994176372712,28.91392124237382,9.67759290072102,9.557293399889074,9.305684969495287,
2009-01-02,38.20994176372712,28.91392124237382,9.67759290072102,9.557293399889074,9.305684969495287,
2009-01-03,38.20994176372712,28.91392124237382,9.67759290072102,9.557293399889074,9.305684969495287,
2009-01-04,38.20994176372712,28.91392124237382,9.67759290072102,9.557293399889074,9.305684969495287,
2009-01-05,38.200291666666665,28.920444444444446,9.672055555555554,9.561555555555556,9.311194444444446,
2009-01-06,38.190275459098494,28.92832498608793,9.667835281023928,9.563327768503061,9.316722314969395,
2009-01-07,38.176919866444074,28.926655537006127,9.665331107401224,9.571675013912076,9.32590428491931,
2009-01-08,38.16439899833055,28.927490261547028,9.662826933778518,9.581691708402893,9.332582081246523,
2009-01-09,38.16745833333333,28.922611111111117,9.660055555555555,9.584055555555556,9.333694444444445,
2009-01-10,38.16745833333333,28.922611111111117,9.660055555555555,9.584055555555556,9.333694444444445,
2009-01-11,38.16745833333333,28.922611111111117,9.660055555555555,9.584055555555556,9.333694444444445,
2009-01-12,38.15939065108514,28.927490261547028,9.654479688369504,9.588369504730105,9.339259877573735,
2009-01-13,38.15939065108514,28.927490261547028,9.654479688369504,9.588369504730105,9.339259877573735,
2009-01-14,38.14436560934891,28.929994435169732,9.648636616583193,9.597551474680023,9.34844184752365,
2009-01-15,38.134573578595315,28.93656633221851,9.644704570791527,9.601895206243032,9.35236900780379,
2009-01-16,38.134573578595315,28.93656633221851,9.644704570791527,9.601895206243032,9.35236900780379,
2009-01-17,38.134573578595315,28.93656633221851,9.644704570791527,9.601895206243032,9.35236900780379,
2009-01-18,38.134573578595315,28.93656633221851,9.644704570791527,9.601895206243032,9.35236900780379,
2009-01-19,38.12474874371859,28.943160245672814,9.639084310441094,9.606253489670575,9.357984366275824,
2009-01-20,38.12474874371859,28.943160245672814,9.639084310441094,9.606253489670575,9.357984366275824,
2009-01-21,38.11218592964824,28.94232272473479,9.635734226689,9.615466219988834,9.365522054718035,
2009-01-22,38.10230704697987,28.95229306487696,9.630089485458612,9.61817673378076,9.369491051454139,
2009-01-23,38.098785594639864,28.946510329424907,9.632384142936907,9.623841429369067,9.3713847012842,
2009-01-24,38.098785594639864,28.946510329424907,9.632384142936907,9.623841429369067,9.3713847012842,
2009-01-25,38.098785594639864,28.946510329424907,9.632384142936907,9.623841429369067,9.3713847012842,
2009-01-26,38.09056208053691,28.951454138702466,9.626733780760626,9.626565995525727,9.37704138702461,
2009-01-27,38.08546901172529,28.94475153545505,9.628699050809603,9.633137911781128,9.381016192071469,
2009-01-28,38.07206867671692,28.93972640982691,9.625348967057509,9.646538246789504,9.389391401451704,
2009-01-29,38.06212248322147,28.948014541387025,9.621364653243848,9.65097874720358,9.391722595078301,
2009-01-30,38.06034338358459,28.943076493579007,9.620323841429368,9.658263539921832,9.39106644332775,
2009-01-31,38.06034338358459,28.943076493579007,9.620323841429368,9.658263539921832,9.39106644332775,
2009-02-01,38.06034338358459,28.943076493579007,9.620323841429368,9.658263539921832,9.39106644332775,
2009-02-02,38.05213926174497,28.950279642058163,9.616079418344519,9.660878076062641,9.394742729306488,
2009-02-03,38.05213926174497,28.950279642058163,9.616079418344519,9.660878076062641,9.394742729306488,
2009-02-04,38.03787751677852,28.949440715883664,9.612723713646533,9.67346196868009,9.401454138702462,
2009-02-05,38.02277684563759,28.95111856823266,9.609368008948547,9.690240492170023,9.406487695749442,
2009-02-06,38.02277684563759,28.95111856823266,9.609368008948547,9.690240492170023,9.406487695749442,
2009-02-07,38.02277684563759,28.95111856823266,9.609368008948547,9.690240492170023,9.406487695749442,
2009-02-08,38.02277684563759,28.95111856823266,9.609368008948547,9.690240492170023,9.406487695749442,
2009-02-09,38.016092436974795,28.956078431372546,9.603669467787116,9.693081232492998,9.410532212885155,
2009-02-10,38.007676174496645,28.947762863534674,9.606012304250559,9.70366331096197,9.414876957494409,
2009-02-11,38.00096314907873,28.937800111669457,9.606672250139587,9.717560022333894,9.417532104969291,
2009-02-12,37.98921979865772,28.942729306487692,9.606012304250559,9.72379753914989,9.423266219239375,
2009-02-13,37.980830536912755,28.942729306487692,9.602656599552573,9.733864653243849,9.428299776286355,
2009-02-14,37.980830536912755,28.942729306487692,9.602656599552573,9.733864653243849,9.428299776286355,
2009-02-15,37.980830536912755,28.942729306487692,9.602656599552573,9.733864653243849,9.428299776286355,
2009-02-16,37.9740756302521,28.94767507002801,9.598627450980393,9.736778711484595,9.432380952380953,
2009-02-17,37.969924496644296,28.941890380313197,9.60097874720358,9.745609619686801,9.433333333333334,
2009-02-18,37.96327470686767,28.930262423227244,9.601647124511446,9.759436069235065,9.437632607481854,
2009-02-19,37.94484924623116,28.930262423227244,9.5999720826354,9.776186487995535,9.444332774986043,
2009-02-20,37.94484924623116,28.930262423227244,9.5999720826354,9.776186487995535,9.444332774986043,
2009-02-21,37.94484924623116,28.930262423227244,9.5999720826354,9.776186487995535,9.444332774986043,
2009-02-22,37.94484924623116,28.930262423227244,9.5999720826354,9.776186487995535,9.444332774986043,
2009-02-23,37.93972315436242,28.93350111856823,9.594267337807606,9.779166666666669,9.450111856823268,
2009-02-24,37.935804020100505,28.926409826912337,9.596621998883306,9.787576772752653,9.452372975991066,
2009-02-25,37.92838628762542,28.917335562987734,9.598132664437012,9.800473801560758,9.455797101449276,
2009-02-26,37.91821608040201,28.92222222222222,9.592434394193189,9.806839754327191,9.461585706309325,
2009-02-27,37.91821608040201,28.92222222222222,9.592434394193189,9.806839754327191,9.461585706309325,
2009-02-28,37.91821608040201,28.92222222222222,9.592434394193189,9.806839754327191,9.461585706309325,
2009-03-01,37.91821608040201,28.92222222222222,9.592434394193189,9.806839754327191,9.461585706309325,
2009-03-02,37.91304530201343,28.92544742729306,9.588394854586129,9.809871364653244,9.465715883668903,
2009-03-03,37.891904362416106,28.929306487695747,9.58772371364653,9.821616331096196,9.473266219239374,
2009-03-04,37.88371021775544,28.921049692908987,9.590089335566722,9.833640424343942,9.475823562255723,
2009-03-05,37.86528475711893,28.922724734785035,9.586739251814627,9.852065884980458,9.48252372975991,
2009-03-06,37.863837792642144,28.914492753623186,9.587430323299888,9.860674470457079,9.483389074693422,
2009-03-07,37.863837792642144,28.914492753623186,9.587430323299888,9.860674470457079,9.483389074693422,
2009-03-08,37.863837792642144,28.914492753623186,9.587430323299888,9.860674470457079,9.483389074693422,
2009-03-09,37.85858458961474,28.916024567280846,9.585064209938581,9.863791178112786,9.48754885538805,
2009-03-10,37.85045986622074,28.911148272017833,9.585758082497213,9.874052396878485,9.490078037904125,
2009-03-11,37.83708193979933,28.90947603121516,9.582413600891861,9.89077480490524,9.495094760312151,
2009-03-12,37.82759631490787,28.913512004466774,9.579201563372417,9.896454494695702,9.500949190396426,
2009-03-13,37.82759631490787,28.913512004466774,9.579201563372417,9.896454494695702,9.500949190396426,
2009-03-14,37.82759631490787,28.913512004466774,9.579201563372417,9.896454494695702,9.500949190396426,
2009-03-15,37.82759631490787,28.913512004466774,9.579201563372417,9.896454494695702,9.500949190396426,
2009-03-16,37.82562919463087,28.91336689038031,9.575139821029081,9.899636465324384,9.505145413870245,
2009-03-17,37.81922110552764,28.90764935790061,9.57752652149637,9.909854829704075,9.505974316024567,
2009-03-18,37.81116220735786,28.899442586399104,9.578232998885172,9.921711259754739,9.508472686733557,
2009-03-19,37.80582077051926,28.899274148520377,9.574176437744276,9.926605248464545,9.514349525404802,
2009-03-20,37.797784280936455,28.896098104793754,9.57488851727982,9.93676142697882,9.51516164994426,
2009-03-21,37.797784280936455,28.896098104793754,9.57488851727982,9.93676142697882,9.51516164994426,
2009-03-22,37.797784280936455,28.896098104793754,9.57488851727982,9.93676142697882,9.51516164994426,
2009-03-23,37.79409547738694,28.895924064768284,9.570826353992182,9.94000558347292,9.521049692908989,
2009-03-24,37.78758361204013,28.8920011148272,9.571962095875138,9.948049052396879,9.523522853957637,
2009-03-25,37.78126043405676,28.88383416805787,9.572676683361157,9.958152476349472,9.5259877573734,
2009-03-26,37.7758779264214,28.88363991081382,9.568617614269787,9.96309921962096,9.531884057971014,
2009-03-27,37.774582637729544,28.87715637173066,9.567668336115748,9.971508069003896,9.532665553700612,
2009-03-28,37.774582637729544,28.87715637173066,9.567668336115748,9.971508069003896,9.532665553700612,
2009-03-29,37.774582637729544,28.87715637173066,9.567668336115748,9.971508069003896,9.532665553700612,
2009-03-30,37.774582637729544,28.87715637173066,9.567668336115748,9.971508069003896,9.532665553700612,
2009-03-31,37.76373121869783,28.87298274902615,9.56349471341124,9.98486366165832,9.541847523650528,
2009-04-01,37.75745833333333,28.866527777777772,9.564222222222222,9.996555555555556,9.54261111111111,
2009-04-02,37.74579166666666,28.861527777777773,9.562555555555555,10.010722222222222,9.551777777777778,
2009-04-03,37.74579166666666,28.861527777777773,9.562555555555555,10.010722222222222,9.551777777777778,
2009-04-04,37.74579166666666,28.861527777777773,9.562555555555555,10.010722222222222,9.551777777777778,
2009-04-05,37.74579166666666,28.861527777777773,9.562555555555555,10.010722222222222,9.551777777777778,
2009-04-06,37.74369782971619,28.857957707289923,9.559321090706733,10.014079020589872,9.558542014468559,
2009-04-07,37.734515859766276,28.852949360044516,9.555815247634948,10.026766833611575,9.56471897607123,
2009-04-08,37.72282971619365,28.847941012799104,9.554145798553144,10.040122426265999,9.572231496939343,
2009-04-09,37.71782136894824,28.840428491930993,9.55164162493044,10.051808569838618,9.578909293266555,
2009-04-10,37.71782136894824,28.840428491930993,9.55164162493044,10.051808569838618,9.578909293266555,
2009-04-11,37.71782136894824,28.840428491930993,9.55164162493044,10.051808569838618,9.578909293266555,
2009-04-12,37.71782136894824,28.840428491930993,9.55164162493044,10.051808569838618,9.578909293266555,
2009-04-13,37.717349498327756,28.833472686733554,9.547547380156075,10.055239687848383,9.588238573021181,
2009-04-14,37.71520100502512,28.829843662758233,9.543439419318817,10.060357342266888,9.594249022892239,
2009-04-15,37.70982441471572,28.824275362318836,9.544202898550724,10.068617614269787,9.596599777034559,
2009-04-16,37.70766331658291,28.821468453377996,9.540926856504747,10.072920156337242,9.602624232272474,
2009-04-17,37.70313545150501,28.816750278706795,9.543366778149387,10.07948717948718,9.603288740245262,
2009-04-18,37.70313545150501,28.816750278706795,9.543366778149387,10.07948717948718,9.603288740245262,
2009-04-19,37.70313545150501,28.816750278706795,9.543366778149387,10.07948717948718,9.603288740245262,
2009-04-20,37.70263819095477,28.80974316024567,9.540926856504747,10.082970407593523,9.610999441652707,
2009-04-21,37.69719430485762,28.801786711334447,9.537995533221665,10.091764377442768,9.618537130094918,
2009-04-22,37.692683946488295,28.79208472686733,9.538768115942029,10.10164437012263,9.620847268673355,
2009-04-23,37.688819095477385,28.790061418202118,9.532970407593524,10.105164712451144,9.6285873813512,
2009-04-24,37.687667224080265,28.78539576365663,9.532079152731328,10.111677814938684,9.629208472686733,
2009-04-25,37.687667224080265,28.78539576365663,9.532079152731328,10.111677814938684,9.629208472686733,
2009-04-26,37.687667224080265,28.78539576365663,9.532079152731328,10.111677814938684,9.629208472686733,
2009-04-27,37.68546901172529,28.780011166945837,9.52962032384143,10.115214963707425,9.636962590731434,
2009-04-28,37.68326342281879,28.776286353467558,9.525475391498881,10.120441834451901,9.643064876957494,
2009-04-29,37.679606365159124,28.7716359575656,9.525432719151313,10.127777777777776,9.642825237297599,
2009-04-30,37.674874161073824,28.769574944071586,9.522119686800895,10.13302572706935,9.649776286353466,
2009-05-01,37.674874161073824,28.769574944071586,9.522119686800895,10.13302572706935,9.649776286353466,
2009-05-02,37.674874161073824,28.769574944071586,9.522119686800895,10.13302572706935,9.649776286353466,
2009-05-03,37.674874161073824,28.769574944071586,9.522119686800895,10.13302572706935,9.649776286353466,
2009-05-04,37.67096638655462,28.76582633053221,9.519635854341736,10.136610644257702,9.657591036414566,
2009-05-05,37.6659243697479,28.757422969187672,9.516274509803921,10.146694677871148,9.665994397759103,
2009-05-06,37.65928571428571,28.746582633053215,9.512156862745098,10.159467787114846,9.673725490196079,
2009-05-07,37.650882352941174,28.738179271708677,9.51047619047619,10.171232492997198,9.682128851540616,
2009-05-08,37.64979026845637,28.735262863534672,9.509619686800894,10.17597874720358,9.682662192393737,
2009-05-09,37.64979026845637,28.735262863534672,9.509619686800894,10.17597874720358,9.682662192393737,
2009-05-10,37.64979026845637,28.735262863534672,9.509619686800894,10.17597874720358,9.682662192393737,
2009-05-11,37.64920168067226,28.731456582633047,9.507114845938375,10.177955182072829,9.688851540616247,
2009-05-12,37.64247899159663,28.724733893557417,9.50375350140056,10.188039215686274,9.697254901960784,
2009-05-13,37.639723154362414,28.72016219239373,9.50290827740492,10.194435123042505,9.697762863534676,
2009-05-14,37.63133389261745,28.71512863534675,9.503747203579417,10.205341163310962,9.703635346756153,
2009-05-15,37.62692629815745,28.713930764935785,9.507928531546622,10.210022333891681,9.702456728084869,
2009-05-16,37.62692629815745,28.713930764935785,9.507928531546622,10.210022333891681,9.702456728084869,
2009-05-17,37.62692629815745,28.713930764935785,9.507928531546622,10.210022333891681,9.702456728084869,
2009-05-18,37.62630033557046,28.70841722595078,9.503747203579417,10.213730425055928,9.710346756152125,
2009-05-19,37.62168624161073,28.69835011185682,9.50332774049217,10.22337807606264,9.71663870246085,
2009-05-20,37.61729480737018,28.695505304299267,9.505834729201561,10.228029034059185,9.71711334450028,
2009-05-21,37.613296979865765,28.688282997762858,9.50332774049217,10.2334451901566,9.72670581655481,
2009-05-22,37.613296979865765,28.688282997762858,9.50332774049217,10.2334451901566,9.72670581655481,
2009-05-23,37.613296979865765,28.688282997762858,9.50332774049217,10.2334451901566,9.72670581655481,
2009-05-24,37.613296979865765,28.688282997762858,9.50332774049217,10.2334451901566,9.72670581655481,
2009-05-25,37.612647058823526,28.68103641456582,9.50081232492997,10.237198879551821,9.73296918767507,
2009-05-26,37.60862794612794,28.677132435465765,9.498288439955106,10.242648709315375,9.739253647586981,
2009-05-27,37.60340336134453,28.67179271708683,9.499971988795517,10.249803921568628,9.740532212885155,
2009-05-28,37.598526936026936,28.667873176206506,9.498288439955106,10.254433221099887,9.74767115600449,
2009-05-29,37.59584033613445,28.666750700280108,9.499131652661063,10.257366946778712,9.746414565826331,
2009-05-30,37.59584033613445,28.666750700280108,9.499131652661063,10.257366946778712,9.746414565826331,
2009-05-31,37.59584033613445,28.666750700280108,9.499131652661063,10.257366946778712,9.746414565826331,
2009-06-01,37.59347643097643,28.6611391694725,9.496604938271604,10.261167227833894,9.754405162738497,
2009-06-02,37.59051433389545,28.657953906689148,9.49415401911186,10.264643057897695,9.760736368746487,
2009-06-03,37.581239460370995,28.64614952220348,9.49415401911186,10.275604272062957,9.76832490163013,
2009-06-04,37.577153716216216,28.64048423423423,9.49161036036036,10.281137387387387,9.776379504504504,
2009-06-05,37.577153716216216,28.64048423423423,9.49161036036036,10.281137387387387,9.776379504504504,
2009-06-06,37.577153716216216,28.64048423423423,9.49161036036036,10.281137387387387,9.776379504504504,
2009-06-07,37.577153716216216,28.64048423423423,9.49161036036036,10.281137387387387,9.776379504504504,
2009-06-08,37.573054145516075,28.633107727016352,9.490750141003947,10.286689227298364,9.784461364918219,
2009-06-09,37.566285956006766,28.621263395375067,9.490750141003947,10.298533558939651,9.791229554427524,
2009-06-10,37.56120981387479,28.606034968979127,9.490750141003947,10.310377890580936,9.799689791314156,
2009-06-11,37.558572635135135,28.59994369369369,9.496677927927927,10.316610360360361,9.798338963963964,
2009-06-12,37.55763069139966,28.593872962338388,9.499213041034288,10.321135469364812,9.795306351883081,
2009-06-13,37.55763069139966,28.593872962338388,9.499213041034288,10.321135469364812,9.795306351883081,
2009-06-14,37.55763069139966,28.593872962338388,9.499213041034288,10.321135469364812,9.795306351883081,
2009-06-15,37.55688344594594,28.584740990990987,9.498367117117116,10.325056306306307,9.803406531531532,
2009-06-16,37.55425801011804,28.577852726250697,9.501742551995502,10.332096683530073,9.802894884766722,
2009-06-17,37.54995791245791,28.569304152637482,9.506790123456788,10.339113355780022,9.804068462401796,
2009-06-18,37.54735294117647,28.563305322128848,9.509299719887954,10.345266106442578,9.804397759103642,
2009-06-19,37.54735294117647,28.563305322128848,9.509299719887954,10.345266106442578,9.804397759103642,
2009-06-20,37.54735294117647,28.563305322128848,9.509299719887954,10.345266106442578,9.804397759103642,
2009-06-21,37.54735294117647,28.563305322128848,9.509299719887954,10.345266106442578,9.804397759103642,
2009-06-22,37.54659090909091,28.554152637485966,9.50847362514029,10.349214365881032,9.812485970819305,
2009-06-23,37.54490740740741,28.53731762065095,9.50847362514029,10.359315375982042,9.820903479236813,
2009-06-24,37.542310924369744,28.52633053221288,9.51266106442577,10.367114845938376,9.821204481792718,
2009-06-25,37.541540404040404,28.51879910213243,9.50847362514029,10.371099887766555,9.829320987654322,
2009-06-26,37.537268907563025,28.511204481792713,9.514341736694677,10.378879551820729,9.827927170868348,
2009-06-27,37.537268907563025,28.511204481792713,9.514341736694677,10.378879551820729,9.827927170868348,
2009-06-28,37.537268907563025,28.511204481792713,9.514341736694677,10.378879551820729,9.827927170868348,
2009-06-29,37.5364898989899,28.500280583613915,9.513524130190795,10.384567901234568,9.836054994388327,
2009-06-30,37.531439393939394,28.483445566778897,9.515207631874297,10.394668911335579,9.846156004489337,
2009-07-01,37.52886554621848,28.470868347338932,9.5193837535014,10.402408963585435,9.848095238095238,
2009-07-02,37.523823529411764,28.45490196078431,9.522745098039215,10.415014005602242,9.855658263305322,
2009-07-03,37.52126677852349,28.449105145413867,9.52522371364653,10.419351230425056,9.8542225950783,
2009-07-04,37.52126677852349,28.449105145413867,9.52522371364653,10.419351230425056,9.8542225950783,
2009-07-05,37.52126677852349,28.449105145413867,9.52522371364653,10.419351230425056,9.8542225950783,
2009-07-06,37.52126677852349,28.449105145413867,9.52522371364653,10.419351230425056,9.8542225950783,
2009-07-07,37.52046218487395,28.43977591036414,9.523585434173668,10.42341736694678,9.862380952380953,
2009-07-08,37.51878151260504,28.417927170868342,9.526946778711483,10.43686274509804,9.869103641456583,
2009-07-09,37.51542016806722,28.402801120448174,9.525266106442576,10.446946778711485,9.880868347338936,
2009-07-10,37.51542016806722,28.402801120448174,9.525266106442576,10.446946778711485,9.880868347338936,
2009-07-11,37.51542016806722,28.402801120448174,9.525266106442576,10.446946778711485,9.880868347338936,
2009-07-12,37.51542016806722,28.402801120448174,9.525266106442576,10.446946778711485,9.880868347338936,
2009-07-13,37.51542016806722,28.402801120448174,9.525266106442576,10.446946778711485,9.880868347338936,
2009-07-14,37.51466049382716,28.395286195286193,9.522727272727273,10.450729517396184,9.889029180695847,
2009-07-15,37.51211484593837,28.386218487394956,9.526890756302521,10.455854341736693,9.890056022408963,
2009-07-16,37.50960998877665,28.379292929292927,9.524410774410775,10.461672278338943,9.898288439955106,
2009-07-17,37.50707282913165,28.371092436974788,9.530252100840336,10.467619047619047,9.897619047619047,
2009-07-18,37.50707282913165,28.371092436974788,9.530252100840336,10.467619047619047,9.897619047619047,
2009-07-19,37.50707282913165,28.371092436974788,9.530252100840336,10.467619047619047,9.897619047619047,
2009-07-20,37.50707282913165,28.371092436974788,9.530252100840336,10.467619047619047,9.897619047619047,
2009-07-21,37.50455182072829,28.354285714285712,9.531932773109244,10.476862745098039,9.906862745098039,
2009-07-22,37.5020274049217,28.345302013422817,9.53523489932886,10.482774049217001,9.908696868008947,
2009-07-23,37.49950980392157,28.339159663865544,9.532773109243697,10.488627450980392,9.916946778711484,
2009-07-24,37.49699384787472,28.331879194630872,9.53523489932886,10.494519015659954,9.915408277404921,
2009-07-25,37.49699384787472,28.331879194630872,9.53523489932886,10.494519015659954,9.915408277404921,
2009-07-26,37.49699384787472,28.331879194630872,9.53523489932886,10.494519015659954,9.915408277404921,
2009-07-27,37.49699384787472,28.331879194630872,9.53523489932886,10.494519015659954,9.915408277404921,
2009-07-28,37.49362745098039,28.323193277310924,9.533613445378151,10.500392156862745,9.924509803921568,
2009-07-29,37.49196029082774,28.31510067114094,9.536912751677852,10.506263982102908,9.924636465324385,
2009-07-30,37.485248881431765,28.303355704697985,9.54026845637584,10.51800894854586,9.933025727069351,
2009-07-31,37.485248881431765,28.303355704697985,9.54026845637584,10.51800894854586,9.933025727069351,
2009-08-01,37.485248881431765,28.303355704697985,9.54026845637584,10.51800894854586,9.933025727069351,
2009-08-02,37.485248881431765,28.303355704697985,9.54026845637584,10.51800894854586,9.933025727069351,
2009-08-03,37.48102240896358,28.295462184873948,9.539495798319328,10.522240896358543,9.942997198879551,
2009-08-04,37.47998035914703,28.288468013468012,9.536952861952862,10.52665544332211,9.950729517396184,
2009-08-05,37.47749299719888,28.27705882352941,9.541932773109243,10.533333333333333,9.952492997198878,
2009-08-06,37.469089635854345,28.26193277310924,9.545294117647058,10.548459383753501,9.960896358543415,
2009-08-07,37.46662472035794,28.253104026845634,9.549412751677853,10.554250559284116,9.959284116331094,
2009-08-08,37.46662472035794,28.253104026845634,9.549412751677853,10.554250559284116,9.959284116331094,
2009-08-09,37.462366946778715,28.245126050420165,9.546974789915966,10.560224089635854,9.967619047619047,
2009-08-10,37.462366946778715,28.245126050420165,9.546974789915966,10.560224089635854,9.967619047619047,
2009-08-11,37.458094837261505,28.23712121212121,9.547053872053871,10.565375982042648,9.976823793490459,
2009-08-12,37.45648459383754,28.227478991596637,9.551176470588235,10.5703081232493,9.978543417366946,
2009-08-13,37.448921568627455,28.211512605042014,9.55453781512605,10.584593837535014,9.985266106442577,
2009-08-14,37.448921568627455,28.211512605042014,9.55453781512605,10.584593837535014,9.985266106442577,
2009-08-15,37.448921568627455,28.211512605042014,9.55453781512605,10.584593837535014,9.985266106442577,
2009-08-16,37.448921568627455,28.211512605042014,9.55453781512605,10.584593837535014,9.985266106442577,
2009-08-17,37.448921568627455,28.211512605042014,9.55453781512605,10.584593837535014,9.985266106442577,
2009-08-18,37.43967787114846,28.196386554621846,9.56126050420168,10.59719887955182,9.99282913165266,
2009-08-19,37.438101230425055,28.1868288590604,9.565352348993288,10.602069351230424,9.993680089485457,
2009-08-20,37.428753501400564,28.182100840336133,9.564621848739495,10.609803921568627,10.002072829131652,
2009-08-21,37.4271951901566,28.173406040268453,9.569546979865772,10.616331096196868,10.00039149888143,
2009-08-22,37.4271951901566,28.173406040268453,9.569546979865772,10.616331096196868,10.00039149888143,
2009-08-23,37.4271951901566,28.173406040268453,9.569546979865772,10.616331096196868,10.00039149888143,
2009-08-24,37.42647962032384,28.16474036850921,9.575293132328309,10.620323841429368,9.998715801228363,
2009-08-25,37.41712807606264,28.15914429530201,9.57709731543624,10.626398210290827,10.007102908277403,
2009-08-26,37.41559184812954,28.150502512562813,9.581155778894471,10.631211613623673,10.007091010608598,
2009-08-27,37.40051647124511,28.138777219430484,9.586180904522612,10.646286990508095,10.015466219988832,
2009-08-28,37.399846711259755,28.13018394648829,9.590217391304348,10.651895206243031,10.013768115942028,
2009-08-29,37.399846711259755,28.13018394648829,9.590217391304348,10.651895206243031,10.013768115942028,
2009-08-30,37.399846711259755,28.13018394648829,9.590217391304348,10.651895206243031,10.013768115942028,
2009-08-31,37.399846711259755,28.13018394648829,9.590217391304348,10.651895206243031,10.013768115942028,
2009-09-01,37.38730490523969,28.117642140468224,9.597519509476031,10.663154960981048,10.02123745819398,
2009-09-02,37.3764353400223,28.105936454849495,9.59835562987737,10.6731884057971,10.03210702341137,
2009-09-03,37.36305741360089,28.095903010033442,9.602536231884057,10.685730211817168,10.042140468227425,
2009-09-04,37.362451307735114,28.087395659432385,9.604869226488592,10.6929326655537,10.042070116861435,
2009-09-05,37.362451307735114,28.087395659432385,9.604869226488592,10.6929326655537,10.042070116861435,
2009-09-06,37.362451307735114,28.087395659432385,9.604869226488592,10.6929326655537,10.042070116861435,
2009-09-07,37.34800724637681,28.08586956521739,9.605880713489409,10.699108138238573,10.052173913043477,
2009-09-08,37.336864879955336,28.082663316582913,9.606895589056393,10.705304299274149,10.060636515912897,
2009-09-09,37.332957079152735,28.073327759197323,9.610340022296544,10.709698996655518,10.064715719063544,
2009-09-10,37.329062326099056,28.064858096828043,9.614329437952144,10.715191986644408,10.067946577629382,
2009-09-11,37.32684722222222,28.056416666666664,9.61663888888889,10.720666666666668,10.0695,
2009-09-12,37.32684722222222,28.056416666666664,9.61663888888889,10.720666666666668,10.0695,
2009-09-13,37.32684722222222,28.056416666666664,9.61663888888889,10.720666666666668,10.0695,
2009-09-14,37.31236783528102,28.05651085141903,9.619337785197551,10.725208681135227,10.0779632721202,
2009-09-15,37.295673344463,28.04565943238731,9.62434613244296,10.734390651085143,10.08964941569282,
2009-09-16,37.29351388888889,28.037249999999997,9.62663888888889,10.737333333333334,10.092,
2009-09-17,37.27684722222222,28.031416666666665,9.629138888888889,10.748166666666668,10.102833333333333,
2009-09-18,37.27472268441486,28.02637271214642,9.63058790904049,10.751913477537439,10.10432612312812,
2009-09-19,37.27472268441486,28.02637271214642,9.63058790904049,10.751913477537439,10.10432612312812,
2009-09-20,37.27472268441486,28.02637271214642,9.63058790904049,10.751913477537439,10.10432612312812,
2009-09-21,37.27472268441486,28.02637271214642,9.63058790904049,10.751913477537439,10.10432612312812,
2009-09-22,37.2564198557959,28.019717138103157,9.635579589572934,10.761064891846923,10.11514143094842,
2009-09-23,37.23978092068774,28.014725457570712,9.638907376594565,10.771048252911815,10.123460898502495,
2009-09-24,37.23978092068774,28.014725457570712,9.638907376594565,10.771048252911815,10.123460898502495,
2009-09-25,37.2327380952381,28.00971760797342,9.639507198228129,10.776411960132892,10.1265780730897,
2009-09-26,37.2327380952381,28.00971760797342,9.639507198228129,10.776411960132892,10.1265780730897,
2009-09-27,37.2327380952381,28.00971760797342,9.639507198228129,10.776411960132892,10.1265780730897,
2009-09-28,37.22147809206877,28.006405990016635,9.638907376594565,10.782695507487523,10.136772046589018,
2009-09-29,37.20684722222222,28.006416666666663,9.64163888888889,10.789000000000001,10.145333333333333,
2009-09-30,37.20684722222222,28.006416666666663,9.64163888888889,10.789000000000001,10.145333333333333,
2009-10-01,37.19634112409572,28.003088480801335,9.642710072342794,10.796160267111855,10.153923205342236,
2009-10-02,37.192680555555555,27.99308333333333,9.644972222222222,10.8015,10.158666666666667,
2009-10-03,37.192680555555555,27.99308333333333,9.644972222222222,10.8015,10.158666666666667,
2009-10-04,37.192680555555555,27.99308333333333,9.644972222222222,10.8015,10.158666666666667,
2009-10-05,37.179646633277684,27.991402337228713,9.6460489705064,10.807846410684474,10.16727879799666,
2009-10-06,37.166569119286514,27.990105908584166,9.64696209587514,10.813377926421406,10.175863991081382,
2009-10-07,37.16128269337785,27.979271007234278,9.648386199220923,10.819532554257096,10.181413466889259,
2009-10-08,37.144588202559824,27.967584863661656,9.650055648302727,10.83288814691152,10.194769059543683,
2009-10-09,37.144588202559824,27.967584863661656,9.650055648302727,10.83288814691152,10.194769059543683,
2009-10-10,37.144588202559824,27.967584863661656,9.650055648302727,10.83288814691152,10.194769059543683,
2009-10-11,37.144588202559824,27.967584863661656,9.650055648302727,10.83288814691152,10.194769059543683,
2009-10-12,37.13145206243033,27.96585841694537,9.651142697881829,10.839297658862877,10.201783723522853,
2009-10-13,37.11659687325516,27.96580122836404,9.65390843104411,10.84572864321608,10.210496929089892,
2009-10-14,37.111385172798215,27.952480490523968,9.656159420289855,10.85351170568562,10.215997770345595,
2009-10-15,37.099008933556675,27.949888330541594,9.65642099385818,10.861641541038527,10.224734785036292,
2009-10-16,37.09466276477146,27.9399386845039,9.659503901895206,10.866889632107025,10.229375696767,
2009-10-17,37.09466276477146,27.9399386845039,9.659503901895206,10.866889632107025,10.229375696767,
2009-10-18,37.09466276477146,27.9399386845039,9.659503901895206,10.866889632107025,10.229375696767,
2009-10-19,37.08142099385818,27.938163037409268,9.662283640424343,10.871691792294808,10.238135120044667,
2009-10-20,37.06813478747203,27.936381431767337,9.661717002237136,10.878187919463087,10.248601789709172,
2009-10-21,37.06383305415969,27.923925181462867,9.663958682300391,10.885092127303183,10.25321049692909,
2009-10-22,37.06383305415969,27.923925181462867,9.663958682300391,10.885092127303183,10.25321049692909,
2009-10-23,37.060381828316615,27.91234671125975,9.66619286510591,10.890301003344483,10.259476031215161,
2009-10-24,37.060381828316615,27.91234671125975,9.66619286510591,10.890301003344483,10.259476031215161,
2009-10-25,37.060381828316615,27.91234671125975,9.66619286510591,10.890301003344483,10.259476031215161,
2009-10-26,37.060381828316615,27.91234671125975,9.66619286510591,10.890301003344483,10.259476031215161,
2009-10-27,37.04708263539922,27.91219988833054,9.668983807928532,10.895142378559465,10.268285873813511,
2009-10-28,37.04310200668897,27.90119843924192,9.672045707915274,10.900891861761428,10.272296544035674,
2009-10-29,37.03144891122278,27.899357900614184,9.671496370742602,10.905750977107761,10.282802903405917,
2009-10-30,37.02972408026756,27.88949275362319,9.673717948717949,10.909253065774806,10.287346711259755,
2009-10-31,37.02972408026756,27.88949275362319,9.673717948717949,10.909253065774806,10.287346711259755,
2009-11-01,37.02972408026756,27.88949275362319,9.673717948717949,10.909253065774806,10.287346711259755,
2009-11-02,37.02972408026756,27.88949275362319,9.673717948717949,10.909253065774806,10.287346711259755,
2009-11-03,37.016750418760466,27.88821887213847,9.674092685650475,10.913623673925182,10.296873255164712,
2009-11-04,37.01254180602007,27.877536231884058,9.678818283166109,10.91711259754738,10.300557413600892,
2009-11-05,36.99581939799331,27.86583054626533,9.68216276477146,10.928818283166109,10.313935340022297,
2009-11-06,36.99581939799331,27.86583054626533,9.68216276477146,10.928818283166109,10.313935340022297,
2009-11-07,36.98073701842546,27.86393076493579,9.68498045784478,10.933724176437744,10.324511446119487,
2009-11-08,36.96560402684564,27.860346756152126,9.689485458612975,10.940324384787472,10.3334451901566,
2009-11-09,36.952100840336136,27.860112044817928,9.692324929971988,10.94358543417367,10.342408963585434,
2009-11-10,36.952100840336136,27.860112044817928,9.692324929971988,10.94358543417367,10.342408963585434,
2009-11-11,36.94882550335571,27.847762863534676,9.697035794183446,10.947035794183446,10.34602908277405,
2009-11-12,36.93361344537815,27.84498599439776,9.699887955182072,10.955350140056023,10.355014005602241,
2009-11-13,36.93036912751678,27.833501118568233,9.705425055928412,10.958780760626398,10.357774049217003,
2009-11-14,36.93036912751678,27.833501118568233,9.705425055928412,10.958780760626398,10.357774049217003,
2009-11-15,36.93036912751678,27.833501118568233,9.705425055928412,10.958780760626398,10.357774049217003,
2009-11-16,36.91344537815126,27.8315406162465,9.70829131652661,10.967114845938376,10.365098039215686,
2009-11-17,36.89309764309764,27.83125701459035,9.711167227833895,10.973793490460157,10.37581369248036,
2009-11-18,36.871212121212125,27.819472502805837,9.71705948372615,10.983052749719416,10.390123456790123,
2009-11-19,36.86806722689076,27.808011204481794,9.720896358543417,10.986442577030813,10.394509803921569,
2009-11-20,36.84621848739496,27.79792717086835,9.727619047619047,10.998207282913166,10.404593837535014,
2009-11-21,36.84621848739496,27.79792717086835,9.727619047619047,10.998207282913166,10.404593837535014,
2009-11-22,36.84621848739496,27.79792717086835,9.727619047619047,10.998207282913166,10.404593837535014,
2009-11-23,36.84621848739496,27.79792717086835,9.727619047619047,10.998207282913166,10.404593837535014,
2009-11-24,36.82575757575758,27.797586980920315,9.730527497194164,11.00662177328844,10.413692480359147,
2009-11-25,36.8235294117647,27.78728291316526,9.734341736694677,11.009971988795519,10.416638655462187,
2009-11-26,36.80892255892256,27.785241301907963,9.73641975308642,11.01672278338945,10.425757575757578,
2009-11-27,36.78703703703704,27.780190796857458,9.739786756453423,11.02682379349046,10.435858585858586,
2009-11-28,36.78703703703704,27.780190796857458,9.739786756453423,11.02682379349046,10.435858585858586,
2009-11-29,36.78703703703704,27.780190796857458,9.739786756453423,11.02682379349046,10.435858585858586,
2009-11-30,36.77150084317032,27.779820123664976,9.742720629567172,11.033614390106802,10.439966273187185,
2009-12-01,36.75261824324324,27.78079954954955,9.745495495495495,11.039498873873873,10.449324324324325,
2009-12-02,36.751349072512646,27.770207982012366,9.750140528386734,11.041118605958403,10.451096121416526,
2009-12-03,36.748400673400674,27.7638608305275,9.755611672278338,11.04273288439955,10.452020202020202,
2009-12-04,36.734485666104554,27.765148960089938,9.758572231590781,11.04955030916245,10.454468802698145,
2009-12-05,36.734485666104554,27.765148960089938,9.758572231590781,11.04955030916245,10.454468802698145,
2009-12-06,36.734485666104554,27.765148960089938,9.758572231590781,11.04955030916245,10.454468802698145,
2009-12-07,36.734485666104554,27.765148960089938,9.758572231590781,11.04955030916245,10.454468802698145,
2009-12-08,36.71376689189189,27.76813063063063,9.763231981981981,11.058079954954955,10.456925675675675,
2009-12-09,36.69518581081081,27.7571509009009,9.771677927927927,11.066525900900901,10.46706081081081,
2009-12-10,36.68197969543147,27.758432036097012,9.772983643542018,11.07340665538635,10.470389170896786,
2009-12-11,36.66336717428088,27.754201917653695,9.780597856739988,11.081866892272984,10.473773265651438,
2009-12-12,36.66336717428088,27.754201917653695,9.780597856739988,11.081866892272984,10.473773265651438,
2009-12-13,36.66336717428088,27.754201917653695,9.780597856739988,11.081866892272984,10.473773265651438,
2009-12-14,36.64306260575296,27.75081782289904,9.790750141003947,11.092019176536942,10.473773265651438,
2009-12-15,36.64306260575296,27.75081782289904,9.790750141003947,11.092019176536942,10.473773265651438,
2009-12-16,36.62811618725324,27.74235758601241,9.798082346305696,11.100761421319797,10.47715736040609,
2009-12-17,36.62811618725324,27.74235758601241,9.798082346305696,11.100761421319797,10.47715736040609,
2009-12-18,36.615621468926555,27.745310734463278,9.799435028248586,11.10771186440678,10.476271186440679,
2009-12-19,36.615621468926555,27.745310734463278,9.799435028248586,11.10771186440678,10.476271186440679,
2009-12-20,36.615621468926555,27.745310734463278,9.799435028248586,11.10771186440678,10.476271186440679,
2009-12-21,36.602062146892656,27.735141242937853,9.807909604519773,11.116186440677966,10.476271186440679,
2009-12-22,36.58440860215054,27.73808715336729,9.81267685342388,11.124872665534806,10.477079796264857,
2009-12-23,36.56912846632711,27.73299377475948,9.819468024900962,11.133361629881154,10.478777589134125,
2009-12-24,36.55649092970522,27.734240362811793,9.820861678004533,11.140391156462586,10.482993197278912,
2009-12-25,36.54551391254969,27.733787620670075,9.82396365701306,11.147444633730835,10.482112436115843,
2009-12-26,36.54551391254969,27.733787620670075,9.82396365701306,11.147444633730835,10.482112436115843,
2009-12-27,36.54551391254969,27.733787620670075,9.82396365701306,11.147444633730835,10.482112436115843,
2009-12-28,36.542885487528345,27.72403628117914,9.827664399092969,11.14889455782313,10.48469387755102,
2009-12-29,36.52677455990914,27.72526973310619,9.832481544576943,11.15596252129472,10.485519591141397,
2009-12-30,36.51743458475541,27.72650739476678,9.833902161547211,11.161348122866894,10.484641638225256,
2009-12-31,36.50635327635328,27.727749287749287,9.837037037037035,11.168461538461539,10.482051282051282,
2010-01-01,36.49523401826484,27.728995433789954,9.840182648401825,11.175599315068494,10.479452054794521,
2010-01-02,36.49523401826484,27.728995433789954,9.840182648401825,11.175599315068494,10.479452054794521,
2010-01-03,36.49523401826484,27.728995433789954,9.840182648401825,11.175599315068494,10.479452054794521,
2010-01-04,36.48030303030303,27.73127501429388,9.842995997712977,11.181046312178388,10.481646655231561,
2010-01-05,36.46652348224513,27.73253150057274,9.846162657502862,11.188230240549828,10.482474226804124,
2010-01-06,36.45449599083619,27.723940435280642,9.85303550973654,11.196821305841924,10.480756013745705,
2010-01-07,36.442468499427264,27.721363115693013,9.858190148911797,11.203694158075601,10.479037800687285,
2010-01-08,36.442468499427264,27.721363115693013,9.858190148911797,11.203694158075601,10.479037800687285,
2010-01-09,36.442468499427264,27.721363115693013,9.858190148911797,11.203694158075601,10.479037800687285,
2010-01-10,36.442468499427264,27.721363115693013,9.858190148911797,11.203694158075601,10.479037800687285,
2010-01-11,36.442468499427264,27.721363115693013,9.858190148911797,11.203694158075601,10.479037800687285,
2010-01-12,36.42946069994263,27.722604704532415,9.861388410786,11.210929432013769,10.47814113597246,
2010-01-13,36.41655192197361,27.713138267355134,9.870854847963281,11.217814113597246,10.477280550774527,
2010-01-14,36.40692528735632,27.71609195402299,9.87235632183908,11.223362068965518,10.474655172413794,
2010-01-15,36.40622489959839,27.711417096959266,9.876018359150889,11.222977624784853,10.475559380378657,
2010-01-16,36.40622489959839,27.711417096959266,9.876018359150889,11.222977624784853,10.475559380378657,
2010-01-17,36.40622489959839,27.711417096959266,9.876018359150889,11.222977624784853,10.475559380378657,
2010-01-18,36.40622489959839,27.711417096959266,9.876018359150889,11.222977624784853,10.475559380378657,
2010-01-19,36.39159495123351,27.707974756167527,9.887205966724038,11.229001721170397,10.47383820998279,
2010-01-20,36.378686173264484,27.699368904188184,9.897532989099254,11.236746987951808,10.47211703958692,
2010-01-21,36.36899425287356,27.698850574712644,9.899080459770115,11.242327586206898,10.474655172413794,
2010-01-22,36.36835915088927,27.694205393000576,9.90441767068273,11.240189328743545,10.475559380378657,
2010-01-23,36.36835915088927,27.694205393000576,9.90441767068273,11.240189328743545,10.475559380378657,
2010-01-24,36.36835915088927,27.694205393000576,9.90441767068273,11.240189328743545,10.475559380378657,
2010-01-25,36.35692528735632,27.691954022988508,9.907701149425286,11.2475,10.476379310344829,
2010-01-26,36.3471790443293,27.69142199194013,9.91272308578008,11.254835924006908,10.473747841105354,
2010-01-27,36.33624064478986,27.682498560736903,9.921358664363845,11.261168681635002,10.474323546344271,
2010-01-28,36.32644175317185,27.68021914648212,9.922952710495963,11.266810841983851,10.476874279123415,
2010-01-29,36.31606113033448,27.675028835063436,9.931603229527104,11.272001153402536,10.476874279123415,
2010-01-30,36.31606113033448,27.675028835063436,9.931603229527104,11.272001153402536,10.476874279123415,
2010-01-31,36.31606113033448,27.675028835063436,9.931603229527104,11.272001153402536,10.476874279123415,
2010-02-01,36.30629693818602,27.673685730791448,9.934950895436163,11.278191796649335,10.4764009243212,
2010-02-02,36.29641203703704,27.669646990740738,9.938310185185184,11.285619212962963,10.478964120370371,
2010-02-03,36.28599537037037,27.660098379629627,9.950462962962963,11.28995949074074,10.478964120370371,
2010-02-04,36.273842592592594,27.654890046296295,9.960879629629629,11.28995949074074,10.484172453703703,
2010-02-05,36.273842592592594,27.654890046296295,9.960879629629629,11.28995949074074,10.484172453703703,
2010-02-06,36.273842592592594,27.654890046296295,9.960879629629629,11.28995949074074,10.484172453703703,
2010-02-07,36.262144927536234,27.652550724637678,9.966028985507245,11.295681159420289,10.486753623188406,
2010-02-08,36.25232288037166,27.65029036004646,9.96936701509872,11.301684088269454,10.487340301974449,
2010-02-09,36.25232288037166,27.65029036004646,9.96936701509872,11.301684088269454,10.487340301974449,
2010-02-10,36.24012775842044,27.63809523809524,9.982433217189314,11.304297328687571,10.489953542392568,
2010-02-11,36.2283304246655,27.633973240255962,9.98589296102385,11.310063990692262,10.494299011052938,
2010-02-12,36.21561771561771,27.633158508158505,9.989889277389276,11.316200466200465,10.494988344988345,
2010-02-13,36.21561771561771,27.633158508158505,9.989889277389276,11.316200466200465,10.494988344988345,
2010-02-14,36.20373613543491,27.62901342673672,9.995125510799765,11.322008172796263,10.499357851722126,
2010-02-15,36.193567251461985,27.62485380116959,10.000380116959063,11.329590643274852,10.500233918128655,
2010-02-16,36.193567251461985,27.62485380116959,10.000380116959063,11.329590643274852,10.500233918128655,
2010-02-17,36.18040935672514,27.609941520467835,10.016169590643274,11.33222222222222,10.504619883040936,
2010-02-18,36.16956649091974,27.604335090802575,10.020503807850028,11.338957234915055,10.507527826596368,
2010-02-19,36.153749267721146,27.597305213825422,10.034563561804333,11.34422964264792,10.509285295840657,
2010-02-20,36.153749267721146,27.597305213825422,10.034563561804333,11.34422964264792,10.509285295840657,
2010-02-21,36.143456572769956,27.589553990610327,10.038145539906102,11.351877934272299,10.513703051643192,
2010-02-22,36.143456572769956,27.589553990610327,10.038145539906102,11.351877934272299,10.513703051643192,
2010-02-23,36.13465375586855,27.57282863849765,10.049589201877934,11.358920187793426,10.517224178403756,
2010-02-24,36.12232981220657,27.55522300469483,10.063673708920186,11.36288145539906,10.522946009389672,
2010-02-25,36.11328630217519,27.545002939447382,10.068900646678424,11.370576131687242,10.526601998824221,
2010-02-26,36.105349794238684,27.5282480893592,10.08124632569077,11.375867136978247,10.53012933568489,
2010-02-27,36.105349794238684,27.5282480893592,10.08124632569077,11.375867136978247,10.53012933568489,
2010-02-28,36.09493521790342,27.516813898704356,10.085806831566549,11.384481743227324,10.536366313309776,
2010-03-01,36.08283274440518,27.50232626619552,10.099764428739693,11.39022379269729,10.537691401648999,
2010-03-02,36.08283274440518,27.50232626619552,10.099764428739693,11.39022379269729,10.537691401648999,
2010-03-03,36.08004115226337,27.494385655496764,10.109288653733097,11.386890064667842,10.53938859494415,
2010-03-04,36.07034097589653,27.48115814226925,10.121634332745444,11.390417401528511,10.543797766019988,
2010-03-05,36.07034097589653,27.48115814226925,10.121634332745444,11.390417401528511,10.543797766019988,
2010-03-06,36.07034097589653,27.48115814226925,10.121634332745444,11.390417401528511,10.543797766019988,
2010-03-07,36.07034097589653,27.48115814226925,10.121634332745444,11.390417401528511,10.543797766019988,
2010-03-08,36.07034097589653,27.48115814226925,10.121634332745444,11.390417401528511,10.543797766019988,
2010-03-09,36.07034097589653,27.48115814226925,10.121634332745444,11.390417401528511,10.543797766019988,
2010-03-10,36.06681363903586,27.464403292181068,10.133980011757789,11.388653733098176,10.548206937095825,
2010-03-11,36.06516489988221,27.451089517078916,10.137750294464075,11.394640753828032,10.55270906949352,
2010-03-12,36.06504997060552,27.446766607877716,10.1445620223398,11.392181069958847,10.551734273956496,
2010-03-13,36.06504997060552,27.446766607877716,10.1445620223398,11.392181069958847,10.551734273956496,
2010-03-14,36.06504997060552,27.446766607877716,10.1445620223398,11.392181069958847,10.551734273956496,
2010-03-15,36.06504997060552,27.446766607877716,10.1445620223398,11.392181069958847,10.551734273956496,
2010-03-16,36.06516489988221,27.435188457008245,10.148351001177856,11.392873969375735,10.556242638398114,
2010-03-17,36.06251472320377,27.416637220259126,10.161601884570082,11.391990577149587,10.559776207302708,
2010-03-18,36.06251472320377,27.416637220259126,10.161601884570082,11.391990577149587,10.559776207302708,
2010-03-19,36.060640799529686,27.415902410346852,10.168371546149324,11.387771898883008,10.558788947677836,
2010-03-20,36.060640799529686,27.415902410346852,10.168371546149324,11.387771898883008,10.558788947677836,
2010-03-21,36.060640799529686,27.415902410346852,10.168371546149324,11.387771898883008,10.558788947677836,
2010-03-22,36.060640799529686,27.415902410346852,10.168371546149324,11.387771898883008,10.558788947677836,
2010-03-23,36.06074793875147,27.40426972909305,10.172202591283863,11.388457008244993,10.563309776207301,
2010-03-24,36.057803297997644,27.38866313309776,10.182803297997644,11.38610129564193,10.569199057714957,
2010-03-25,36.048969375736164,27.374528857479387,10.196937573616019,11.389634864546524,10.570965842167254,
2010-03-26,36.05064667842446,27.372104644326868,10.20188124632569,11.385420340975896,10.57172251616696,
2010-03-27,36.05064667842446,27.372104644326868,10.20188124632569,11.385420340975896,10.57172251616696,
2010-03-28,36.05064667842446,27.372104644326868,10.20188124632569,11.385420340975896,10.57172251616696,
2010-03-29,36.05064667842446,27.372104644326868,10.20188124632569,11.385420340975896,10.57172251616696,
2010-03-30,36.047119341563786,27.356231628453852,10.2124632569077,11.38012933568489,10.577013521457966,
2010-03-31,36.043592004703115,27.34300411522634,10.223045267489711,11.379247501469722,10.58230452674897,
2010-04-01,36.040135453474676,27.32947585394582,10.22873969375736,11.385217903415782,10.586866902237926,
2010-04-02,36.040135453474676,27.32947585394582,10.22873969375736,11.385217903415782,10.586866902237926,
2010-04-03,36.040135453474676,27.32947585394582,10.22873969375736,11.385217903415782,10.586866902237926,
2010-04-04,36.03666666666667,27.317669616519176,10.23268436578171,11.389439528023598,10.593215339233037,
2010-04-05,36.03850472813239,27.305821513002364,10.234869976359338,11.393676122931442,10.596040189125294,
2010-04-06,36.039105979869746,27.294641799881585,10.23768502072232,11.396506808762583,10.599674363528715,
2010-04-07,36.033777383066905,27.27865600947306,10.249230313795145,11.3947306098283,10.605002960331557,
2010-04-08,36.033777383066905,27.27865600947306,10.249230313795145,11.3947306098283,10.605002960331557,
2010-04-09,36.033777383066905,27.27865600947306,10.249230313795145,11.3947306098283,10.605002960331557,
2010-04-10,36.033777383066905,27.27865600947306,10.249230313795145,11.3947306098283,10.605002960331557,
2010-04-11,36.033777383066905,27.27865600947306,10.249230313795145,11.3947306098283,10.605002960331557,
2010-04-12,36.033777383066905,27.27865600947306,10.249230313795145,11.3947306098283,10.605002960331557,
2010-04-13,36.03472716488731,27.268475682087782,10.251453143534993,11.398102016607355,10.60696915776987,
2010-04-14,36.03383748517201,27.250682087781733,10.262129300118623,11.39632265717675,10.611417556346382,
2010-04-15,36.032115270350566,27.236868686868686,10.266161616161616,11.400594177064766,10.616072489601901,
2010-04-16,36.0320581257414,27.234667852906288,10.272805456702253,11.39632265717675,10.614976275207592,
2010-04-17,36.0320581257414,27.234667852906288,10.272805456702253,11.39632265717675,10.614976275207592,
2010-04-18,36.0320581257414,27.234667852906288,10.272805456702253,11.39632265717675,10.614976275207592,
2010-04-19,36.035680332739155,27.224390968508615,10.275074272133095,11.39881164587047,10.616072489601901,
2010-04-20,36.037529761904764,27.212291666666665,10.279136904761904,11.39952380952381,10.620744047619048,
2010-04-21,36.037529761904764,27.199791666666666,10.288958333333333,11.395952380952382,10.621636904761905,
2010-04-22,36.035680332739155,27.197653000594176,10.297355912061795,11.391681521093286,10.618746286393346,
2010-04-23,36.03917556346382,27.195521945432976,10.302164887307235,11.38564650059312,10.6176453143535,
2010-04-24,36.03917556346382,27.195521945432976,10.302164887307235,11.38564650059312,10.6176453143535,
2010-04-25,36.03917556346382,27.195521945432976,10.302164887307235,11.38564650059312,10.6176453143535,
2010-04-26,36.04281045751634,27.1869578134284,10.304486036838979,11.384551396316102,10.62052881758764,
2010-04-27,36.04281045751634,27.1869578134284,10.304486036838979,11.384551396316102,10.62052881758764,
2010-04-28,36.04221628045157,27.173588829471182,10.315478312537136,11.382174688057042,10.620825906120025,
2010-04-29,36.040433749257275,27.16111111111111,10.327956030897207,11.380392156862746,10.622608437314321,
2010-04-30,36.040433749257275,27.16111111111111,10.327956030897207,11.380392156862746,10.622608437314321,
2010-05-01,36.040433749257275,27.16111111111111,10.327956030897207,11.380392156862746,10.622608437314321,
2010-05-02,36.04050595238095,27.150684523809524,10.330327380952381,11.382857142857144,10.627291666666668,
2010-05-03,36.04683959451401,27.14200954084675,10.332707215265355,11.38175313059034,10.62841383422779,
2010-05-04,36.04683959451401,27.14200954084675,10.332707215265355,11.38175313059034,10.62841383422779,
2010-05-05,36.04683959451401,27.1268038163387,10.345229576624925,11.377280858676208,10.630202742993442,
2010-05-06,36.04683959451401,27.1268038163387,10.345229576624925,11.377280858676208,10.630202742993442,
2010-05-07,36.04683959451401,27.1268038163387,10.345229576624925,11.377280858676208,10.630202742993442,
2010-05-08,36.04683959451401,27.1268038163387,10.345229576624925,11.377280858676208,10.630202742993442,
2010-05-09,36.04683959451401,27.1268038163387,10.345229576624925,11.377280858676208,10.630202742993442,
2010-05-10,36.05409199522102,27.118070489844683,10.345848267622461,11.377956989247313,10.631332138590205,
2010-05-11,36.055256869773,27.10229988052569,10.358393070489845,11.370161290322581,10.63590203106332,
2010-05-12,36.053464755077655,27.087962962962965,10.369145758661888,11.3665770609319,10.639486260454001,
2010-05-13,36.05176540993417,27.075553560742073,10.371603830041892,11.370825852782765,10.644225014961101,
2010-05-14,36.044504181600956,27.07721027479092,10.383482676224611,11.362992831541218,10.644862604540023,
2010-05-15,36.044504181600956,27.07721027479092,10.383482676224611,11.362992831541218,10.644862604540023,
2010-05-16,36.044504181600956,27.07721027479092,10.383482676224611,11.362992831541218,10.644862604540023,
2010-05-17,36.04817474566128,27.06837223219629,10.385966487133453,11.36543985637343,10.644225014961101,
2010-05-18,36.05005995203837,27.061300959232614,10.38845923261391,11.36429856115108,10.647182254196641,
2010-05-19,36.04196642685851,27.0496103117506,10.400149880095924,11.358902877697842,10.653477218225419,
2010-05-20,36.03650508677438,27.05131657690006,10.410203470975464,11.351077199281868,10.652304009575104,
2010-05-21,36.036439665471924,27.051224611708484,10.416636798088412,11.341487455197132,10.652927120669055,
2010-05-22,36.036439665471924,27.051224611708484,10.416636798088412,11.341487455197132,10.652927120669055,
2010-05-23,36.036439665471924,27.051224611708484,10.416636798088412,11.341487455197132,10.652927120669055,
2010-05-24,36.036439665471924,27.051224611708484,10.416636798088412,11.341487455197132,10.652927120669055,
2010-05-25,36.040095751047275,27.04054458408139,10.41918013165769,11.342100538599642,10.655894673847994,
2010-05-26,36.03231597845601,27.028874925194497,10.430849790544585,11.33821065230401,10.661879114302812,
2010-05-27,36.025134649910235,27.01630760023938,10.445212447636147,11.333722321962897,10.666367444643925,
2010-05-28,36.025134649910235,27.01630760023938,10.445212447636147,11.333722321962897,10.666367444643925,
2010-05-29,36.025134649910235,27.01630760023938,10.445212447636147,11.333722321962897,10.666367444643925,
2010-05-30,36.025134649910235,27.01630760023938,10.445212447636147,11.333722321962897,10.666367444643925,
2010-05-31,36.025134649910235,27.01630760023938,10.445212447636147,11.333722321962897,10.666367444643925,
2010-06-01,36.01436265709156,27.007330939557153,10.459575104727708,11.32474566128067,10.673548773189706,
2010-06-02,36.008078994614,26.998354278874928,10.472142429682824,11.320257330939556,10.67803710353082,
2010-06-03,36.008078994614,26.998354278874928,10.472142429682824,11.320257330939556,10.67803710353082,
2010-06-04,36.00448028673835,27.00194145758662,10.480256869773,11.310722819593787,10.676821983273594,
2010-06-05,36.00448028673835,27.00194145758662,10.480256869773,11.310722819593787,10.676821983273594,
2010-06-06,36.00448028673835,27.00194145758662,10.480256869773,11.310722819593787,10.676821983273594,
2010-06-07,36.00448028673835,27.00194145758662,10.480256869773,11.310722819593787,10.676821983273594,
2010-06-08,36.00430879712747,26.9926092160383,10.483991621783362,11.312896469180131,10.679174147217234,
2010-06-09,35.997132616487455,26.99172640382318,10.494772998805256,11.303375149342891,10.682437275985661,
2010-06-10,35.997132616487455,26.99172640382318,10.494772998805256,11.303375149342891,10.682437275985661,
2010-06-11,35.9881932021467,26.995319022063207,10.504621347644603,11.293887895050684,10.68479427549195,
2010-06-12,35.9881932021467,26.995319022063207,10.504621347644603,11.293887895050684,10.68479427549195,
2010-06-13,35.9881932021467,26.995319022063207,10.504621347644603,11.293887895050684,10.68479427549195,
2010-06-14,35.9881932021467,26.995319022063207,10.504621347644603,11.293887895050684,10.68479427549195,
2010-06-15,35.979248658318426,26.989952295766248,10.52072152653548,11.283154442456768,10.690161001788907,
2010-06-16,35.97035714285715,26.990863095238094,10.53139880952381,11.273720238095237,10.691607142857142,
2010-06-17,35.97035714285715,26.990863095238094,10.53139880952381,11.273720238095237,10.691607142857142,
2010-06-18,35.965062388591804,26.998009506833036,10.5393642305407,11.262537136066546,10.692156862745097,
2010-06-19,35.965062388591804,26.998009506833036,10.5393642305407,11.262537136066546,10.692156862745097,
2010-06-20,35.965062388591804,26.998009506833036,10.5393642305407,11.262537136066546,10.692156862745097,
2010-06-21,35.965062388591804,26.998009506833036,10.5393642305407,11.262537136066546,10.692156862745097,
2010-06-22,35.96321428571429,26.98907738095238,10.542113095238095,11.264791666666666,10.696964285714284,
2010-06-23,35.94982142857143,26.984166666666667,10.555729166666666,11.259434523809523,10.70142857142857,
2010-06-24,35.94982142857143,26.984166666666667,10.555729166666666,11.259434523809523,10.70142857142857,
2010-06-25,35.94982142857143,26.984166666666667,10.555729166666666,11.259434523809523,10.70142857142857,
2010-06-26,35.94982142857143,26.984166666666667,10.555729166666666,11.259434523809523,10.70142857142857,
2010-06-27,35.944364937388194,26.976982707215264,10.558512224209897,11.263476446034584,10.706261180679784,
2010-06-28,35.944364937388194,26.976982707215264,10.558512224209897,11.263476446034584,10.706261180679784,
2010-06-29,35.93542039355993,26.969827072152654,10.576401311866428,11.250954084675014,10.711627906976743,
2010-06-30,35.92289803220036,26.964460345855695,10.588923673225999,11.247376267143709,10.716994633273702,
2010-07-01,35.91216457960644,26.959093619558736,10.605023852116874,11.240220632081096,10.720572450805008,
2010-07-02,35.91216457960644,26.959093619558736,10.605023852116874,11.240220632081096,10.720572450805008,
2010-07-03,35.91216457960644,26.959093619558736,10.605023852116874,11.240220632081096,10.720572450805008,
2010-07-04,35.91216457960644,26.959093619558736,10.605023852116874,11.240220632081096,10.720572450805008,
2010-07-05,35.9084229390681,26.95543608124253,10.607900238948625,11.242443249701314,10.721863799283152,
2010-07-06,35.904667863554764,26.94817474566128,10.614377618192698,11.24108318372232,10.726750448833032,
2010-07-07,35.890305206463196,26.940095751047277,10.629637941352483,11.235697187312985,10.731238779174145,
2010-07-08,35.890305206463196,26.940095751047277,10.629637941352483,11.235697187312985,10.731238779174145,
2010-07-09,35.890305206463196,26.940095751047277,10.629637941352483,11.235697187312985,10.731238779174145,
2010-07-10,35.890305206463196,26.940095751047277,10.629637941352483,11.235697187312985,10.731238779174145,
2010-07-11,35.88651079136691,26.93279376498801,10.634367505995204,11.236121103117505,10.73435251798561,
2010-07-12,35.88270270270271,26.92726726726727,10.637312312312313,11.24015015015015,10.737477477477476,
2010-07-13,35.878158844765345,26.920096269554755,10.641711793020457,11.24256919374248,10.741787003610108,
2010-07-14,35.861913357400724,26.912876052948256,10.657957280385078,11.23895908543923,10.745397111913357,
2010-07-15,35.85262206148282,26.901868595539483,10.664572031344184,11.244816154309826,10.750361663652802,
2010-07-16,35.84747292418773,26.91107099879663,10.672397713598075,11.233543922984357,10.749007220216606,
2010-07-17,35.84747292418773,26.91107099879663,10.672397713598075,11.233543922984357,10.749007220216606,
2010-07-18,35.84747292418773,26.91107099879663,10.672397713598075,11.233543922984357,10.749007220216606,
2010-07-19,35.84177215189873,26.905485232067512,10.677230259192283,11.237582881253767,10.750361663652802,
2010-07-20,35.824593128390596,26.906389391199518,10.690792646172392,11.234870403857746,10.753074141048824,
2010-07-21,35.808921036769135,26.901567209162145,10.708875828812538,11.22884267631103,10.756088004822182,
2010-07-22,35.808921036769135,26.901567209162145,10.708875828812538,11.22884267631103,10.756088004822182,
2010-07-23,35.80385078219013,26.907160048134777,10.720231648616124,11.217599277978339,10.754723225030084,
2010-07-24,35.80385078219013,26.907160048134777,10.720231648616124,11.217599277978339,10.754723225030084,
2010-07-25,35.80385078219013,26.907160048134777,10.720231648616124,11.217599277978339,10.754723225030084,
2010-07-26,35.796262808921036,26.89975889089813,10.725150693188668,11.221609403254973,10.757896323086197,
2010-07-27,35.78683574879227,26.89414251207729,10.730087560386472,11.225634057971014,10.762892512077295,
2010-07-28,35.76781400966183,26.889613526570045,10.74729770531401,11.221105072463768,10.76832729468599,
2010-07-29,35.76781400966183,26.889613526570045,10.74729770531401,11.221105072463768,10.76832729468599,
2010-07-30,35.76781400966183,26.889613526570045,10.74729770531401,11.221105072463768,10.76832729468599,
2010-07-31,35.76781400966183,26.889613526570045,10.74729770531401,11.221105072463768,10.76832729468599,
2010-08-01,35.76013309134906,26.88033877797943,10.752283726557774,11.226950998185119,10.773351482153661,
2010-08-02,35.75424242424242,26.872848484848483,10.755469696969696,11.231,10.776575757575758,
2010-08-03,35.74650880388585,26.86897389192471,10.758667273831207,11.235063752276867,10.78163327261688,
2010-08-04,35.72556162720097,26.866241651487552,10.775060716454158,11.22959927140255,10.787097753491196,
2010-08-05,35.707346690953244,26.864420157862778,10.79145415907711,11.224134790528234,10.792562234365514,
2010-08-06,35.707346690953244,26.864420157862778,10.79145415907711,11.224134790528234,10.792562234365514,
2010-08-07,35.707346690953244,26.864420157862778,10.79145415907711,11.224134790528234,10.792562234365514,
2010-08-08,35.707346690953244,26.864420157862778,10.79145415907711,11.224134790528234,10.792562234365514,
2010-08-09,35.707346690953244,26.864420157862778,10.79145415907711,11.224134790528234,10.792562234365514,
2010-08-10,35.702980535279806,26.85878953771289,10.795726885644768,11.226551094890512,10.795468369829685,
2010-08-11,35.68473236009732,26.856964720194643,10.81397506082725,11.220164233576643,10.79911800486618,
2010-08-12,35.67501523461304,26.849390615478363,10.818205362583791,11.225137111517368,10.8051492992078,
2010-08-13,35.67501523461304,26.849390615478363,10.818205362583791,11.225137111517368,10.8051492992078,
2010-08-14,35.67501523461304,26.849390615478363,10.818205362583791,11.225137111517368,10.8051492992078,
2010-08-15,35.67501523461304,26.849390615478363,10.818205362583791,11.225137111517368,10.8051492992078,
2010-08-16,35.667094017094016,26.845451770451767,10.821535409035409,11.229212454212455,10.808455433455434,
2010-08-17,35.652442002442,26.852777777777774,10.836187423687424,11.221886446886447,10.807539682539684,
2010-08-18,35.634126984126986,26.84911477411477,10.85175518925519,11.21456043956044,10.81394993894994,
2010-08-19,35.634126984126986,26.84911477411477,10.85175518925519,11.21456043956044,10.81394993894994,
2010-08-20,35.62565508836076,26.856703229737963,10.861166971358928,11.203199268738574,10.812461913467398,
2010-08-21,35.62565508836076,26.856703229737963,10.861166971358928,11.203199268738574,10.812461913467398,
2010-08-22,35.62565508836076,26.856703229737963,10.861166971358928,11.203199268738574,10.812461913467398,
2010-08-23,35.62130647130647,26.850946275946274,10.864575702075703,11.207234432234433,10.815781440781441,
2010-08-24,35.6114373088685,26.850672782874614,10.867996941896024,11.209449541284405,10.820948012232417,
2010-08-25,35.59217125382263,26.847920489296634,10.886345565749236,11.203944954128442,10.825535168195719,
2010-08-26,35.582230392156866,26.83844975490196,10.893489583333334,11.20983455882353,10.830729166666668,
2010-08-27,35.57749235474006,26.84608562691131,10.902859327217126,11.198440366972479,10.829204892966361,
2010-08-28,35.57749235474006,26.84608562691131,10.902859327217126,11.198440366972479,10.829204892966361,
2010-08-29,35.57749235474006,26.84608562691131,10.902859327217126,11.198440366972479,10.829204892966361,
2010-08-30,35.571200980392156,26.840287990196074,10.906357230392157,11.20248161764706,10.832567401960786,
2010-08-31,35.5646101903008,26.83695518723143,10.910696746470228,11.202854511970536,10.835573971761816,
2010-09-01,35.548035604665436,26.8341927562922,10.928192142418661,11.197329650092081,10.838336402701042,
2010-09-02,35.53330263965623,26.836034376918352,10.94292510742787,11.188121546961327,10.842019643953344,
2010-09-03,35.53330263965623,26.836034376918352,10.94292510742787,11.188121546961327,10.842019643953344,
2010-09-04,35.53330263965623,26.836034376918352,10.94292510742787,11.188121546961327,10.842019643953344,
2010-09-05,35.53330263965623,26.836034376918352,10.94292510742787,11.188121546961327,10.842019643953344,
2010-09-06,35.53330263965623,26.836034376918352,10.94292510742787,11.188121546961327,10.842019643953344,
2010-09-07,35.526906519065186,26.833886838868388,10.9465098400984,11.188468634686348,10.84541820418204,
2010-09-08,35.51856967464702,26.833271945979124,10.963182934315531,11.177992633517496,10.84478207489257,
2010-09-09,35.50845633456334,26.825584255842557,10.96680504305043,11.183856088560887,10.850030750307502,
2010-09-10,35.501995089011665,26.833271945979124,10.977915899324739,11.172467771639043,10.848465316144873,
2010-09-11,35.501995089011665,26.833271945979124,10.977915899324739,11.172467771639043,10.848465316144873,
2010-09-12,35.501995089011665,26.833271945979124,10.977915899324739,11.172467771639043,10.848465316144873,
2010-09-13,35.497386223862236,26.82742927429274,10.981565190651907,11.176476014760148,10.851875768757687,
2010-09-14,35.49276032039433,26.82526186075169,10.98522797288971,11.176802218114604,10.855298829328403,
2010-09-15,35.483548585485856,26.82373923739237,11.001860393603936,11.166328413284134,10.855565805658056,
2010-09-16,35.47335181762168,26.816019716574242,11.007409118915588,11.170332717190389,10.860844115834873,
2010-09-17,35.4660209102091,26.820971709717096,11.019388068880689,11.158948339483397,10.860178351783517,
2010-09-18,35.4660209102091,26.820971709717096,11.019388068880689,11.158948339483397,10.860178351783517,
2010-09-19,35.4660209102091,26.820971709717096,11.019388068880689,11.158948339483397,10.860178351783517,
2010-09-20,35.461337030191004,26.8150955021565,11.023120764017252,11.16293900184843,10.863616759088108,
2010-09-21,35.44932224276032,26.819716574245223,11.038832409118916,11.156469500924215,10.861768330252618,
2010-09-22,35.43083795440542,26.810474430067774,11.062861983980284,11.148151571164512,10.866389402341342,
2010-09-23,35.420524691358025,26.800864197530863,11.068533950617283,11.155833333333334,10.871697530864196,
2010-09-24,35.41235366605052,26.806777572396793,11.08319470117067,11.144454713493532,10.868237831176833,
2010-09-25,35.41235366605052,26.806777572396793,11.08319470117067,11.144454713493532,10.868237831176833,
2010-09-26,35.41235366605052,26.806777572396793,11.08319470117067,11.144454713493532,10.868237831176833,
2010-09-27,35.405709876543206,26.804567901234567,11.08520061728395,11.146574074074076,10.871697530864196,
2010-09-28,35.40136054421769,26.798453927025353,11.089718614718615,11.148144712430428,10.874891774891775,
2010-09-29,35.38280766852195,26.79010513296227,11.11290970933828,11.14165120593692,10.87860235003092,
2010-09-30,35.38280766852195,26.79010513296227,11.11290970933828,11.14165120593692,10.87860235003092,
2010-10-01,35.376543209876544,26.79512345679012,11.12658950617284,11.130277777777778,10.87604938271605,
2010-10-02,35.376543209876544,26.79512345679012,11.12658950617284,11.130277777777778,10.87604938271605,
2010-10-03,35.376543209876544,26.79512345679012,11.12658950617284,11.130277777777778,10.87604938271605,
2010-10-04,35.376543209876544,26.79512345679012,11.12658950617284,11.130277777777778,10.87604938271605,
2010-10-05,35.37167594310451,26.7882498453927,11.130534941249227,11.13330241187384,10.879529993815709,
2010-10-06,35.36358024691358,26.78586419753086,11.150663580246913,11.122870370370372,10.876975308641976,
2010-10-07,35.352469135802465,26.775679012345677,11.170108024691359,11.11638888888889,10.88253086419753,
2010-10-08,35.352469135802465,26.775679012345677,11.170108024691359,11.11638888888889,10.88253086419753,
2010-10-09,35.352469135802465,26.775679012345677,11.170108024691359,11.11638888888889,10.88253086419753,
2010-10-10,35.352469135802465,26.775679012345677,11.170108024691359,11.11638888888889,10.88253086419753,
2010-10-11,35.349412492269636,26.767841682127393,11.1741341991342,11.118460111317255,10.886023500309214,
2010-10-12,35.34634448574969,26.763692688971496,11.178175340768279,11.11868029739777,10.889529120198265,
2010-10-13,35.33549783549783,26.7604205318491,11.201035868893012,11.106400742115028,10.889734075448361,
2010-10-14,35.32775712515489,26.75161090458488,11.20605638166047,11.111245353159852,10.895105328376705,
2010-10-15,35.31972789115646,26.753927025355594,11.224226963512677,11.099907235621522,10.893444650587508,
2010-10-16,35.31972789115646,26.753927025355594,11.224226963512677,11.099907235621522,10.893444650587508,
2010-10-17,35.31972789115646,26.753927025355594,11.224226963512677,11.099907235621522,10.893444650587508,
2010-10-18,35.31972789115646,26.753927025355594,11.224226963512677,11.099907235621522,10.893444650587508,
2010-10-19,35.314745972738535,26.74789343246592,11.228361214374226,11.102881040892195,10.896964064436183,
2010-10-20,35.30581323438466,26.745887445887444,11.249273345701917,11.091249226963512,10.89560915275201,
2010-10-21,35.29894671623296,26.737980173482033,11.25159541511772,11.095136307311028,10.90099132589839,
2010-10-22,35.29282622139765,26.7421768707483,11.26782622139765,11.08382807668522,10.897464440321583,
2010-10-23,35.29282622139765,26.7421768707483,11.26782622139765,11.08382807668522,10.897464440321583,
2010-10-24,35.29282622139765,26.7421768707483,11.26782622139765,11.08382807668522,10.897464440321583,
2010-10-25,35.28965303593556,26.73612143742255,11.272041511771995,11.085842627013632,10.89913258983891,
2010-10-26,35.28274363749224,26.731905648665425,11.276272501551832,11.089726877715705,10.902669149596525,
2010-10-27,35.27478314745972,26.729925650557618,11.295585501858737,11.078407682775712,10.90099132589839,
2010-10-28,35.269708255741776,26.721973929236498,11.299860335195532,11.08227808814401,10.904531346989447,
2010-10-29,35.269708255741776,26.721973929236498,11.299860335195532,11.08227808814401,10.904531346989447,
2010-10-30,35.269708255741776,26.721973929236498,11.299860335195532,11.08227808814401,10.904531346989447,
2010-10-31,35.269708255741776,26.721973929236498,11.299860335195532,11.08227808814401,10.904531346989447,
2010-11-01,35.269708255741776,26.721973929236498,11.299860335195532,11.08227808814401,10.904531346989447,
2010-11-02,35.265080845771145,26.718003731343284,11.305550373134329,11.08280472636816,10.906312189054727,
2010-11-03,35.2529539800995,26.70680970149254,11.329804104477613,11.072543532338308,10.910043532338308,
2010-11-04,35.23616293532338,26.697481343283584,11.355923507462688,11.065080845771144,10.913774875621892,
2010-11-05,35.23616293532338,26.697481343283584,11.355923507462688,11.065080845771144,10.913774875621892,
2010-11-06,35.23616293532338,26.697481343283584,11.355923507462688,11.065080845771144,10.913774875621892,
2010-11-07,35.23616293532338,26.697481343283584,11.355923507462688,11.065080845771144,10.913774875621892,
2010-11-08,35.232866043613704,26.693177570093457,11.360327102803739,11.064267912772586,10.916417445482868,
2010-11-09,35.232866043613704,26.693177570093457,11.360327102803739,11.064267912772586,10.916417445482868,
2010-11-10,35.225901741293534,26.69001865671642,11.38017723880597,11.053886815920398,10.914707711442787,
2010-11-11,35.225901741293534,26.69001865671642,11.38017723880597,11.053886815920398,10.914707711442787,
2010-11-12,35.21989447548106,26.690595903165736,11.399022346368715,11.042613283674736,10.91207324643079,
2010-11-13,35.21989447548106,26.690595903165736,11.399022346368715,11.042613283674736,10.91207324643079,
2010-11-14,35.21205080545229,26.69117100371747,11.418726765799258,11.03138166047088,10.910377942998762,
2010-11-15,35.21244568590937,26.685009310986967,11.4213687150838,11.02957790192427,10.91207324643079,
2010-11-16,35.208721291123524,26.68128491620112,11.443715083798883,11.014680322780881,10.91207324643079,
2010-11-17,35.20127250155183,26.668249534450652,11.466061452513967,11.005369335816264,10.915797641216637,
2010-11-18,35.20127250155183,26.668249534450652,11.466061452513967,11.005369335816264,10.915797641216637,
2010-11-19,35.20127250155183,26.668249534450652,11.466061452513967,11.005369335816264,10.915797641216637,
2010-11-20,35.20127250155183,26.668249534450652,11.466061452513967,11.005369335816264,10.915797641216637,
2010-11-21,35.195322180916975,26.66700743494424,11.481923791821563,10.996065675340768,10.914095415117721,
2010-11-22,35.195322180916975,26.66700743494424,11.481923791821563,10.996065675340768,10.914095415117721,
2010-11-23,35.196617008069516,26.663594040968345,11.486545623836127,10.99326505276226,10.915797641216637,
2010-11-24,35.192534076827755,26.66003717472119,11.503763940520447,10.98305452292441,10.91316604708798,
2010-11-25,35.18916821849783,26.653817504655493,11.506564245810058,10.984885164494102,10.916728739913099,
2010-11-26,35.18916821849783,26.653817504655493,11.506564245810058,10.984885164494102,10.916728739913099,
2010-11-27,35.18916821849783,26.653817504655493,11.506564245810058,10.984885164494102,10.916728739913099,
2010-11-28,35.18509913258983,26.648884758364314,11.524210037174722,10.975619578686493,10.91316604708798,
2010-11-29,35.18544382371198,26.6463687150838,11.52891061452514,10.97371198013656,10.914866542520175,
2010-11-30,35.185789800995025,26.640111940298507,11.533628731343285,10.973662935323382,10.916573383084577,
2010-12-01,35.183581626319054,26.63147113594041,11.553119180633148,10.962538795779018,10.914866542520175,
2010-12-02,35.172408441961515,26.624022346368715,11.576396648044694,10.954158907510863,10.916728739913099,
2010-12-03,35.170229244114,26.624721189591078,11.592053903345725,10.9430916976456,10.91316604708798,
2010-12-04,35.170229244114,26.624721189591078,11.592053903345725,10.9430916976456,10.91316604708798,
2010-12-05,35.168058132343845,26.619851576994435,11.607653061224491,10.932065553494125,10.911471861471862,
2010-12-06,35.16837050805452,26.61171003717472,11.6125,10.931939281288724,10.91316604708798,
2010-12-07,35.16787709497206,26.605710738671632,11.615999379267537,10.930881440099316,10.915301055245191,
2010-12-08,35.1657063197026,26.59900867410161,11.63344175960347,10.917998760842627,10.913599752168526,
2010-12-09,35.1657063197026,26.59900867410161,11.63344175960347,10.917998760842627,10.913599752168526,
2010-12-10,35.16168831168831,26.599752628324058,11.64896413110699,10.907019171304885,10.911904761904763,
2010-12-11,35.16168831168831,26.599752628324058,11.64896413110699,10.907019171304885,10.911904761904763,
2010-12-12,35.16138888888889,26.59679012345679,11.662577160493827,10.89608024691358,10.910216049382717,
2010-12-13,35.16354359925788,26.588620902906616,11.665661719233148,10.895887445887446,10.911904761904763,
2010-12-14,35.167565055762076,26.582280049566293,11.670616480793061,10.891976456009912,10.913599752168526,
2010-12-15,35.165398886827454,26.577489177489177,11.686069882498455,10.879189857761286,10.913760049474336,
2010-12-16,35.16138888888889,26.578271604938273,11.701466049382717,10.868302469135802,10.910216049382717,
2010-12-17,35.15924214417745,26.580899568699937,11.71495686999384,10.857455329636476,10.906685150955022,
2010-12-18,35.15924214417745,26.580899568699937,11.71495686999384,10.857455329636476,10.906685150955022,
2010-12-19,35.157103321033205,26.579827798277982,11.730242927429275,10.846648216482164,10.905012300123003,
2010-12-20,35.15924214417745,26.57165742452249,11.735289587184226,10.844516327788046,10.906685150955022,
2010-12-21,35.16201478743068,26.568422674060383,11.751463339494764,10.828804682686384,10.905760936537279,
2010-12-22,35.16231481481481,26.56391975308642,11.754706790123457,10.826635802469136,10.90743827160494,
2010-12-23,35.16231481481481,26.56391975308642,11.754706790123457,10.826635802469136,10.90743827160494,
2010-12-24,35.16231481481481,26.56391975308642,11.754706790123457,10.826635802469136,10.90743827160494,
2010-12-25,35.16231481481481,26.56391975308642,11.754706790123457,10.826635802469136,10.90743827160494,
2010-12-26,35.16016635859519,26.5647258163894,11.768099199014172,10.815865680837954,10.905760936537279,
2010-12-27,35.16016635859519,26.5647258163894,11.768099199014172,10.815865680837954,10.905760936537279,
2010-12-28,35.16201478743068,26.558256315465187,11.78658348736907,10.797381392483056,10.907609365372767,
2010-12-29,35.16231481481481,26.555586419753087,11.78804012345679,10.795154320987654,10.911141975308643,
2010-12-30,35.15890538033395,26.54734075448361,11.795068027210885,10.794774273345702,10.918398268398269,
2010-12-31,35.15890538033395,26.54734075448361,11.795068027210885,10.794774273345702,10.918398268398269,
2011-01-01,35.15890538033395,26.54734075448361,11.795068027210885,10.794774273345702,10.918398268398269,
2011-01-02,35.15890538033395,26.54734075448361,11.795068027210885,10.794774273345702,10.918398268398269,
2011-01-03,35.15890538033395,26.54734075448361,11.795068027210885,10.794774273345702,10.918398268398269,
2011-01-04,35.15853432282004,26.53855905998763,11.814115646258504,10.778014842300557,10.920748299319728,
2011-01-05,35.15882899628253,26.532125154894672,11.82120508054523,10.775743494423793,10.924318463444859,
2011-01-06,35.16068773234201,26.526548946716233,11.837933705080545,10.759014869888476,10.924318463444859,
2011-01-07,35.16068773234201,26.526548946716233,11.837933705080545,10.759014869888476,10.924318463444859,
2011-01-08,35.16068773234201,26.526548946716233,11.837933705080545,10.759014869888476,10.924318463444859,
2011-01-09,35.160389610389615,26.52557204700062,11.853076685219543,10.748330241187384,10.920748299319728,
2011-01-10,35.160389610389615,26.52557204700062,11.853076685219543,10.748330241187384,10.920748299319728,
2011-01-11,35.16440520446097,26.519114002478315,11.85745043370508,10.74414498141264,10.922459727385379,
2011-01-12,35.16410018552876,26.516295609152753,11.874412492269634,10.729777365491652,10.918893011750155,
2011-01-13,35.16410018552876,26.516295609152753,11.874412492269634,10.729777365491652,10.918893011750155,
2011-01-14,35.1637962962963,26.520895061728393,11.885756172839507,10.719166666666668,10.913487654320988,
2011-01-15,35.1637962962963,26.520895061728393,11.885756172839507,10.719166666666668,10.913487654320988,
2011-01-16,35.163493530499075,26.51993222427603,11.898906346272335,10.708595194085028,10.909950708564388,
2011-01-17,35.163493530499075,26.51993222427603,11.898906346272335,10.708595194085028,10.909950708564388,
2011-01-18,35.16935185185185,26.514413580246913,11.902422839506173,10.704351851851852,10.911635802469137,
2011-01-19,35.1712037037037,26.505154320987653,11.920941358024692,10.689537037037038,10.911635802469137,
2011-01-20,35.1712037037037,26.505154320987653,11.920941358024692,10.689537037037038,10.911635802469137,
2011-01-21,35.16903881700555,26.507917436845347,11.934026494146643,10.677171903881701,10.906253850893409,
2011-01-22,35.16903881700555,26.507917436845347,11.934026494146643,10.677171903881701,10.906253850893409,
2011-01-23,35.168726937269376,26.50882533825338,11.947063345633456,10.66669741697417,10.902736777367775,
2011-01-24,35.16657458563536,26.509729895641495,11.960052179251074,10.656261510128914,10.899232658072437,
2011-01-25,35.17117863720074,26.50696746470227,11.974785144260283,10.642449355432781,10.89647022713321,
2011-01-26,35.174540441176475,26.500520833333333,11.989537377450981,10.630238970588236,10.892984068627452,
2011-01-27,35.174540441176475,26.500520833333333,11.989537377450981,10.630238970588236,10.892984068627452,
2011-01-28,35.176055045871564,26.5014373088685,12.002400611620795,10.619908256880734,10.887675840978593,
2011-01-29,35.176055045871564,26.5014373088685,12.002400611620795,10.619908256880734,10.887675840978593,
2011-01-30,35.177564102564105,26.50418192918193,12.013385225885227,10.607783882783883,10.88421855921856,
2011-01-31,35.177564102564105,26.50418192918193,12.013385225885227,10.607783882783883,10.88421855921856,
2011-02-01,35.18382262996941,26.49880733944954,12.017140672782876,10.60308868501529,10.885045871559633,
2011-02-02,35.18531746031746,26.490567765567768,12.033592796092798,10.592826617826617,10.881593406593407,
2011-02-03,35.18531746031746,26.481410256410257,12.051907814407816,10.580006105006104,10.883424908424908,
2011-02-04,35.18531746031746,26.481410256410257,12.051907814407816,10.580006105006104,10.883424908424908,
2011-02-05,35.18531746031746,26.481410256410257,12.051907814407816,10.580006105006104,10.883424908424908,
2011-02-06,35.184978671541735,26.482358318098722,12.060953686776356,10.569804996953078,10.881809872029251,
2011-02-07,35.184978671541735,26.482358318098722,12.060953686776356,10.569804996953078,10.881809872029251,
2011-02-08,35.19172771672771,26.477747252747253,12.064728327228329,10.563522588522588,10.88434065934066,
2011-02-09,35.19320536258378,26.469561243144426,12.079235222425352,10.553351614868982,10.882723948811702,
2011-02-10,35.196306471306464,26.46401098901099,12.083043345543347,10.548870573870573,10.886172161172162,
2011-02-11,35.197775746496035,26.464990859232177,12.092032297379648,10.538726386349786,10.882723948811702,
2011-02-12,35.197775746496035,26.464990859232177,12.092032297379648,10.538726386349786,10.882723948811702,
2011-02-13,35.1955900243309,26.462317518248177,12.104638077858882,10.53044403892944,10.881113138686132,
2011-02-14,35.19523375834851,26.461475409836066,12.11719793564056,10.52037037037037,10.87768670309654,
2011-02-15,35.20380170316301,26.455930656934306,12.121061435523115,10.51493309002433,10.876551094890512,
2011-02-16,35.20525197328475,26.447814207650275,12.13359137826351,10.504887674559805,10.876775956284154,
2011-02-17,35.20380170316301,26.44133211678832,12.139309610705597,10.503984184914842,10.882025547445256,
2011-02-18,35.204341226472366,26.439617486338797,12.150895567698848,10.493958712811171,10.878597449908925,
2011-02-19,35.204341226472366,26.439617486338797,12.150895567698848,10.493958712811171,10.878597449908925,
2011-02-20,35.20396969696969,26.437,12.163348484848486,10.485787878787878,10.875181818181819,
2011-02-21,35.20396969696969,26.437,12.163348484848486,10.485787878787878,10.875181818181819,
2011-02-22,35.212537947783844,26.431420765027323,12.167289010321799,10.481208257437766,10.874954462659382,
2011-02-23,35.21618093503339,26.427322404371587,12.180494839101398,10.466180935033394,10.874499089253188,
2011-02-24,35.21578787878787,26.42836363636364,12.189257575757576,10.458060606060606,10.869272727272728,
2011-02-25,35.217211131276464,26.433030852994555,12.194358741681791,10.448154869933454,10.865880217785845,
2011-02-26,35.217211131276464,26.433030852994555,12.194358741681791,10.448154869933454,10.865880217785845,
2011-02-27,35.21681763285024,26.43586956521739,12.201253019323673,10.440096618357488,10.8625,
2011-02-28,35.21681763285024,26.43586956521739,12.201253019323673,10.440096618357488,10.8625,
2011-03-01,35.22537810042347,26.43212341197822,12.204340592861465,10.433635813672112,10.863157894736842,
2011-03-02,35.223158212560385,26.433152173913044,12.211216787439614,10.4237922705314,10.861594202898551,
2011-03-03,35.223158212560385,26.433152173913044,12.211216787439614,10.4237922705314,10.861594202898551,
2011-03-04,35.223158212560385,26.433152173913044,12.211216787439614,10.4237922705314,10.861594202898551,
2011-03-05,35.223158212560385,26.433152173913044,12.211216787439614,10.4237922705314,10.861594202898551,
2011-03-06,35.219138034960814,26.437793851717903,12.216259795057264,10.417600964436408,10.858227848101267,
2011-03-07,35.22859299516908,26.431340579710145,12.220274758454106,10.41292270531401,10.857971014492755,
2011-03-08,35.23100423472474,26.42867513611615,12.22348759830611,10.40795523290986,10.85961887477314,
2011-03-09,35.23239734299517,26.427898550724635,12.230329106280195,10.398158212560386,10.8580615942029,
2011-03-10,35.23873792270531,26.424275362318838,12.237575483091788,10.384571256038646,10.8580615942029,
2011-03-11,35.23873792270531,26.424275362318838,12.237575483091788,10.384571256038646,10.8580615942029,
2011-03-12,35.23873792270531,26.424275362318838,12.237575483091788,10.384571256038646,10.8580615942029,
2011-03-13,35.2496074879227,26.42065217391304,12.24844504830918,10.36826690821256,10.8580615942029,
2011-03-14,35.2496074879227,26.42065217391304,12.24844504830918,10.36826690821256,10.8580615942029,
2011-03-15,35.2591349062311,26.41415607985481,12.252525710828797,10.361675741076828,10.85961887477314,
2011-03-16,35.26077898550725,26.415217391304346,12.259314613526572,10.353472222222221,10.856250000000001,
2011-03-17,35.26488203266788,26.406896551724135,12.265229885057472,10.348669086509375,10.863248638838476,
2011-03-18,35.26440217391305,26.40978260869565,12.279242149758455,10.338979468599032,10.856250000000001,
2011-03-19,35.26440217391305,26.40978260869565,12.279242149758455,10.338979468599032,10.856250000000001,
2011-03-20,35.2621157323689,26.412658227848098,12.28958710066305,10.329324894514766,10.852893309222424,
2011-03-21,35.25983754512635,26.413718411552345,12.303504813477739,10.319705174488567,10.84774368231047,
2011-03-22,35.26934900542496,26.40632911392405,12.307670283303196,10.31214587100663,10.850180831826403,
2011-03-23,35.274773960217,26.391862567811934,12.325753465943341,10.297679324894514,10.850180831826403,
2011-03-24,35.27427797833935,26.392960288808663,12.341410950661855,10.288116726835137,10.84323104693141,
2011-03-25,35.27427797833935,26.392960288808663,12.341410950661855,10.288116726835137,10.84323104693141,
2011-03-26,35.27427797833935,26.392960288808663,12.341410950661855,10.288116726835137,10.84323104693141,
2011-03-27,35.27198198198198,26.394054054054052,12.355210210210211,10.276786786786785,10.839909909909911,
2011-03-28,35.27198198198198,26.394054054054052,12.355210210210211,10.276786786786785,10.839909909909911,
2011-03-29,35.28330324909747,26.386642599277977,12.358558965102288,10.269163658243079,10.841425992779785,
2011-03-30,35.27918918918919,26.38414414414414,12.37412912912913,10.259669669669668,10.836306306306307,
2011-03-31,35.28330324909747,26.374007220216605,12.378414560770157,10.258333333333331,10.841425992779785,
2011-04-01,35.28099099099099,26.376936936936936,12.390345345345347,10.248858858858858,10.836306306306307,
2011-04-02,35.28099099099099,26.376936936936936,12.390345345345347,10.248858858858858,10.836306306306307,
2011-04-03,35.27688848920864,26.376258992805752,12.409427458033575,10.239418465227816,10.831205035971225,
2011-04-04,35.28351351351351,26.36900900900901,12.411966966966968,10.234804804804805,10.833963963963965,
2011-04-05,35.29395306859205,26.35974729241877,12.41541817087846,10.228910950661852,10.836371841155236,
2011-04-06,35.290342960288804,26.34350180505415,12.446104091456078,10.212665463297233,10.836371841155236,
2011-04-07,35.29395306859205,26.33628158844765,12.469569795427198,10.196419975932612,10.832761732851987,
2011-04-08,35.29395306859205,26.33628158844765,12.469569795427198,10.196419975932612,10.832761732851987,
2011-04-09,35.29395306859205,26.33628158844765,12.469569795427198,10.196419975932612,10.832761732851987,
2011-04-10,35.28981981981982,26.333873873873873,12.490345345345347,10.185255255255255,10.827657657657658,
2011-04-11,35.28981981981982,26.333873873873873,12.490345345345347,10.185255255255255,10.827657657657658,
2011-04-12,35.29936823104693,26.32815884476534,12.493035499398317,10.178369434416366,10.829151624548738,
2011-04-13,35.28981981981982,26.323963963963962,12.519174174174175,10.167237237237238,10.824054054054054,
2011-04-14,35.29214801444043,26.31552346570397,12.523721419975933,10.165734055354994,10.827346570397113,
2011-04-15,35.28891891891892,26.315855855855855,12.543498498498499,10.154624624624624,10.821351351351352,
2011-04-16,35.28891891891892,26.315855855855855,12.543498498498499,10.154624624624624,10.821351351351352,
2011-04-17,35.2830035971223,26.309892086330933,12.56410371702638,10.14535371702638,10.818075539568346,
2011-04-18,35.29252252252252,26.305045045045045,12.565120120120122,10.14021021021021,10.817747747747749,
2011-04-19,35.29972972972973,26.297837837837836,12.590345345345346,10.120990990990991,10.811741741741741,
2011-04-20,35.30749097472924,26.289350180505412,12.591410950661855,10.115794223826716,10.815012033694344,
2011-04-21,35.30749097472924,26.289350180505412,12.591410950661855,10.115794223826716,10.815012033694344,
2011-04-22,35.30749097472924,26.289350180505412,12.591410950661855,10.115794223826716,10.815012033694344,
2011-04-23,35.30749097472924,26.289350180505412,12.591410950661855,10.115794223826716,10.815012033694344,
2011-04-24,35.30333333333333,26.287027027027026,12.610165165165167,10.104774774774775,10.80993993993994,
2011-04-25,35.31471119133574,26.280324909747293,12.61307160048135,10.09774368231047,10.80959687123947,
2011-04-26,35.32432188065099,26.273598553345387,12.61960518384569,10.090687160940327,10.809252561784207,
2011-04-27,35.316516245487364,26.265884476534296,12.64556257521059,10.079693140794225,10.805986762936222,
2011-04-28,35.31708860759493,26.257323688969258,12.652154912597952,10.078028933092225,10.811060880048222,
2011-04-29,35.31708860759493,26.257323688969258,12.652154912597952,10.078028933092225,10.811060880048222,
2011-04-30,35.31708860759493,26.257323688969258,12.652154912597952,10.078028933092225,10.811060880048222,
2011-05-01,35.31471119133574,26.253249097472924,12.672638387484959,10.067057761732853,10.805986762936222,
2011-05-02,35.32233273056058,26.24638336347197,12.676205545509342,10.0623869801085,10.806359252561784,
2011-05-03,35.333786231884055,26.24139492753623,12.681053743961353,10.053442028985508,10.80600845410628,
2011-05-04,35.32835144927536,26.221467391304348,12.713662439613527,10.040760869565217,10.80600845410628,
2011-05-05,35.32775768535262,26.221066907775768,12.732263411693792,10.02983725135624,10.799125979505725,
2011-05-06,35.32716606498195,26.220667870036102,12.750797232250301,10.018953068592058,10.792268351383873,
2011-05-07,35.32716606498195,26.220667870036102,12.750797232250301,10.018953068592058,10.792268351383873,
2011-05-08,35.32297297297297,26.216666666666665,12.769264264264264,10.00990990990991,10.789039039039038,
2011-05-09,35.32297297297297,26.216666666666665,12.769264264264264,10.00990990990991,10.789039039039038,
2011-05-10,35.332581227436826,26.210740072202167,12.773360409145608,10.002707581227437,10.789560770156436,
2011-05-11,35.324774774774774,26.203153153153153,12.797192192192192,9.991891891891893,10.786336336336335,
2011-05-12,35.3235559566787,26.194494584837546,12.8022412755716,9.99187725631769,10.79136582430806,
2011-05-13,35.31936936936937,26.194144144144143,12.818813813813813,9.982882882882883,10.786336336336335,
2011-05-14,35.31936936936937,26.194144144144143,12.818813813813813,9.982882882882883,10.786336336336335,
2011-05-15,35.32117117117117,26.183333333333334,12.840435435435435,9.97027027027027,10.786336336336335,
2011-05-16,35.32716606498195,26.1764440433213,12.84556257521059,9.966606498194945,10.785950661853187,
2011-05-17,35.33318264014466,26.173146473779386,12.848899939722724,9.962929475587703,10.785563592525616,
2011-05-18,35.32806859205776,26.170126353790614,12.869028279181709,9.952617328519855,10.780084235860407,
2011-05-19,35.32806859205776,26.170126353790614,12.869028279181709,9.952617328519855,10.780084235860407,
2011-05-20,35.32387387387387,26.166216216216217,12.887282282282282,9.941891891891892,10.776876876876877,
2011-05-21,35.32387387387387,26.166216216216217,12.887282282282282,9.941891891891892,10.776876876876877,
2011-05-22,35.32059352517986,26.16591726618705,12.90367206235012,9.932104316546763,10.771882494004796,
2011-05-23,35.324774774774774,26.160810810810812,12.907102102102103,9.93018018018018,10.77147147147147,
2011-05-24,35.32897111913358,26.16110108303249,12.910544524669072,9.924638989169676,10.771058965102286,
2011-05-25,35.3235559566787,26.143050541516246,12.937620336943441,9.915613718411553,10.77286401925391,
2011-05-26,35.3235559566787,26.143050541516246,12.937620336943441,9.915613718411553,10.77286401925391,
2011-05-27,35.32117117117117,26.146396396396398,12.953948948948948,9.904954954954954,10.766066066066065,
2011-05-28,35.32117117117117,26.146396396396398,12.953948948948948,9.904954954954954,10.766066066066065,
2011-05-29,35.318794964028775,26.14613309352518,12.96842026378897,9.89793165467626,10.76109112709832,
2011-05-30,35.318794964028775,26.14613309352518,12.96842026378897,9.89793165467626,10.76109112709832,
2011-05-31,35.31339928057554,26.138039568345324,12.996297961630695,9.883543165467627,10.756594724220623,
2011-06-01,35.31576576576577,26.12927927927928,12.998093093093093,9.881531531531532,10.76156156156156,
2011-06-02,35.312725631768956,26.12048736462094,13.003504813477738,9.88312274368231,10.766546329723225,
2011-06-03,35.312725631768956,26.12048736462094,13.003504813477738,9.88312274368231,10.766546329723225,
2011-06-04,35.312725631768956,26.12048736462094,13.003504813477738,9.88312274368231,10.766546329723225,
2011-06-05,35.30855855855856,26.118468468468468,13.021516516516517,9.874324324324323,10.76156156156156,
2011-06-06,35.30731046931408,26.10965703971119,13.026970517448857,9.874097472924188,10.7647412755716,
2011-06-07,35.31232670283303,26.103586497890294,13.03190174804099,9.86880650994575,10.766305003013864,
2011-06-08,35.3027376654633,26.096179302045726,13.057114921780988,9.860018050541516,10.761311672683513,
2011-06-09,35.298588588588586,26.094204204204203,13.076831831831832,9.85126126126126,10.756336336336336,
2011-06-10,35.29625299760192,26.09763189448441,13.092880695443647,9.840737410071942,10.749580335731414,
2011-06-11,35.29625299760192,26.09763189448441,13.092880695443647,9.840737410071942,10.749580335731414,
2011-06-12,35.29392579293836,26.097456612806702,13.108871932974267,9.830251346499102,10.744643925792937,
2011-06-13,35.29392579293836,26.097456612806702,13.108871932974267,9.830251346499102,10.744643925792937,
2011-06-14,35.298051558752995,26.094034772182255,13.112664868105517,9.82455035971223,10.747781774580336,
2011-06-15,35.29033512866547,26.088479952124477,13.135801915020947,9.814093357271094,10.744643925792937,
2011-06-16,35.29033512866547,26.088479952124477,13.135801915020947,9.814093357271094,10.744643925792937,
2011-06-17,35.29033512866547,26.088479952124477,13.135801915020947,9.814093357271094,10.744643925792937,
2011-06-18,35.29033512866547,26.088479952124477,13.135801915020947,9.814093357271094,10.744643925792937,
2011-06-19,35.284438470728794,26.08652927120669,13.153479689366787,9.805465949820789,10.741517323775389,
2011-06-20,35.284438470728794,26.08652927120669,13.153479689366787,9.805465949820789,10.741517323775389,
2011-06-21,35.28354241338113,26.076672640382316,13.176777180406214,9.793817204301074,10.738829151732377,
2011-06-22,35.28085424133811,26.072192353643967,13.19469832735962,9.782168458781362,10.737037037037037,
2011-06-23,35.28085424133811,26.072192353643967,13.19469832735962,9.782168458781362,10.737037037037037,
2011-06-24,35.27856290995826,26.072063208109718,13.212239117471677,9.771824686940965,10.73035181872391,
2011-06-25,35.27856290995826,26.072063208109718,13.212239117471677,9.771824686940965,10.73035181872391,
2011-06-26,35.272708333333334,26.071934523809524,13.227931547619049,9.765089285714286,10.72547619047619,
2011-06-27,35.272708333333334,26.071934523809524,13.227931547619049,9.765089285714286,10.72547619047619,
2011-06-28,35.27498509242695,26.06490757304711,13.231917113893859,9.762880143112701,10.728562909958258,
2011-06-29,35.26913690476191,26.05943452380952,13.251145833333334,9.754375,10.72547619047619,
2011-06-30,35.268723911747166,26.04970184853906,13.257856290995827,9.75304114490161,10.73035181872391,
2011-07-01,35.268723911747166,26.04970184853906,13.257856290995827,9.75304114490161,10.73035181872391,
2011-07-02,35.268723911747166,26.04970184853906,13.257856290995827,9.75304114490161,10.73035181872391,
2011-07-03,35.26645833333333,26.049613095238094,13.271681547619048,9.744553571428572,10.72547619047619,
2011-07-04,35.26645833333333,26.049613095238094,13.271681547619048,9.744553571428572,10.72547619047619,
2011-07-05,35.268723911747166,26.042546213476445,13.275745378652356,9.740518783542038,10.728562909958258,
2011-07-06,35.26467261904762,26.037113095238094,13.29311011904762,9.73205357142857,10.72547619047619,
2011-07-07,35.258853238265004,26.037046939988116,13.310412953060013,9.72361853832442,10.720617944147355,
2011-07-08,35.258853238265004,26.037046939988116,13.310412953060013,9.72361853832442,10.720617944147355,
2011-07-09,35.258853238265004,26.037046939988116,13.310412953060013,9.72361853832442,10.720617944147355,
2011-07-10,35.254833926453145,26.038760379596678,13.324095492289443,9.715213523131672,10.715776986951363,
2011-07-11,35.2558229352347,26.03205585264409,13.329842543077838,9.710427807486631,10.717231134878194,
2011-07-12,35.256279761904764,26.023184523809523,13.33578869047619,9.706339285714286,10.722083333333334,
2011-07-13,35.24869281045751,26.019578134284018,13.353015448603685,9.696167557932265,10.720796197266786,
2011-07-14,35.24869281045751,26.019578134284018,13.353015448603685,9.696167557932265,10.720796197266786,
2011-07-15,35.244691577698696,26.02488137603796,13.368401542111506,9.686032028469752,10.71417556346382,
2011-07-16,35.244691577698696,26.02488137603796,13.368401542111506,9.686032028469752,10.71417556346382,
2011-07-17,35.23892835997632,26.026613380698638,13.381956779159266,9.677708703374778,10.711130846654825,
2011-07-18,35.24202253855279,26.01776393831554,13.387974495848162,9.672686832740213,10.71417556346382,
2011-07-19,35.24202253855279,26.01776393831554,13.387974495848162,9.672686832740213,10.71417556346382,
2011-07-20,35.238463819691574,26.00797746144721,13.406657769869515,9.661565836298932,10.71462040332147,
2011-07-21,35.23271166370633,26.007963291888693,13.42192125518058,9.653285968028419,10.709798697454115,
2011-07-22,35.22875295508274,26.009722222222223,13.4389036643026,9.643262411347518,10.704994089834516,
2011-07-23,35.22875295508274,26.009722222222223,13.4389036643026,9.643262411347518,10.704994089834516,
2011-07-24,35.22480825958702,26.011474926253687,13.454056047197641,9.633274336283186,10.701976401179941,
2011-07-25,35.226979905437354,26.004403073286053,13.458407210401893,9.629078014184397,10.704994089834516,
2011-07-26,35.226979905437354,26.004403073286053,13.458407210401893,9.629078014184397,10.704994089834516,
2011-07-27,35.226979905437354,25.991991725768322,13.477910756501183,9.613120567375887,10.708540189125296,
2011-07-28,35.22383066903493,25.984872705743044,13.484088217880403,9.612433392539964,10.713351095322677,
2011-07-29,35.22383066903493,25.984872705743044,13.484088217880403,9.612433392539964,10.713351095322677,
2011-07-30,35.22383066903493,25.984872705743044,13.484088217880403,9.612433392539964,10.713351095322677,
2011-07-31,35.21988770685579,25.988445626477542,13.499187352245864,9.602482269503547,10.708540189125296,
2011-08-01,35.21988770685579,25.988445626477542,13.499187352245864,9.602482269503547,10.708540189125296,
2011-08-02,35.22383066903493,25.981320307874483,13.50362640615749,9.6,10.709798697454115,
2011-08-03,35.2181146572104,25.981353427895982,13.518690898345154,9.588297872340426,10.708540189125296,
2011-08-04,35.212418879056045,25.984926253687316,13.53547197640118,9.578407079646018,10.703746312684366,
2011-08-05,35.212418879056045,25.984926253687316,13.53547197640118,9.578407079646018,10.703746312684366,
2011-08-06,35.212418879056045,25.984926253687316,13.53547197640118,9.578407079646018,10.703746312684366,
2011-08-07,35.208510011778564,25.988486454652534,13.548660188457008,9.570318021201414,10.69896937573616,
2011-08-08,35.208510011778564,25.988486454652534,13.548660188457008,9.570318021201414,10.69896937573616,
2011-08-09,35.21126843657817,25.980678466076697,13.554144542772862,9.565398230088496,10.700914454277285,
2011-08-10,35.20559481743228,25.982479387514726,13.567299764428741,9.553798586572437,10.697909305064782,
2011-08-11,35.20772861356932,25.975368731563425,13.575383480825959,9.551238938053096,10.699144542772862,
2011-08-12,35.20559481743228,25.98071260306243,13.586734393404006,9.54143109540636,10.692608951707891,
2011-08-13,35.20559481743228,25.98071260306243,13.586734393404006,9.54143109540636,10.692608951707891,
2011-08-14,35.20170487948266,25.982510288065846,13.599808935920048,9.531657848324514,10.689623750734862,
2011-08-15,35.20559481743228,25.977179034157835,13.604402237926974,9.529063604240282,10.690842167255594,
2011-08-16,35.20170487948266,25.982510288065846,13.615681951793064,9.520194003527337,10.685214579659023,
2011-08-17,35.19465020576132,25.97369194591417,13.633318636096416,9.509611992945326,10.686978248089359,
2011-08-18,35.1914605418139,25.964811542991757,13.641504711425206,9.508745583038868,10.691725559481743,
2011-08-19,35.189359200470314,25.96663727219283,13.654482657260436,9.50079365079365,10.685214579659023,
2011-08-20,35.189359200470314,25.96663727219283,13.654482657260436,9.50079365079365,10.685214579659023,
2011-08-21,35.18198356807512,25.971977699530516,13.665654342723005,9.492869718309858,10.680487089201877,
2011-08-22,35.18406819517931,25.964873603762495,13.672119341563787,9.49021164021164,10.681687242798354,
2011-08-23,35.18406819517931,25.964873603762495,13.672119341563787,9.49021164021164,10.681687242798354,
2011-08-24,35.17524985302764,25.957818930041153,13.689756025867139,9.481393298059965,10.681687242798354,
2011-08-25,35.17318075117371,25.959653755868544,13.702626173708921,9.47350352112676,10.675205399061033,
2011-08-26,35.17318075117371,25.959653755868544,13.702626173708921,9.47350352112676,10.675205399061033,
2011-08-27,35.17318075117371,25.959653755868544,13.702626173708921,9.47350352112676,10.675205399061033,
2011-08-28,35.167603983596955,25.963239601640307,13.713693614528413,9.465641476274165,10.670503807850029,
2011-08-29,35.16789906103287,25.957893192488264,13.718471244131456,9.46294014084507,10.673444835680751,
2011-08-30,35.16789906103287,25.957893192488264,13.718471244131456,9.46294014084507,10.673444835680751,
2011-08-31,35.16408904510838,25.956209724663154,13.731268306971295,9.455096660808435,10.670503807850029,
2011-09-01,35.160574106619805,25.949179847686,13.750600468658465,9.446309314586994,10.668746338605741,
2011-09-02,35.160574106619805,25.949179847686,13.750600468658465,9.446309314586994,10.668746338605741,
2011-09-03,35.160574106619805,25.949179847686,13.750600468658465,9.446309314586994,10.668746338605741,
2011-09-04,35.15502923976609,25.95277777777778,13.763318713450293,9.436754385964912,10.664064327485379,
2011-09-05,35.15354422964265,25.94742237844171,13.768175161101349,9.435764499121266,10.666988869361452,
2011-09-06,35.15363849765258,25.940287558685448,13.7737529342723,9.43230633802817,10.668867370892018,
2011-09-07,35.14659624413145,25.935005868544604,13.789598004694836,9.42174295774648,10.668867370892018,
2011-09-08,35.14659624413145,25.935005868544604,13.789598004694836,9.42174295774648,10.668867370892018,
2011-09-09,35.14545987111892,25.942149970708847,13.798755125951963,9.41133567662566,10.661540714704158,
2011-09-10,35.14545987111892,25.942149970708847,13.798755125951963,9.41133567662566,10.661540714704158,
2011-09-11,35.14169590643275,25.949269005847956,13.807880116959064,9.401842105263158,10.656871345029238,
2011-09-12,35.141944932630345,25.942149970708847,13.812814879906268,9.40079086115993,10.65978324545987,
2011-09-13,35.141944932630345,25.942149970708847,13.812814879906268,9.40079086115993,10.65978324545987,
2011-09-14,35.1346783625731,25.94751461988304,13.821915204678362,9.391315789473685,10.656871345029238,
2011-09-15,35.13140011716462,25.93863503222027,13.830389572349151,9.392003514938489,10.65978324545987,
2011-09-16,35.12766081871345,25.94576023391813,13.839459064327485,9.384298245614035,10.653362573099415,
2011-09-17,35.12766081871345,25.94576023391813,13.839459064327485,9.384298245614035,10.653362573099415,
2011-09-18,35.12218330414478,25.952860478692354,13.848496789258611,9.374868651488617,10.64871570344425,
2011-09-19,35.1206432748538,25.94576023391813,13.855248538011697,9.373771929824562,10.64985380116959,
2011-09-20,35.1206432748538,25.94576023391813,13.855248538011697,9.373771929824562,10.64985380116959,
2011-09-21,35.11450292397661,25.94137426900585,13.870453216374267,9.361491228070175,10.64985380116959,
2011-09-22,35.11450292397661,25.94137426900585,13.870453216374267,9.361491228070175,10.64985380116959,
2011-09-23,35.11255107997665,25.94848219497957,13.87768534734384,9.352101576182138,10.641710449503794,
2011-09-24,35.11255107997665,25.94848219497957,13.87768534734384,9.352101576182138,10.641710449503794,
2011-09-25,35.108857808857806,25.955565268065268,13.88489219114219,9.342744755244755,10.637092074592074,
2011-09-26,35.106922629435715,25.962623618382782,13.892073880162885,9.333420593368238,10.628999418266433,
2011-09-27,35.10710955710956,25.95731351981352,13.897129953379952,9.332255244755245,10.630099067599067,
2011-09-28,35.099941826643395,25.962623618382782,13.906035485747527,9.319458987783596,10.623763816172191,
2011-09-29,35.099941826643395,25.962623618382782,13.906035485747527,9.319458987783596,10.623763816172191,
2011-09-30,35.099941826643395,25.962623618382782,13.906035485747527,9.319458987783596,10.623763816172191,
2011-10-01,35.099941826643395,25.962623618382782,13.906035485747527,9.319458987783596,10.623763816172191,
2011-10-02,35.0945412311266,25.96617305458769,13.911425667828105,9.310191637630663,10.617450638792102,
2011-10-03,35.09322280395579,25.958522396742293,13.919648051192553,9.307678883071553,10.618179173938335,
2011-10-04,35.09322280395579,25.958522396742293,13.919648051192553,9.307678883071553,10.618179173938335,
2011-10-05,35.08449680046539,25.95328679464805,13.930119255381035,9.29546247818499,10.616433973240255,
2011-10-06,35.075770796974986,25.94979639325189,13.942335660267597,9.28499127399651,10.612943571844095,
2011-10-07,35.075770796974986,25.94979639325189,13.942335660267597,9.28499127399651,10.612943571844095,
2011-10-08,35.075770796974986,25.94979639325189,13.942335660267597,9.28499127399651,10.612943571844095,
2011-10-09,35.068789994182666,25.948051192553812,13.956297265852239,9.269284467713787,10.607707969749853,
2011-10-10,35.065413752913756,25.942715617715617,13.964962121212121,9.268006993006994,10.607022144522144,
2011-10-11,35.065413752913756,25.942715617715617,13.964962121212121,9.268006993006994,10.607022144522144,
2011-10-12,35.05831878999418,25.94456079115765,13.970258871436881,9.258813263525306,10.602472367655613,
2011-10-13,35.05831878999418,25.94456079115765,13.970258871436881,9.258813263525306,10.602472367655613,
2011-10-14,35.05647502903601,25.951626016260164,13.973795005807201,9.249651567944252,10.594454123112659,
2011-10-15,35.05647502903601,25.951626016260164,13.973795005807201,9.249651567944252,10.594454123112659,
2011-10-16,35.051159420289856,25.955188405797102,13.97731884057971,9.240521739130434,10.588202898550724,
2011-10-17,35.051159420289856,25.955188405797102,13.97731884057971,9.240521739130434,10.588202898550724,
2011-10-18,35.047764227642276,25.94988385598142,13.984247967479675,9.239198606271778,10.589227642276422,
2011-10-19,35.037311265969805,25.945092915214868,13.99426538908246,9.228310104529617,10.588792102206735,
2011-10-20,35.037311265969805,25.945092915214868,13.99426538908246,9.228310104529617,10.588792102206735,
2011-10-21,35.037311265969805,25.945092915214868,13.99426538908246,9.228310104529617,10.588792102206735,
2011-10-22,35.037311265969805,25.945092915214868,13.99426538908246,9.228310104529617,10.588792102206735,
2011-10-23,35.032028985507246,25.948666666666668,13.997753623188405,9.217478260869566,10.58255072463768,
2011-10-24,35.026811594202904,25.946927536231886,14.008188405797101,9.20704347826087,10.577333333333332,
2011-10-25,35.026811594202904,25.946927536231886,14.008188405797101,9.20704347826087,10.577333333333332,
2011-10-26,35.019820601851855,25.948755787037037,14.011646412037036,9.196267361111111,10.572858796296295,
2011-10-27,35.018115942028984,25.939971014492755,14.016884057971014,9.194869565217392,10.577333333333332,
2011-10-28,35.015480324074076,25.949623842592594,14.018590856481481,9.18498263888889,10.570254629629629,
2011-10-29,35.015480324074076,25.949623842592594,14.018590856481481,9.18498263888889,10.570254629629629,
2011-10-30,35.00678798382438,25.95317735413056,14.023757943385325,9.174263431542462,10.56580011554015,
2011-10-31,35.00679976851852,25.947887731481483,14.029007523148147,9.17109375,10.566782407407407,
2011-11-01,35.00385507246377,25.94110144927536,14.03636231884058,9.168347826086956,10.569246376811595,
2011-11-02,34.998640046296295,25.944675925925925,14.039771412037036,9.15763888888889,10.56478587962963,
2011-11-03,34.99169560185185,25.942939814814814,14.050188078703703,9.150694444444445,10.559577546296296,
2011-11-04,34.99169560185185,25.942939814814814,14.050188078703703,9.150694444444445,10.559577546296296,
2011-11-05,34.993420289855074,25.935884057971013,14.055492753623188,9.147478260869566,10.558811594202899,
2011-11-06,34.98822337962963,25.941203703703703,14.057132523148148,9.138541666666667,10.554369212962962,
2011-11-07,34.988202898550725,25.935884057971013,14.062449275362319,9.13704347826087,10.55359420289855,
2011-11-08,34.988202898550725,25.935884057971013,14.062449275362319,9.13704347826087,10.55359420289855,
2011-11-09,34.98475115740741,25.939467592592592,14.064076967592591,9.12638888888889,10.54916087962963,
2011-11-10,34.982985507246376,25.93414492753623,14.071144927536231,9.124869565217391,10.548376811594203,
2011-11-11,34.98127893518519,25.941203703703703,14.07622974537037,9.115972222222222,10.542216435185185,
2011-11-12,34.98127893518519,25.941203703703703,14.07622974537037,9.115972222222222,10.542216435185185,
2011-11-13,34.97784517619873,25.948238012709417,14.077830733679953,9.107105719237435,10.537810514153668,
2011-11-14,34.97954282407407,25.941203703703703,14.083174189814814,9.105555555555556,10.537008101851852,
2011-11-15,34.97954282407407,25.941203703703703,14.083174189814814,9.105555555555556,10.537008101851852,
2011-11-16,34.9761120739457,25.94477180820335,14.086496244945117,9.095407279029462,10.533477758521085,
2011-11-17,34.96912615740741,25.93599537037037,14.097063078703703,9.097309027777778,10.536140046296296,
2011-11-18,34.96912615740741,25.93599537037037,14.097063078703703,9.097309027777778,10.536140046296296,
2011-11-19,34.96912615740741,25.93599537037037,14.097063078703703,9.097309027777778,10.536140046296296,
2011-11-20,34.9657134604275,25.94303870595032,14.10036106296938,9.086741767764298,10.531744656268053,
2011-11-21,34.9657134604275,25.94303870595032,14.10036106296938,9.086741767764298,10.531744656268053,
2011-11-22,34.967390046296295,25.93773148148148,14.105743634259259,9.08515625,10.529195601851852,
2011-11-23,34.96565393518519,25.929050925925925,14.110951967592591,9.074739583333333,10.52745949074074,
2011-11-24,34.96398035817447,25.93264009243212,14.115958983246678,9.06421143847487,10.523079145002889,
2011-11-25,34.964042675893886,25.939677047289504,14.117488465974624,9.054584775086505,10.516118800461362,
2011-11-26,34.964042675893886,25.939677047289504,14.117488465974624,9.054584775086505,10.516118800461362,
2011-11-27,34.96237766263673,25.94496257915947,14.119012665515255,9.04412780656304,10.511773172135866,
2011-11-28,34.96058246828143,25.94140715109573,14.127869088811995,9.042474048442907,10.509198385236447,
2011-11-29,34.9605141536684,25.935759676487578,14.13450317735413,9.03994800693241,10.50956094742923,
2011-11-30,34.9553148469093,25.928827267475445,14.143168688619294,9.029549393414213,10.50956094742923,
2011-12-01,34.95539215686274,25.9358708189158,14.146381199538638,9.019117647058824,10.503489042675893,
2011-12-02,34.95539215686274,25.9358708189158,14.146381199538638,9.019117647058824,10.503489042675893,
2011-12-03,34.95539215686274,25.9358708189158,14.146381199538638,9.019117647058824,10.503489042675893,
2011-12-04,34.95374208405297,25.93943580886586,14.14785549798503,9.008721934369603,10.49916522740357,
2011-12-05,34.95193194925029,25.9358708189158,14.155031718569779,9.007006920415225,10.494838523644752,
2011-12-06,34.95193194925029,25.9358708189158,14.155031718569779,9.007006920415225,10.494838523644752,
2011-12-07,34.952014968336215,25.935981577432354,14.15821819228555,8.996632124352331,10.492256764536556,
2011-12-08,34.94674163783161,25.92722029988466,14.168872549019609,8.996626297577855,10.493108419838522,
2011-12-09,34.94674163783161,25.92722029988466,14.168872549019609,8.996626297577855,10.493108419838522,
2011-12-10,34.941450028885036,25.921894858463315,14.176097631426922,8.996620450606587,10.493963027151935,
2011-12-11,34.937983824378975,25.92362796071635,14.183030040439052,8.984488734835356,10.487030618139803,
2011-12-12,34.936140046296295,25.921759259259257,14.190292245370369,8.982725694444445,10.480931712962963,
2011-12-13,34.934517619872906,25.928827267475445,14.192562102830733,8.973223570190642,10.474898902368572,
2011-12-14,34.93463091118801,25.932410611303343,14.192228950403692,8.962889273356401,10.470617070357555,
2011-12-15,34.93463091118801,25.932410611303343,14.192228950403692,8.962889273356401,10.470617070357555,
2011-12-16,34.93301669545193,25.941162924582613,14.197078295912494,8.954317789291883,10.462895797351756,
2011-12-17,34.93301669545193,25.941162924582613,14.197078295912494,8.954317789291883,10.462895797351756,
2011-12-18,34.931408045977015,25.94816091954023,14.19846264367816,8.944051724137932,10.456925287356322,
2011-12-19,34.931408045977015,25.94816091954023,14.19846264367816,8.944051724137932,10.456925287356322,
2011-12-20,34.929562464018424,25.948071387449623,14.205713874496258,8.942227979274612,10.450805987334485,
2011-12-21,34.92438111686816,25.948071387449623,14.212622337363271,8.928411053540588,10.443897524467472,
2011-12-22,34.92438111686816,25.948071387449623,14.212622337363271,8.928411053540588,10.443897524467472,
2011-12-23,34.92623563218391,25.955057471264368,14.215704022988506,8.918189655172414,10.436235632183907,
2011-12-24,34.92623563218391,25.955057471264368,14.215704022988506,8.918189655172414,10.436235632183907,
2011-12-25,34.92636259323007,25.96201950659782,14.217053930005738,8.908003442340792,10.430321285140561,
2011-12-26,34.92636259323007,25.96201950659782,14.217053930005738,8.908003442340792,10.430321285140561,
2011-12-27,34.924511494252876,25.96022988505747,14.224324712643678,8.906120689655173,10.425890804597701,
2011-12-28,34.91933908045977,25.96022988505747,14.229497126436781,8.895775862068966,10.420718390804597,
2011-12-29,34.91933908045977,25.96022988505747,14.229497126436781,8.895775862068966,10.420718390804597,
2011-12-30,34.91933908045977,25.96022988505747,14.229497126436781,8.895775862068966,10.420718390804597,
2011-12-31,34.91933908045977,25.96022988505747,14.229497126436781,8.895775862068966,10.420718390804597,
2012-01-01,34.91933908045977,25.96022988505747,14.229497126436781,8.895775862068966,10.420718390804597,
2012-01-02,34.9157455382844,25.956188831318364,14.23732009211284,8.894905008635579,10.417127230857801,
2012-01-03,34.91386966551327,25.954382929642446,14.246381199538641,8.892993079584777,10.410928489042675,
2012-01-04,34.91401842256764,25.956188831318364,14.245955670696606,8.882815198618308,10.406764536557283,
2012-01-05,34.90538284398388,25.95791594703512,14.25977259643063,8.870725388601038,10.39985607369027,
2012-01-06,34.90538284398388,25.95791594703512,14.25977259643063,8.870725388601038,10.39985607369027,
2012-01-07,34.90538284398388,25.95791594703512,14.25977259643063,8.870725388601038,10.39985607369027,
2012-01-08,34.90554597701149,25.96316091954023,14.26277298850575,8.860603448275864,10.393994252873563,
2012-01-09,34.90554597701149,25.96316091954023,14.26277298850575,8.860603448275864,10.393994252873563,
2012-01-10,34.90192861255038,25.961370178468623,14.270135290731147,8.86036269430052,10.389493379389751,
2012-01-11,34.90382183908046,25.961436781609194,14.273117816091956,8.848534482758621,10.383649425287356,
2012-01-12,34.90382183908046,25.961436781609194,14.273117816091956,8.848534482758621,10.383649425287356,
2012-01-13,34.90570854847963,25.970109007458404,14.274368904188183,8.840189328743547,10.376104417670682,
2012-01-14,34.90570854847963,25.970109007458404,14.274368904188183,8.840189328743547,10.376104417670682,
2012-01-15,34.89882386689616,25.973551348250144,14.2846959265634,8.829862306368332,10.369219736087205,
2012-01-16,34.89882386689616,25.973551348250144,14.2846959265634,8.829862306368332,10.369219736087205,
2012-01-17,34.89520114942529,25.971781609195403,14.29380747126437,8.827844827586208,10.364683908045977,
2012-01-18,34.890028735632185,25.97005747126437,14.300704022988509,8.8175,10.357787356321838,
2012-01-19,34.89193918531268,25.975272518646012,14.301907630522091,8.807487091222033,10.352008032128513,
2012-01-20,34.89193918531268,25.975272518646012,14.301907630522091,8.807487091222033,10.352008032128513,
2012-01-21,34.89193918531268,25.975272518646012,14.301907630522091,8.807487091222033,10.352008032128513,
2012-01-22,34.89212485681558,25.980469644902634,14.30310710194731,8.797508591065293,10.346248568155785,
2012-01-23,34.89212485681558,25.980469644902634,14.30310710194731,8.797508591065293,10.346248568155785,
2012-01-24,34.89021801491681,25.98043602983362,14.310513482501436,8.795438898450948,10.341681009753298,
2012-01-25,34.89126575028637,25.983906071019472,14.312986827033221,8.786340206185567,10.33593928980527,
2012-01-26,34.88782932416953,25.985624284077893,14.321577892325317,8.774312714776633,10.330784650630012,
2012-01-27,34.88973699256718,25.992510005717552,14.324456832475702,8.764408233276159,10.32507146941109,
2012-01-28,34.88973699256718,25.992510005717552,14.324456832475702,8.764408233276159,10.32507146941109,
2012-01-29,34.888213470319634,25.997659817351597,14.325613584474889,8.754537671232878,10.319377853881278,
2012-01-30,34.884934248141796,25.99576901086335,14.332518582046884,8.751543739279589,10.318038879359634,
2012-01-31,34.88301832760596,25.994043528064147,14.339962772050402,8.749398625429555,10.313430698739976,
2012-02-01,34.884934248141796,25.99576901086335,14.341094911377931,8.739536878216125,10.309462550028586,
2012-02-02,34.87807318467696,25.99576901086335,14.353101772441395,8.72924528301887,10.306032018296168,
2012-02-03,34.87807318467696,25.99576901086335,14.353101772441395,8.72924528301887,10.306032018296168,
2012-02-04,34.87807318467696,25.99576901086335,14.353101772441395,8.72924528301887,10.306032018296168,
2012-02-05,34.87828196347032,25.999200913242007,14.352497146118722,8.71943493150685,10.300371004566209,
2012-02-06,34.876357918810754,25.99576901086335,14.361678101772442,8.715523156089194,10.297455688965123,
2012-02-07,34.876357918810754,25.99576901086335,14.361678101772442,8.715523156089194,10.297455688965123,
2012-02-08,34.88170662100457,25.997488584474883,14.359346461187215,8.705736301369864,10.293521689497716,
2012-02-09,34.88170662100457,25.997488584474883,14.359346461187215,8.705736301369864,10.293521689497716,
2012-02-10,34.885327635327634,26.002621082621083,14.358732193732195,8.695982905982907,10.287891737891737,
2012-02-11,34.885327635327634,26.002621082621083,14.358732193732195,8.695982905982907,10.287891737891737,
2012-02-12,34.88722980659841,26.004323094425484,14.358120022753129,8.686262798634813,10.283987485779294,
2012-02-13,34.885327635327634,25.99920227920228,14.367279202279203,8.684017094017095,10.28105413105413,
2012-02-14,34.885327635327634,25.99920227920228,14.367279202279203,8.684017094017095,10.28105413105413,
2012-02-15,34.885327635327634,25.994074074074074,14.37411680911681,8.672051282051283,10.277635327635327,
2012-02-16,34.885327635327634,25.994074074074074,14.37411680911681,8.672051282051283,10.277635327635327,
2012-02-17,34.88722980659841,25.999203640500568,14.37689135381115,8.662372013651877,10.272042093287826,
2012-02-18,34.88722980659841,25.999203640500568,14.37689135381115,8.662372013651877,10.272042093287826,
2012-02-19,34.887421919364,26.002612152186256,14.376249290176037,8.652725724020444,10.266467915956841,
2012-02-20,34.88381683731513,25.999203640500568,14.38542377701934,8.652133105802049,10.263509670079635,
2012-02-21,34.88381683731513,25.999203640500568,14.38542377701934,8.652133105802049,10.263509670079635,
2012-02-22,34.880403868031856,25.99835039817975,14.392676336746304,8.642320819112628,10.25967007963595,
2012-02-23,34.885718341851224,25.998353208404314,14.393710959682,8.632708688245316,10.25411697898921,
2012-02-24,34.885718341851224,25.998353208404314,14.393710959682,8.632708688245316,10.25411697898921,
2012-02-25,34.885718341851224,25.998353208404314,14.393710959682,8.632708688245316,10.25411697898921,
2012-02-26,34.8859126984127,26.000056689342404,14.394742063492064,8.62312925170068,10.250283446712016,
2012-02-27,34.88231118682567,25.998353208404314,14.402228847245883,8.620783645655878,10.247302668938103,
2012-02-28,34.88231118682567,25.998353208404314,14.402228847245883,8.620783645655878,10.247302668938103,
2012-02-29,34.88761337868481,25.998356009070292,14.4015447845805,8.61122448979592,10.243480725623582,
2012-03-01,34.882511337868486,25.996655328798184,14.410048185941044,8.602721088435375,10.238378684807255,
2012-03-02,34.882511337868486,25.996655328798184,14.410048185941044,8.602721088435375,10.238378684807255,
2012-03-03,34.882511337868486,25.996655328798184,14.410048185941044,8.602721088435375,10.238378684807255,
2012-03-04,34.88271080928127,26.000056593095643,14.409352009054896,8.593208828522922,10.232880588568193,
2012-03-05,34.877409297052154,25.996655328798184,14.41685090702948,8.592517006802723,10.23157596371882,
2012-03-06,34.872089721749006,25.995286768881318,14.425056785917093,8.588756388415673,10.229755820556502,
2012-03-07,34.86868256672346,25.99358319136854,14.4318710959682,8.576831345826236,10.22634866553095,
2012-03-08,34.86868256672346,25.99358319136854,14.4318710959682,8.576831345826236,10.22634866553095,
2012-03-09,34.87060657596372,26.000396825396827,14.431136621315192,8.567346938775511,10.220861678004535,
2012-03-10,34.87060657596372,26.000396825396827,14.431136621315192,8.567346938775511,10.220861678004535,
2012-03-11,34.87252405206565,26.003791737408037,14.430404640633842,8.557894736842107,10.215393322014714,
2012-03-12,34.86890589569161,26.000396825396827,14.438789682539682,8.555442176870748,10.213208616780046,
2012-03-13,34.86890589569161,26.000396825396827,14.438789682539682,8.555442176870748,10.213208616780046,
2012-03-14,34.87082625919638,26.000396151669495,14.439742501414827,8.546010186757217,10.21114883984154,
2012-03-15,34.87082625919638,26.000396151669495,14.439742501414827,8.546010186757217,10.21114883984154,
2012-03-16,34.87443502824859,26.00717514124294,14.437302259887005,8.536610169491526,10.205706214689267,
2012-03-17,34.87443502824859,26.00717514124294,14.437302259887005,8.536610169491526,10.205706214689267,
2012-03-18,34.871045197740116,26.00717514124294,14.442387005649717,8.52813559322034,10.198926553672317,
2012-03-19,34.871045197740116,26.00717514124294,14.442387005649717,8.52813559322034,10.198926553672317,
2012-03-20,34.871045197740116,26.00717514124294,14.442387005649717,8.52813559322034,10.198926553672317,
2012-03-21,34.86341807909605,26.008870056497177,14.451709039548023,8.520084745762713,10.193841807909605,
2012-03-22,34.8566384180791,26.003785310734465,14.461878531073447,8.515,10.19045197740113,
2012-03-23,34.8566384180791,26.003785310734465,14.461878531073447,8.515,10.19045197740113,
2012-03-24,34.8566384180791,26.003785310734465,14.461878531073447,8.515,10.19045197740113,
2012-03-25,34.8568809926678,26.007163000564017,14.462789058093627,8.50736040609137,10.185053581500283,
2012-03-26,34.8568809926678,26.007163000564017,14.462789058093627,8.50736040609137,10.185053581500283,
2012-03-27,34.853496897913146,26.008855047941342,14.47124929498026,8.498900169204738,10.178285391990975,
2012-03-28,34.85543355855856,26.00884009009009,14.470453265765766,8.491300675675676,10.176295045045045,
2012-03-29,34.85543355855856,26.00884009009009,14.470453265765766,8.491300675675676,10.176295045045045,
2012-03-30,34.85736368746487,26.013884204609333,14.469659921304103,8.48204047217538,10.170938729623384,
2012-03-31,34.85736368746487,26.013884204609333,14.469659921304103,8.48204047217538,10.170938729623384,
2012-04-01,34.858445566778904,26.0138608305275,14.467185746352413,8.4736531986532,10.167283950617284,
2012-04-02,34.852557616638556,26.01211354693648,14.47471894322653,8.471922428330524,10.165458122540754,
2012-04-03,34.85448933782267,26.017143658810323,14.47391975308642,8.46439393939394,10.1584455667789,
2012-04-04,34.84438832772166,26.01546015712682,14.480653759820425,8.457659932659933,10.153395061728395,
2012-04-05,34.835694210230464,26.007054525014052,14.491582349634626,8.460118043844858,10.155340078695897,
2012-04-06,34.835694210230464,26.007054525014052,14.491582349634626,8.460118043844858,10.155340078695897,
2012-04-07,34.835694210230464,26.007054525014052,14.491582349634626,8.460118043844858,10.155340078695897,
2012-04-08,34.83765432098765,26.007042648709312,14.489071268237934,8.452609427609428,10.150028058361391,
2012-04-09,34.83260381593715,26.00030864197531,14.492438271604938,8.44587542087542,10.144977553310888,
2012-04-10,34.83260381593715,26.00030864197531,14.492438271604938,8.44587542087542,10.144977553310888,
2012-04-11,34.83288515406162,26.003669467787113,14.489929971988795,8.43840336134454,10.1396918767507,
2012-04-12,34.83288515406162,26.003669467787113,14.489929971988795,8.43840336134454,10.1396918767507,
2012-04-13,34.833165548098435,26.00534116331096,14.489107941834451,8.429278523489934,10.132746085011187,
2012-04-14,34.833165548098435,26.00534116331096,14.489107941834451,8.429278523489934,10.132746085011187,
2012-04-15,34.833445002791734,26.00533221663875,14.484938581797879,8.421859296482413,10.12749860413177,
2012-04-16,34.82758235622557,26.001982132886653,14.491638749302066,8.414321608040202,10.122473478503629,
2012-04-17,34.82758235622557,26.001982132886653,14.491638749302066,8.414321608040202,10.122473478503629,
2012-04-18,34.818788386376326,25.99611948632049,14.5000139586823,8.408040201005026,10.117448352875488,
2012-04-19,34.818788386376326,25.99611948632049,14.5000139586823,8.408040201005026,10.117448352875488,
2012-04-20,34.818788386376326,25.99611948632049,14.5000139586823,8.408040201005026,10.117448352875488,
2012-04-21,34.818788386376326,25.99611948632049,14.5000139586823,8.408040201005026,10.117448352875488,
2012-04-22,34.81741917502787,25.997798216276475,14.497505574136008,8.40066889632107,10.112235228539577,
2012-04-23,34.81407469342252,25.991109253065773,14.506424191750277,8.391192865105909,10.105546265328874,
2012-04-24,34.81407469342252,25.991109253065773,14.506424191750277,8.391192865105909,10.105546265328874,
2012-04-25,34.814385086254866,25.987785197551474,14.50223984418475,8.385531441291041,10.100361713967724,
2012-04-26,34.80571348940914,25.98107580824972,14.513113154960978,8.387848383500558,10.100529542920848,
2012-04-27,34.80603784084585,25.986115748469672,14.512256538675569,8.37885364496383,10.093683917640512,
2012-04-28,34.80603784084585,25.986115748469672,14.512256538675569,8.37885364496383,10.093683917640512,
2012-04-29,34.80636111111111,25.98613888888889,14.509736111111108,8.373222222222223,10.088527777777777,
2012-04-30,34.80636111111111,25.98613888888889,14.509736111111108,8.373222222222223,10.088527777777777,
2012-05-01,34.80386111111111,25.98397222222222,14.515402777777778,8.362388888888889,10.082611111111111,
2012-05-02,34.79552777777778,25.975638888888888,14.520402777777777,8.355722222222223,10.080944444444444,
2012-05-03,34.794204104270655,25.979007210205214,14.519536882972822,8.348474764281752,10.074154187465336,
2012-05-04,34.794204104270655,25.979007210205214,14.519536882972822,8.348474764281752,10.074154187465336,
2012-05-05,34.79219444444444,25.975638888888888,14.527069444444445,8.345722222222223,10.070944444444445,
2012-05-06,34.79087631724903,25.977343316694398,14.52452856350527,8.340155296727676,10.065834719911258,
2012-05-07,34.79087631724903,25.977343316694398,14.52452856350527,8.340155296727676,10.065834719911258,
2012-05-08,34.78886111111111,25.973972222222223,14.532069444444444,8.337388888888889,10.062611111111112,
2012-05-09,34.78976705490848,25.97512479201331,14.531738768718803,8.331281198003328,10.05640599001664,
2012-05-10,34.78108333333333,25.966749999999998,14.540958333333334,8.335166666666668,10.058166666666667,
2012-05-11,34.78108333333333,25.966749999999998,14.540958333333334,8.335166666666668,10.058166666666667,
2012-05-12,34.77978369384359,25.96846921797005,14.538394342762064,8.327953410981698,10.053078202995009,
2012-05-13,34.77978369384359,25.96846921797005,14.538394342762064,8.327953410981698,10.053078202995009,
2012-05-14,34.77441666666666,25.96425,14.546791666666667,8.326833333333333,10.050666666666668,
2012-05-15,34.77368275097061,25.96763727121464,14.545327232390461,8.321297836938436,10.043926788685525,
2012-05-16,34.77405869324474,25.974335548172757,14.542760243632337,8.314119601328905,10.035548172757476,
2012-05-17,34.77405869324474,25.974335548172757,14.542760243632337,8.314119601328905,10.035548172757476,
2012-05-18,34.771116639027085,25.981011608623547,14.540201768933112,8.308623548922057,10.027197346600333,
2012-05-19,34.771116639027085,25.981011608623547,14.540201768933112,8.308623548922057,10.027197346600333,
2012-05-20,34.77149558498896,25.98269867549669,14.535996136865343,8.30314569536424,10.020529801324503,
2012-05-21,34.76779988944168,25.981011608623547,14.54351851851852,8.30033167495854,10.017247097844114,
2012-05-22,34.76487306843267,25.990976821192053,14.542618653421634,8.293211920529801,10.010596026490067,
2012-05-23,34.753559602649005,25.990976821192053,14.549793046357617,8.287417218543046,10.002041942604857,
2012-05-24,34.74900826446281,25.997603305785123,14.545578512396695,8.283636363636365,9.995426997245179,
2012-05-25,34.74859735973597,26.004207920792076,14.543853135313533,8.277392739273928,9.988008800880088,
2012-05-26,34.74859735973597,26.004207920792076,14.543853135313533,8.277392739273928,9.988008800880088,
2012-05-27,34.74859735973597,26.004207920792076,14.543853135313533,8.277392739273928,9.988008800880088,
2012-05-28,34.743223140495864,25.999256198347105,14.553016528925621,8.277851239669422,9.984683195592288,
2012-05-29,34.74034653465346,26.007508250825083,14.55210396039604,8.272442244224424,9.976457645764578,
2012-05-30,34.73583196046128,26.009143327841844,14.549546952224054,8.267051070840198,9.969906644700714,
2012-05-31,34.72714521452145,26.003382838283827,14.559529702970298,8.266666666666667,9.970682068206822,
2012-06-01,34.72714521452145,26.003382838283827,14.559529702970298,8.266666666666667,9.970682068206822,
2012-06-02,34.72714521452145,26.003382838283827,14.559529702970298,8.266666666666667,9.970682068206822,
2012-06-03,34.72429983525535,26.00831960461285,14.55531301482702,8.261285008237232,9.964140582097748,
2012-06-04,34.71897689768977,26.004207920792076,14.563242574257426,8.25891089108911,9.962761276127614,
2012-06-05,34.717243272926964,26.011339923119166,14.562314662273478,8.252992861065348,9.954036243822076,
2012-06-06,34.71606359649123,26.017900219298244,14.559745065789475,8.24764254385965,9.945888157894737,
2012-06-07,34.71065348709501,26.014634816035144,14.567257001647448,8.244755628775398,9.944151565074137,
2012-06-08,34.71065348709501,26.014634816035144,14.567257001647448,8.244755628775398,9.944151565074137,
2012-06-09,34.71065348709501,26.014634816035144,14.567257001647448,8.244755628775398,9.944151565074137,
2012-06-10,34.7061951754386,26.021189692982457,14.564679276315792,8.239418859649122,9.937664473684212,
2012-06-11,34.7061951754386,26.021189692982457,14.564679276315792,8.239418859649122,9.937664473684212,
2012-06-12,34.70667761357417,26.02936507936508,14.562110016420363,8.234099616858238,9.929556650246306,
2012-06-13,34.70224043715847,26.030956284153007,14.561188524590165,8.22879781420765,9.924754098360657,
2012-06-14,34.70224043715847,26.030956284153007,14.561188524590165,8.22879781420765,9.924754098360657,
2012-06-15,34.70109110747409,26.040725586470266,14.558633387888708,8.223513366066557,9.91669394435352,
2012-06-16,34.70109110747409,26.040725586470266,14.558633387888708,8.223513366066557,9.91669394435352,
2012-06-17,34.69831154684096,26.045561002178648,14.554452614379086,8.219880174291939,9.911928104575164,
2012-06-18,34.69831154684096,26.045561002178648,14.554452614379086,8.219880174291939,9.911928104575164,
2012-06-19,34.69880369766177,26.053643284393694,14.553548123980425,8.21462751495378,9.903915171288745,
2012-06-20,34.69685124864278,26.055998914223668,14.55305374592834,8.209799131378936,9.89755700325733,
2012-06-21,34.69685124864278,26.055998914223668,14.55305374592834,8.209799131378936,9.89755700325733,
2012-06-22,34.695718157181574,26.06159891598916,14.551341463414635,8.204579945799457,9.89040650406504,
2012-06-23,34.695718157181574,26.06159891598916,14.551341463414635,8.204579945799457,9.89040650406504,
2012-06-24,34.69458874458875,26.067992424242423,14.548823051948053,8.199377705627706,9.88409090909091,
2012-06-25,34.688095238095244,26.072862554112554,14.556939935064936,8.191260822510822,9.875974025974026,
2012-06-26,34.68433604336044,26.071355013550136,14.565975609756098,8.186693766937669,9.874146341463415,
2012-06-27,34.676205962059626,26.06647696476965,14.57247967479675,8.178563685636856,9.87089430894309,
2012-06-28,34.664277958740506,26.060070575461456,14.584812703583063,8.180483170466884,9.872312703583063,
2012-06-29,34.664277958740506,26.060070575461456,14.584812703583063,8.180483170466884,9.872312703583063,
2012-06-30,34.664277958740506,26.060070575461456,14.584812703583063,8.180483170466884,9.872312703583063,
2012-07-01,34.66319783197832,26.06810298102981,14.582235772357725,8.17531165311653,9.866016260162603,
2012-07-02,34.65939196525516,26.06658523344191,14.591327361563518,8.1707111834962,9.86254071661238,
2012-07-03,34.654505971769815,26.068213897937024,14.597842019543975,8.16256786102063,9.852768729641694,
2012-07-04,34.65669376693767,26.06972899728997,14.593617886178864,8.154173441734418,9.848130081300814,
2012-07-05,34.657251082251086,26.076109307359307,14.592654220779222,8.147429653679653,9.843506493506494,
2012-07-06,34.657251082251086,26.076109307359307,14.592654220779222,8.147429653679653,9.843506493506494,
2012-07-07,34.657251082251086,26.076109307359307,14.592654220779222,8.147429653679653,9.843506493506494,
2012-07-08,34.65618584548893,26.080848190167476,14.591693679092383,8.142328471096704,9.837277147487844,
2012-07-09,34.6512987012987,26.076650432900433,14.599526515151517,8.139258658008657,9.836580086580087,
2012-07-10,34.64642857142857,26.076650432900433,14.609266774891777,8.129518398268397,9.828463203463205,
2012-07-11,34.641558441558445,26.070156926406927,14.615760281385283,8.121401515151515,9.823593073593075,
2012-07-12,34.641558441558445,26.070156926406927,14.615760281385283,8.121401515151515,9.823593073593075,
2012-07-13,34.64376012965965,26.076526202052946,14.613141545110752,8.114721772015127,9.817396002160995,
2012-07-14,34.64376012965965,26.076526202052946,14.613141545110752,8.114721772015127,9.817396002160995,
2012-07-15,34.64271844660194,26.08125674217907,14.610531283710896,8.109681769147787,9.812837108953614,
2012-07-16,34.640518638573745,26.074905456509995,14.618003781739601,8.106618044300378,9.810913019989195,
2012-07-17,34.63565640194489,26.078146947595894,14.627728254997301,8.098514316585629,9.801188546731497,
2012-07-18,34.6378640776699,26.078829557713053,14.625903451995686,8.093500539374325,9.795037756202806,
2012-07-19,34.6378640776699,26.078829557713053,14.625903451995686,8.093500539374325,9.795037756202806,
2012-07-20,34.6378640776699,26.086920172599786,14.632375943905071,8.082173678532902,9.782092772384036,
2012-07-21,34.6378640776699,26.086920172599786,14.632375943905071,8.082173678532902,9.782092772384036,
2012-07-22,34.638449111470116,26.091626278944535,14.629738826063544,8.077194399569198,9.775982767905225,
2012-07-23,34.6378640776699,26.085302049622438,14.638848435814456,8.07408306364617,9.770765911542611,
2012-07-24,34.638449111470116,26.091087775982768,14.638354873451807,8.068578352180937,9.764674205708133,
2012-07-25,34.635218093699514,26.08624124932687,14.643201400107703,8.060500807754442,9.758212170166937,
2012-07-26,34.62491909385113,26.079908306364615,14.655569039913702,8.062216828478965,9.757820927723841,
2012-07-27,34.62491909385113,26.079908306364615,14.655569039913702,8.062216828478965,9.757820927723841,
2012-07-28,34.62491909385113,26.079908306364615,14.655569039913702,8.062216828478965,9.757820927723841,
2012-07-29,34.62714054927302,26.084625740441574,14.651278944534198,8.055654281098546,9.75336564351104,
2012-07-30,34.62653721682848,26.079908306364615,14.660423408845741,8.052508090614886,9.748112189859764,
2012-07-31,34.62431118314425,26.078417071853053,14.669597514856836,8.04935170178282,9.742841707185306,
2012-08-01,34.62653721682848,26.08071736785329,14.666086839266454,8.044417475728155,9.736785329018339,
2012-08-02,34.62714054927302,26.08866451265482,14.666626278944536,8.037883683360258,9.730748519116856,
2012-08-03,34.62714054927302,26.08866451265482,14.666626278944536,8.037883683360258,9.730748519116856,
2012-08-04,34.62714054927302,26.08866451265482,14.666626278944536,8.037883683360258,9.730748519116856,
2012-08-05,34.62935483870968,26.093360215053764,14.663938172043013,8.032983870967742,9.726344086021506,
2012-08-06,34.62778675282714,26.09011847065159,14.67260366182014,8.028298330640817,9.722778675282715,
2012-08-07,34.629402261712436,26.091733979536887,14.679065697361336,8.021836295099623,9.711470113085623,
2012-08-08,34.63161290322581,26.091586021505375,14.676357526881722,8.016962365591397,9.705483870967743,
2012-08-09,34.62778675282714,26.08688745288099,14.685527732902532,8.013758750673128,9.70177705977383,
2012-08-10,34.62778675282714,26.08688745288099,14.685527732902532,8.013758750673128,9.70177705977383,
2012-08-11,34.62778675282714,26.08688745288099,14.685527732902532,8.013758750673128,9.70177705977383,
2012-08-12,34.629999999999995,26.08997311827957,14.684422043010754,8.00728494623656,9.697419354838711,
2012-08-13,34.62778675282714,26.088502961766288,14.691989768443728,8.004065697361336,9.692084006462036,
2012-08-14,34.62617124394184,26.091733979536887,14.700067312870221,7.994372644049542,9.682390953150243,
2012-08-15,34.62838709677419,26.091586021505375,14.697325268817204,7.987930107526881,9.678064516129034,
2012-08-16,34.61970920840064,26.085271943995693,14.709760366182016,7.987910608508346,9.675928917609047,
2012-08-17,34.61647819063005,26.085271943995693,14.71622240172321,7.9814485729671505,9.666235864297255,
2012-08-18,34.614239482200645,26.083791801510248,14.72547195253506,7.978182308522114,9.659223300970874,
2012-08-19,34.61486268174475,26.088502961766288,14.722684437264405,7.973371028540656,9.654927302100162,
2012-08-20,34.61100323624595,26.085409924487593,14.731944444444446,7.971709816612729,9.64789644012945,
2012-08-21,34.60776699029126,26.091882416396977,14.740035059331177,7.962001078748651,9.63495145631068,
2012-08-22,34.60210355987055,26.091073354908307,14.746507551240562,7.9575512405609485,9.62686084142395,
2012-08-23,34.60436187399031,26.094157242864835,14.743686052773292,7.952773290253096,9.621001615508886,
2012-08-24,34.608225806451614,26.098844086021504,14.739260752688173,7.948010752688171,9.61516129032258,
2012-08-25,34.608225806451614,26.098844086021504,14.739260752688173,7.948010752688171,9.61516129032258,
2012-08-26,34.61046698872786,26.101905528717122,14.738070316693506,7.941653247450349,9.610950080515298,
2012-08-27,34.6066129032258,26.10045698924731,14.745712365591398,7.939946236559139,9.605483870967744,
2012-08-28,34.60177419354839,26.11013440860215,14.752163978494625,7.9302688172043005,9.592580645161291,
2012-08-29,34.608856682769726,26.10995705850778,14.747732152442298,7.925550187869028,9.58840579710145,
2012-08-30,34.600161290322575,26.10529569892473,14.757002688172044,7.925430107526881,9.587741935483871,
2012-08-31,34.600161290322575,26.10529569892473,14.757002688172044,7.925430107526881,9.587741935483871,
2012-09-01,34.600161290322575,26.10529569892473,14.757002688172044,7.925430107526881,9.587741935483871,
2012-09-02,34.602415458937195,26.10834675254965,14.754173376274826,7.920719269994632,9.583574879227054,
2012-09-03,34.59935483870967,26.1105376344086,14.761115591397852,7.915913978494624,9.577903225806452,
2012-09-04,34.59774193548387,26.116989247311828,14.767567204301077,7.906236559139785,9.565,
2012-09-05,34.59935483870967,26.11537634408602,14.77079301075269,7.898172043010753,9.556935483870967,
2012-09-06,34.603220611916264,26.12163177670424,14.767941492216858,7.891894793344069,9.551207729468599,
2012-09-07,34.603220611916264,26.12163177670424,14.767941492216858,7.891894793344069,9.551207729468599,
2012-09-08,34.603220611916264,26.12163177670424,14.767941492216858,7.891894793344069,9.551207729468599,
2012-09-09,34.60546623794212,26.12465166130761,14.766706859592714,7.885637727759915,9.547106109324758,
2012-09-10,34.60546623794212,26.12465166130761,14.766706859592714,7.885637727759915,9.547106109324758,
2012-09-11,34.60466237942122,26.131886387995714,14.771530010718116,7.8751875669882105,9.534244372990354,
2012-09-12,34.61171749598716,26.13167469234885,14.768686463349388,7.868967362225789,9.531781701444624,
2012-09-13,34.60627009646302,26.12867095391211,14.777960878885319,7.863933547695606,9.527813504823152,
2012-09-14,34.60850722311396,26.134884965222042,14.775107009095775,7.857731407169609,9.52215088282504,
2012-09-15,34.60850722311396,26.134884965222042,14.775107009095775,7.857731407169609,9.52215088282504,
2012-09-16,34.613942307692305,26.1346688034188,14.773864850427353,7.8515491452991455,9.518108974358976,
2012-09-17,34.613942307692305,26.1346688034188,14.773864850427353,7.8515491452991455,9.518108974358976,
2012-09-18,34.61011235955056,26.13729266987694,14.780724986623866,7.84649545211343,9.51171749598716,
2012-09-19,34.61171749598716,26.13729266987694,14.782330123060463,7.838469769930445,9.505296950240771,
2012-09-20,34.606902086677366,26.138897806313537,14.788750668806852,7.830444087747459,9.498876404494382,
2012-09-21,34.61233974358974,26.138675213675214,14.785884081196583,7.82590811965812,9.493269230769231,
2012-09-22,34.61233974358974,26.138675213675214,14.785884081196583,7.82590811965812,9.493269230769231,
2012-09-23,34.61616,26.140053333333334,14.78302666666667,7.821386666666667,9.49088,
2012-09-24,34.613942307692305,26.138675213675214,14.790691773504276,7.816292735042735,9.48525641025641,
2012-09-25,34.610737179487174,26.148290598290597,14.797102029914532,7.806677350427351,9.474038461538461,
2012-09-26,34.61296,26.151253333333333,14.794226666666669,7.801786666666667,9.47048,
2012-09-27,34.61296,26.151253333333333,14.794226666666669,7.801786666666667,9.47048,
2012-09-28,34.617571884984024,26.156602768903088,14.790561767838128,7.795713525026624,9.465734824281151,
2012-09-29,34.617571884984024,26.156602768903088,14.790561767838128,7.795713525026624,9.465734824281151,
2012-09-30,34.621371610845294,26.157947900053163,14.787706007442852,7.791254651780967,9.463397129186603,
2012-10-01,34.617571884984024,26.158200212992543,14.795354100106499,7.78772630457934,9.457747603833866,
2012-10-02,34.614376996805106,26.1653887113951,14.800945154419598,7.776544195953142,9.447364217252396,
2012-10-03,34.614376996805106,26.1653887113951,14.800945154419598,7.776544195953142,9.447364217252396,
2012-10-04,34.61277955271565,26.171778487752928,14.804140042598512,7.770154419595315,9.44097444089457,
2012-10-05,34.61277955271565,26.171778487752928,14.804140042598512,7.770154419595315,9.44097444089457,
2012-10-06,34.61277955271565,26.171778487752928,14.804140042598512,7.770154419595315,9.44097444089457,
2012-10-07,34.61658692185008,26.174694311536417,14.79966772993089,7.7657363104731525,9.438676236044657,
2012-10-08,34.61373801916933,26.173695420660277,14.806376464323751,7.760569755058573,9.435063897763579,
2012-10-09,34.610543130990415,26.180617678381257,14.807973908413208,7.752582534611289,9.42601171458999,
2012-10-10,34.61275917065391,26.186709197235512,14.803495481127062,7.746597554492292,9.422142477405636,
2012-10-11,34.615948963317386,26.193088782562466,14.8050903774588,7.737028176501861,9.412573099415205,
2012-10-12,34.615948963317386,26.193088782562466,14.8050903774588,7.737028176501861,9.412573099415205,
2012-10-13,34.615948963317386,26.193088782562466,14.8050903774588,7.737028176501861,9.412573099415205,
2012-10-14,34.62133757961784,26.199150743099786,14.799031316348197,7.731077494692145,9.410323779193206,
2012-10-15,34.619745222929936,26.208704883227174,14.801419851380045,7.721523354564756,9.399973460721869,
2012-10-16,34.619745222929936,26.208704883227174,14.801419851380045,7.721523354564756,9.399973460721869,
2012-10-17,34.618550955414015,26.21348195329087,14.80540074309979,7.712367303609342,9.392011677282378,
2012-10-18,34.618550955414015,26.21348195329087,14.80540074309979,7.712367303609342,9.392011677282378,
2012-10-19,34.618550955414015,26.21348195329087,14.80540074309979,7.712367303609342,9.392011677282378,
2012-10-20,34.618550955414015,26.21348195329087,14.80540074309979,7.712367303609342,9.392011677282378,
2012-10-21,34.623926868044514,26.217912029676732,14.800940646528884,7.70646528881823,9.388208797032327,
2012-10-22,34.62332802547771,26.216666666666665,14.808585456475585,7.701220806794056,9.38245753715499,
2012-10-23,34.62014331210191,26.23099787685775,14.81336252653928,7.690074309978769,9.371311040339704,
2012-10-24,34.62551669316375,26.232220455749864,14.808889772125069,7.682617912029677,9.37072072072072,
2012-10-25,34.62233704292528,26.232220455749864,14.813659247482779,7.676258611552729,9.36595124536301,
2012-10-26,34.62849206349207,26.237407407407407,14.810780423280425,7.670423280423281,9.361402116402116,
2012-10-27,34.62849206349207,26.237407407407407,14.810780423280425,7.670423280423281,9.361402116402116,
2012-10-28,34.633835182250394,26.241785525620706,14.806325937665084,7.664606444796619,9.359244585314316,
2012-10-29,34.633835182250394,26.241785525620706,14.806325937665084,7.664606444796619,9.359244585314316,
2012-10-30,34.63674062334918,26.24838880084522,14.81055203380877,7.652192287374539,9.351056524035922,
2012-10-31,34.63674062334918,26.24838880084522,14.81055203380877,7.652192287374539,9.351056524035922,
2012-11-01,34.63457671957672,26.25037037037037,14.815013227513228,7.646878306878308,9.346851851851852,
2012-11-02,34.63457671957672,26.25037037037037,14.815013227513228,7.646878306878308,9.346851851851852,
2012-11-03,34.63457671957672,26.25037037037037,14.815013227513228,7.646878306878308,9.346851851851852,
2012-11-04,34.63991019545695,26.25472794506075,14.812136819862653,7.641098784997359,9.344717379820391,
2012-11-05,34.638386243386236,26.2557671957672,14.819219576719577,7.63473544973545,9.33978835978836,
2012-11-06,34.64473544973544,26.263703703703705,14.825568783068784,7.622037037037037,9.325502645502645,
2012-11-07,34.64632275132275,26.265291005291008,14.83191798941799,7.607751322751323,9.317566137566137,
2012-11-08,34.65480718436344,26.271209720021133,14.830599577390386,7.602033808769149,9.312308505018489,
2012-11-09,34.65480718436344,26.271209720021133,14.830599577390386,7.602033808769149,9.312308505018489,
2012-11-10,34.65480718436344,26.271209720021133,14.830599577390386,7.602033808769149,9.312308505018489,
2012-11-11,34.66010021097046,26.277109704641354,14.826120780590717,7.596334388185654,9.308649789029536,
2012-11-12,34.66114632857897,26.277548864236664,14.833769149498151,7.59094030639197,9.30121500264131,
2012-11-13,34.66590068674062,26.288642366613843,14.838523507659799,7.5798468040147915,9.288536714210249,
2012-11-14,34.67275843881856,26.28818565400844,14.837196729957807,7.574182489451476,9.286497890295358,
2012-11-15,34.66431590068674,26.290227152667725,14.84486265187533,7.571922873745377,9.2837823560486,
2012-11-16,34.671176160337545,26.296097046413504,14.841943565400845,7.566271097046413,9.278586497890295,
2012-11-17,34.671176160337545,26.296097046413504,14.841943565400845,7.566271097046413,9.278586497890295,
2012-11-18,34.67801474460242,26.298788836229598,14.839033701948395,7.560637177461822,9.274986835176408,
2012-11-19,34.68275408109531,26.305107951553452,14.845352817272248,7.547998946814112,9.263928383359662,
2012-11-20,34.680669831223625,26.315084388185657,14.849854957805908,7.539372362869198,9.254852320675106,
2012-11-21,34.68502109704641,26.322204641350215,14.853415084388185,7.525131856540084,9.24417194092827,
2012-11-22,34.68867825171142,26.32169562927857,14.855226434965772,7.519562927856766,9.242206424433913,
2012-11-23,34.695478443743426,26.32592008412198,14.855454784437434,7.514011566771819,9.237092534174552,
2012-11-24,34.695478443743426,26.32592008412198,14.855454784437434,7.514011566771819,9.237092534174552,
2012-11-25,34.70068241469816,26.330131233595804,14.855682414698164,7.508477690288713,9.233569553805774,
2012-11-26,34.70068241469816,26.330131233595804,14.855682414698164,7.508477690288713,9.233569553805774,
2012-11-27,34.70383202099737,26.341154855643047,14.861981627296588,7.493517060367454,9.220971128608923,
2012-11-28,34.70744234800838,26.34061844863732,14.863770964360587,7.488024109014675,9.219051362683437,
2012-11-29,34.70304461942257,26.342729658792653,14.870643044619422,7.48249343832021,9.214671916010499,
2012-11-30,34.70822851153039,26.34690775681342,14.869274109014675,7.477017819706499,9.211189727463312,
2012-12-01,34.70822851153039,26.34690775681342,14.869274109014675,7.477017819706499,9.211189727463312,
2012-12-02,34.71339612768184,26.349502878074308,14.8679094714809,7.471559392987964,9.209288330716902,
2012-12-03,34.71339612768184,26.349502878074308,14.8679094714809,7.471559392987964,9.209288330716902,
2012-12-04,34.71339612768184,26.358922030350605,14.874973835688122,7.4597854526425955,9.197514390371532,
2012-12-05,34.71698014629049,26.35835945663532,14.876737199582028,7.454362591431557,9.194070010449321,
2012-12-06,34.72368283776734,26.364058424621806,14.875365153886282,7.448956703182055,9.190636411058946,
2012-12-07,34.72368283776734,26.364058424621806,14.875365153886282,7.448956703182055,9.190636411058946,
2012-12-08,34.72368283776734,26.364058424621806,14.875365153886282,7.448956703182055,9.190636411058946,
2012-12-09,34.73192708333333,26.366614583333337,14.873997395833333,7.443567708333333,9.187213541666667,
2012-12-10,34.73229003651539,26.36828377673448,14.881077203964528,7.435732916014606,9.180620761606678,
2012-12-11,34.733854981742304,26.379238393322897,14.888901930099113,7.421648408972353,9.16810119979134,
2012-12-12,34.73895833333333,26.380208333333332,14.887513020833333,7.416302083333333,9.166276041666666,
2012-12-13,34.73541992696922,26.385498174230566,14.892031820552948,7.410693792383933,9.161841418883673,
2012-12-14,34.74364583333333,26.391145833333333,14.889075520833334,7.405364583333333,9.158463541666666,
2012-12-15,34.74364583333333,26.391145833333333,14.889075520833334,7.405364583333333,9.158463541666666,
2012-12-16,34.75184607384295,26.393655746229847,14.887688507540302,7.400052002080083,9.155096203848155,
2012-12-17,34.76002076843198,26.397715472481824,14.886305815160956,7.394755970924195,9.15173935617861,
2012-12-18,34.761578400830736,26.405503634475597,14.890978712357217,7.3822949117341645,9.14161474558671,
2012-12-19,34.76430425752855,26.410955347871234,14.895651609553479,7.371002076843198,9.132658359293874,
2012-12-20,34.76430425752855,26.410955347871234,14.895651609553479,7.371002076843198,9.132658359293874,
2012-12-21,34.77244686365992,26.41653706583722,14.892703473302229,7.3657594608605494,9.129341627786419,
2012-12-22,34.77244686365992,26.41653706583722,14.892703473302229,7.3657594608605494,9.129341627786419,
2012-12-23,34.78056418219461,26.418995859213247,14.889764492753622,7.360533126293996,9.127587991718427,
2012-12-24,34.778667703473296,26.42120269569725,14.89736910316226,7.354872991187143,9.120010368066357,
2012-12-25,34.77676531671858,26.428089304257526,14.904997403946002,7.346079958463136,9.113966770508828,
2012-12-26,34.786443753240015,26.42897874546397,14.90203473302229,7.3408761016070505,9.112234318299638,
2012-12-27,34.781438213914846,26.431204569055033,14.908891484942886,7.335955347871236,9.10773624091381,
2012-12-28,34.781438213914846,26.431204569055033,14.908891484942886,7.335955347871236,9.10773624091381,
2012-12-29,34.781438213914846,26.431204569055033,14.908891484942886,7.335955347871236,9.10773624091381,
2012-12-30,34.781438213914846,26.431204569055033,14.908891484942886,7.335955347871236,9.10773624091381,
2012-12-31,34.78265730629225,26.430317212688507,14.91654966198648,7.328679147165887,9.101664066562662,
2013-01-01,34.78075520833333,26.43567708333333,14.924231770833334,7.319817708333334,9.095572916666667,
2013-01-02,34.78075520833333,26.43567708333333,14.924231770833334,7.319817708333334,9.095572916666667,
2013-01-03,34.78075520833333,26.43567708333333,14.924231770833334,7.319817708333334,9.095572916666667,
2013-01-04,34.79045761830473,26.439677587103482,14.919669786791472,7.314638585543422,9.090743629745191,
2013-01-05,34.79045761830473,26.439677587103482,14.919669786791472,7.314638585543422,9.090743629745191,
2013-01-06,34.798572170301135,26.440550363447556,14.91823727933541,7.30947559709242,9.089044652128765,
2013-01-07,34.80277777777778,26.442419522326063,14.92431204569055,7.297949117341641,9.081256490134995,
2013-01-08,34.79934997399896,26.447009880395214,14.931214248569942,7.291393655746231,9.074362974518982,
2013-01-09,34.81027041081643,26.443889755590224,14.93589443577743,7.277353094123765,9.07124284971399,
2013-01-10,34.819911734164066,26.44631360332295,14.93443665628245,7.272248182762202,9.066458982346834,
2013-01-11,34.83107827890098,26.448729911871435,14.931428201140486,7.26715914981856,9.061689994815968,
2013-01-12,34.83107827890098,26.448729911871435,14.931428201140486,7.26715914981856,9.061689994815968,
2013-01-13,34.840657349896475,26.448033126293996,14.92998188405797,7.260533126293996,9.060041407867494,
2013-01-14,34.840657349896475,26.448033126293996,14.92998188405797,7.260533126293996,9.060041407867494,
2013-01-15,34.84453933747412,26.455020703933748,14.93774585921325,7.248110766045549,9.049948240165632,
2013-01-16,34.8571834625323,26.449664082687338,14.936291989664081,7.2415245478036185,9.048320413436693,
2013-01-17,34.8571834625323,26.449664082687338,14.936291989664081,7.2415245478036185,9.048320413436693,
2013-01-18,34.868240454076364,26.44896800825593,14.93329463364293,7.236506707946337,9.04514963880289,
2013-01-19,34.868240454076364,26.44896800825593,14.93329463364293,7.236506707946337,9.04514963880289,
2013-01-20,34.88080886141164,26.44672849046883,14.930306543019062,7.231504379185988,9.04198866563627,
2013-01-21,34.88080886141164,26.44672849046883,14.930306543019062,7.231504379185988,9.04198866563627,
2013-01-22,34.88776403915507,26.452138073158164,14.936488923235444,7.219912416280269,9.0311695002576,
2013-01-23,34.8947192168985,26.45445646573931,14.941125708397733,7.20832045337455,9.021123132405977,
2013-01-24,34.9056841563786,26.455298353909463,14.939673353909464,7.2033693415637865,9.016460905349795,
2013-01-25,34.91507447354905,26.459219311761682,14.936684643040575,7.198433487416539,9.011813045711351,
2013-01-26,34.91507447354905,26.459219311761682,14.936684643040575,7.198433487416539,9.011813045711351,
2013-01-27,34.92443589743589,26.460051282051282,14.933705128205128,7.193512820512821,9.00871794871795,
2013-01-28,34.92443589743589,26.460051282051282,14.933705128205128,7.193512820512821,9.00871794871795,
2013-01-29,34.930846153846154,26.46825641025641,14.939858974358973,7.183512820512822,8.996410256410257,
2013-01-30,34.93863287250384,26.466001024065537,14.93995135688684,7.178622631848439,8.994879672299028,
2013-01-31,34.93863287250384,26.46907322068612,14.947631848438299,7.1709421402969795,8.987199180747568,
2013-02-01,34.93863287250384,26.46907322068612,14.947631848438299,7.1709421402969795,8.987199180747568,
2013-02-02,34.93863287250384,26.46907322068612,14.947631848438299,7.1709421402969795,8.987199180747568,
2013-02-03,34.94792944785276,26.46988752556237,14.946178425357873,7.16607873210634,8.984151329243355,
2013-02-04,34.95391104294479,26.473721881390592,14.95461400817996,7.154882413087935,8.973415132924336,
2013-02-05,34.95153609831029,26.48059395801331,14.961456733230927,7.146671786994368,8.965693804403482,
2013-02-06,34.96081288343559,26.478323108384455,14.961515848670755,7.141845603271984,8.962678936605318,
2013-02-07,34.96388036809816,26.484458077709608,14.969184560327198,7.129575664621678,8.951942740286299,
2013-02-08,34.96388036809816,26.484458077709608,14.969184560327198,7.129575664621678,8.951942740286299,
2013-02-09,34.96388036809816,26.484458077709608,14.969184560327198,7.129575664621678,8.951942740286299,
2013-02-10,34.96694785276074,26.49059304703476,14.975319529652351,7.11730572597137,8.94274028629857,
2013-02-11,34.96694785276074,26.49059304703476,14.975319529652351,7.11730572597137,8.94274028629857,
2013-02-12,34.97078220858896,26.50132924335378,14.982221370143149,7.1050357873210634,8.930470347648262,
2013-02-13,34.983078101071975,26.49903011740684,14.980717202654414,7.098749361919347,8.927514037774376,
2013-02-14,34.983078101071975,26.49903011740684,14.980717202654414,7.098749361919347,8.927514037774376,
2013-02-15,34.990749235474006,26.499796126401627,14.982275739041793,7.094011213047911,8.924566768603466,
2013-02-16,34.990749235474006,26.499796126401627,14.982275739041793,7.094011213047911,8.924566768603466,
2013-02-17,34.999923664122136,26.500559796437656,14.982302798982188,7.089287531806616,8.920101781170484,
2013-02-18,34.998394495412846,26.502854230377164,14.988391946992863,7.083307849133537,8.912334352701325,
2013-02-19,35.002981651376146,26.514067278287463,14.996037206931701,7.071075433231397,8.900101936799185,
2013-02-20,35.010626911314986,26.51330275229358,15.00368246687054,7.0611365953109075,8.890545361875638,
2013-02-21,35.01824427480916,26.51557251908397,15.003676844783714,7.057989821882952,8.886132315521628,
2013-02-22,35.025838414634144,26.520884146341466,15.002146849593496,7.053328252032521,8.881732723577237,
2013-02-23,35.025838414634144,26.520884146341466,15.002146849593496,7.053328252032521,8.881732723577237,
2013-02-24,35.03493150684932,26.521613394216136,15.000621511922882,7.048680872653476,8.87886859462202,
2013-02-25,35.032444105691056,26.523932926829268,15.009260670731708,7.042149390243903,8.871570121951219,
2013-02-26,35.03854166666667,26.526981707317074,15.01688262195122,7.031478658536586,8.863948170731707,
2013-02-27,35.04463922764228,26.525457317073172,15.026028963414635,7.020807926829269,8.856326219512194,
2013-02-28,35.04616361788618,26.526981707317074,15.03517530487805,7.0131859756097565,8.848704268292684,
2013-03-01,35.04616361788618,26.526981707317074,15.03517530487805,7.0131859756097565,8.848704268292684,
2013-03-02,35.04616361788618,26.526981707317074,15.03517530487805,7.0131859756097565,8.848704268292684,
2013-03-03,35.053703703703704,26.52770167427702,15.035121765601218,7.010121765601219,8.845890410958905,
2013-03-04,35.06274062816616,26.526899696048634,15.035068389057752,7.007066869300913,8.84308510638298,
2013-03-05,35.060705225773724,26.527904616945715,15.04359462201928,7.000837138508372,8.83701166920345,
2013-03-06,35.068211752786226,26.52558257345492,15.043528368794325,6.996276595744681,8.835739614994935,
2013-03-07,35.07277102330294,26.52558257345492,15.054166666666667,6.9841185410334345,8.828140830800406,
2013-03-08,35.08176530096105,26.52781992918564,15.052567020738492,6.97959028831563,8.825366717248357,
2013-03-09,35.08176530096105,26.52781992918564,15.052567020738492,6.97959028831563,8.825366717248357,
2013-03-10,35.08921717171717,26.528535353535357,15.052487373737373,6.975075757575758,8.824116161616162,
2013-03-11,35.08783510369246,26.530096105209918,15.060912999494183,6.96896813353566,8.817779463834093,
2013-03-12,35.09390490642388,26.533131006575623,15.071535154274152,6.959863429438544,8.80563985837127,
2013-03-13,35.10133838383839,26.529292929292932,15.07294191919192,6.9553787878787885,8.804419191919193,
2013-03-14,35.108749369641956,26.52697932425618,15.07585728693898,6.952420574886536,8.801689359556228,
2013-03-15,35.108749369641956,26.52697932425618,15.07585728693898,6.952420574886536,8.801689359556228,
2013-03-16,35.108749369641956,26.52697932425618,15.07585728693898,6.952420574886536,8.801689359556228,
2013-03-17,35.1146273917422,26.529204431017124,15.077253272910372,6.947960725075529,8.800478348439073,
2013-03-18,35.1146273917422,26.529204431017124,15.077253272910372,6.947960725075529,8.800478348439073,
2013-03-19,35.12142497482377,26.529959718026188,15.08782729103726,6.9381419939577045,8.79065961732125,
2013-03-20,35.128600201409874,26.53033736153072,15.0942472306143,6.927567975830816,8.783862034239679,
2013-03-21,35.128600201409874,26.53033736153072,15.0942472306143,6.927567975830816,8.783862034239679,
2013-03-22,35.13519356460533,26.531799899446963,15.094105077928607,6.9242835595776775,8.781548516842635,
2013-03-23,35.13519356460533,26.531799899446963,15.094105077928607,6.9242835595776775,8.781548516842635,
2013-03-24,35.14252008032129,26.532505020080325,15.093963353413654,6.921385542168675,8.77886546184739,
2013-03-25,35.14832080200502,26.53320802005013,15.092318295739348,6.918496240601504,8.777694235588973,
2013-03-26,35.16035087719298,26.52944862155389,15.098333333333333,6.906466165413534,8.770175438596493,
2013-03-27,35.16035087719298,26.52944862155389,15.098333333333333,6.906466165413534,8.770175438596493,
2013-03-28,35.16185463659148,26.533959899749377,15.108859649122806,6.89593984962406,8.764160401002506,
2013-03-29,35.16185463659148,26.533959899749377,15.108859649122806,6.89593984962406,8.764160401002506,
2013-03-30,35.16185463659148,26.533959899749377,15.108859649122806,6.89593984962406,8.764160401002506,
2013-03-31,35.16761761761762,26.533158158158162,15.108696196196195,6.893093093093094,8.761511511511513,
2013-04-01,35.16761761761762,26.533158158158162,15.108696196196195,6.893093093093094,8.761511511511513,
2013-04-02,35.168872180451125,26.535964912280704,15.116378446115288,6.884411027568922,8.755137844611529,
2013-04-03,35.17612612612613,26.532157157157158,15.116203703703704,6.881581581581582,8.754004004004004,
2013-04-04,35.184857571214394,26.532858570714644,15.114530234882558,6.877261369315342,8.752873563218392,
2013-04-05,35.184857571214394,26.532858570714644,15.114530234882558,6.877261369315342,8.752873563218392,
2013-04-06,35.184857571214394,26.532858570714644,15.114530234882558,6.877261369315342,8.752873563218392,
2013-04-07,35.19056886227545,26.532060878243517,15.11435878243513,6.874451097804391,8.751746506986029,
2013-04-08,35.19010494752624,26.533158420789608,15.12157671164418,6.866466766616692,8.745977011494253,
2013-04-09,35.195102448775614,26.53465767116442,15.13107196401799,6.855472263868067,8.736981509245377,
2013-04-10,35.203792415169666,26.529366267465072,15.12937874251497,6.854191616766467,8.737375249500998,
2013-04-11,35.199600199900054,26.531659170414795,15.138568215892052,6.847976011994003,8.733983008495752,
2013-04-12,35.20978043912176,26.53236027944112,15.1376122754491,6.8437125748503,8.73063872255489,
2013-04-13,35.20978043912176,26.53236027944112,15.1376122754491,6.8437125748503,8.73063872255489,
2013-04-14,35.21843547583458,26.531564524165425,15.135911808669656,6.840956651718984,8.72954658694569,
2013-04-15,35.22175648702595,26.53236027944112,15.142103293413173,6.833233532934132,8.72315369261477,
2013-04-16,35.22774451097805,26.53435628742515,15.151584331337325,6.821756487025948,8.713672654690619,3.0
2013-04-17,35.23525161933234,26.532062780269058,15.151357747882411,6.819033383158944,8.711858495266567,3.0
2013-04-18,35.23525161933234,26.532062780269058,15.151357747882411,6.819033383158944,8.711858495266567,3.0
2013-04-19,35.23525161933234,26.532062780269058,15.151357747882411,6.819033383158944,8.711858495266567,3.0
2013-04-20,35.23525161933234,26.532062780269058,15.151357747882411,6.819033383158944,8.711858495266567,3.0
2013-04-21,35.24161691542289,26.531641791044777,15.149639303482587,6.815945273631841,8.708930348258708,3.333333333333333
2013-04-22,35.24572776949827,26.53084947839046,15.149416294088425,6.813238946845504,8.704893194237457,3.888888888888889
2013-04-23,35.24460199004975,26.531641791044777,15.16157960199005,6.805497512437811,8.698482587064676,3.888888888888889
2013-04-24,35.25430348258707,26.528656716417913,15.166803482587065,6.795796019900497,8.68952736318408,3.4166666666666665
2013-04-25,35.24720976581963,26.530941704035875,15.176021425012456,6.789511709018435,8.68756851021425,3.4166666666666665
2013-04-26,35.25430348258707,26.532388059701493,15.17426616915423,6.785348258706468,8.684303482587065,3.333333333333333
2013-04-27,35.25430348258707,26.532388059701493,15.17426616915423,6.785348258706468,8.684303482587065,3.333333333333333
2013-04-28,35.26137605563835,26.533084947839047,15.172516145057129,6.781197218082464,8.681793343268753,3.1111111111111107
2013-04-29,35.26545138888889,26.53229166666667,15.17374751984127,6.778546626984127,8.679290674603175,3.095238095238095
2013-04-30,35.2643566815698,26.535320417287632,15.182948335817189,6.770019870839543,8.672851465474416,3.095238095238095
2013-05-01,35.269915674603176,26.530059523809523,15.181187996031746,6.767385912698413,8.671850198412699,3.083333333333333
2013-05-02,35.27437996031746,26.531547619047622,15.187140376984127,6.756969246031746,8.662921626984128,3.074074074074074
2013-05-03,35.279172857850426,26.530757800891532,15.186862308073303,6.755101535413571,8.658964834076276,3.1166666666666663
2013-05-04,35.279172857850426,26.530757800891532,15.186862308073303,6.755101535413571,8.658964834076276,3.1166666666666663
2013-05-05,35.28172601384768,26.53145400593472,15.18658506429278,6.752497527200791,8.656503461918893,3.015151515151515
2013-05-06,35.28172601384768,26.53145400593472,15.18658506429278,6.752497527200791,8.656503461918893,3.015151515151515
2013-05-07,35.28464391691395,26.53214638971315,15.1936078140455,6.741518298714145,8.648936696340257,3.013888888888889
2013-05-08,35.28655274888559,26.534422981674094,15.201324913323427,6.732218920257554,8.64247152055473,3.013888888888889
2013-05-09,35.28102678571429,26.536706349206344,15.20906498015873,6.725868055555556,8.640451388888888,3.013888888888889
2013-05-10,35.28803863298663,26.537394749876174,15.207268449727588,6.7233036156513135,8.63652798415057,3.0128205128205128
2013-05-11,35.28803863298663,26.537394749876174,15.207268449727588,6.7233036156513135,8.63652798415057,3.0128205128205128
2013-05-12,35.29206231454006,26.536597428288818,15.206960929772503,6.7192631058358065,8.635583580613254,2.9404761904761902
2013-05-13,35.29459259259259,26.53728395061728,15.206654320987655,6.715234567901235,8.63316049382716,2.944444444444444
2013-05-14,35.29354599406528,26.5417903066271,15.212895647873394,6.707393669634026,8.626681503461919,2.944444444444444
2013-05-15,35.30051851851852,26.53654320987654,15.2110987654321,6.703382716049384,8.627234567901235,2.8854166666666665
2013-05-16,35.307470414201184,26.534270216962522,15.209307199211045,6.699383629191322,8.62482741617357,2.892156862745098
2013-05-17,35.31292466765141,26.53532742491383,15.207151649433778,6.695396356474643,8.622427375677006,2.898148148148148
2013-05-18,35.31292466765141,26.53532742491383,15.207151649433778,6.695396356474643,8.622427375677006,2.898148148148148
2013-05-19,35.31836283185841,26.534537856440508,15.206846116027533,6.691420845624386,8.62003441494592,2.9035087719298245
2013-05-20,35.31836283185841,26.534537856440508,15.206846116027533,6.691420845624386,8.62003441494592,2.9035087719298245
2013-05-21,35.31735598227475,26.538281634662724,15.213798621368785,6.682840965041852,8.614303298867553,2.9035087719298245
2013-05-22,35.32031019202363,26.54234367306745,15.215275726243231,6.672501230920729,8.607656326932545,2.9145833333333333
2013-05-23,35.32031019202363,26.54234367306745,15.215275726243231,6.672501230920729,8.607656326932545,2.9145833333333333
2013-05-24,35.32868731563422,26.54301868239921,15.213483284169126,6.668559488692233,8.603810226155359,2.871031746031746
2013-05-25,35.32868731563422,26.54301868239921,15.213483284169126,6.668559488692233,8.603810226155359,2.871031746031746
2013-05-26,35.33556701030928,26.543691703485514,15.210223367697594,6.664629356897398,8.60144820814924,2.831439393939394
2013-05-27,35.34145802650958,26.543691703485514,15.214641629847815,6.652847324496809,8.592611683848798,2.8387681159420293
2013-05-28,35.344403534609725,26.545164457535588,15.219059891998036,6.64106529209622,8.588193421698577,2.845486111111111
2013-05-29,35.344403534609725,26.545164457535588,15.219059891998036,6.64106529209622,8.588193421698577,2.845486111111111
2013-05-30,35.34122418879056,26.548180924287117,15.226020157325467,6.633161258603737,8.584636184857423,2.845486111111111
2013-05-31,35.351030927835055,26.5473735886107,15.224214531173294,6.629283259695631,8.580829651448209,2.851666666666667
2013-06-01,35.35639705882353,26.546568627450977,15.222414215686275,6.625416666666667,8.578504901960784,2.8958333333333335
2013-06-02,35.36321585903084,26.545766030347526,15.220619187469408,6.623029858051885,8.576186979931473,2.8626543209876547
2013-06-03,35.36080882352942,26.549509803921566,15.228296568627451,6.613651960784314,8.572622549019608,2.8626543209876547
2013-06-04,35.363799019607846,26.55299019607843,15.23481617647059,6.601740196078431,8.563553921568626,2.867559523809524
2013-06-05,35.3720753793441,26.549241311796376,15.23153450807636,6.597919725893294,8.562726382770435,2.8721264367816093
2013-06-06,35.37794909446892,26.553646598139988,15.235939794419972,6.586172295643661,8.555384238864415,2.876388888888889
2013-06-07,35.38765884652982,26.55576735092864,15.232661290322582,6.582380254154447,8.55163734115347,2.8803763440860215
2013-06-08,35.38765884652982,26.55576735092864,15.232661290322582,6.582380254154447,8.55163734115347,2.8803763440860215
2013-06-09,35.393523949169115,26.55869990224829,15.237060117302054,6.570650048875855,8.544305962854349,2.8841145833333335
2013-06-10,35.394101811062164,26.559520313264805,15.243281938325993,6.562677435144396,8.53923152227117,2.8841145833333335
2013-06-11,35.399389051808406,26.55869990224829,15.241458944281527,6.560386119257087,8.53697458455523,2.887626262626263
2013-06-12,35.40612493899464,26.55495363591996,15.238177159590046,6.558101512933138,8.53765251342118,2.8615196078431375
2013-06-13,35.40612493899464,26.55495363591996,15.238177159590046,6.558101512933138,8.53765251342118,2.8615196078431375
2013-06-14,35.414303118908386,26.554142300194933,15.237828947368422,6.554361598440546,8.5354044834308,2.836904761904762
2013-06-15,35.414303118908386,26.554142300194933,15.237828947368422,6.554361598440546,8.5354044834308,2.836904761904762
2013-06-16,35.42245742092458,26.551873479318733,15.234562043795622,6.552092457420924,8.534622871046228,2.8136574074074074
2013-06-17,35.42245742092458,26.551873479318733,15.234562043795622,6.552092457420924,8.534622871046228,2.8136574074074074
2013-06-18,35.430587949465504,26.54961127308066,15.232762390670555,6.5498299319727895,8.533843537414965,2.791666666666667
2013-06-19,35.43651140223193,26.546627850557982,15.232059679767104,6.547573993207181,8.531974769529354,2.7905701754385968
2013-06-20,35.43651140223193,26.546627850557982,15.232059679767104,6.547573993207181,8.531974769529354,2.7905701754385968
2013-06-21,35.44459786821706,26.544379844961238,15.23026889534884,6.545324612403101,8.529748062015504,2.7905701754385968
2013-06-22,35.44459786821706,26.544379844961238,15.23026889534884,6.545324612403101,8.529748062015504,2.7905701754385968
2013-06-23,35.45266086115143,26.542138364779873,15.228483309143687,6.54163038219642,8.528979196903725,2.7702991452991452
2013-06-24,35.457801932367154,26.54135265700483,15.229601449275364,6.537946859903382,8.526763285024154,2.7510416666666666
2013-06-25,35.4562893081761,26.545041122399613,15.23646589259797,6.52929366231253,8.523173681664247,2.7510416666666666
2013-06-26,35.46209482341558,26.539235607160133,15.243722786647316,6.517682631833575,8.520270924044508,2.7327235772357725
2013-06-27,35.455499031007754,26.54001937984496,15.254251453488374,6.511167635658915,8.518120155038758,2.7327235772357725
2013-06-28,35.46499758103532,26.539235607160133,15.250979680696663,6.50752298016449,8.515191098209966,2.739087301587302
2013-06-29,35.46499758103532,26.539235607160133,15.250979680696663,6.50752298016449,8.515191098209966,2.739087301587302
2013-06-30,35.4730193236715,26.537004830917873,15.247717391304349,6.505338164251208,8.512995169082124,2.7218992248062017
2013-07-01,35.47957067052581,26.534780511336226,15.24735890014472,6.501712493970092,8.510805595754944,2.7282196969696972
2013-07-02,35.478816425120776,26.536280193236713,15.255688405797104,6.493019323671498,8.50647342995169,2.7282196969696972
2013-07-03,35.48680656054028,26.529715388326096,15.253871201157745,6.490858658948384,8.507187650747708,2.712037037037037
2013-07-04,35.49621868978806,26.527504816955684,15.252059248554914,6.4872591522158,8.505009633911367,2.712037037037037
2013-07-05,35.49621868978806,26.527504816955684,15.252059248554914,6.4872591522158,8.505009633911367,2.712037037037037
2013-07-06,35.49621868978806,26.527504816955684,15.252059248554914,6.4872591522158,8.505009633911367,2.712037037037037
2013-07-07,35.50560365560366,26.526743626743627,15.247366522366525,6.483670033670034,8.504280904280904,2.6965579710144927
2013-07-08,35.50560365560366,26.526743626743627,15.247366522366525,6.483670033670034,8.504280904280904,2.6965579710144927
2013-07-09,35.51065416065416,26.528908128908128,15.25313852813853,6.471404521404521,8.497787397787397,2.7030141843971633
2013-07-10,35.51856388088377,26.5223823246878,15.25277377521614,6.469284341978867,8.498511047070124,2.6883680555555554
2013-07-11,35.51786916786917,26.523857623857623,15.258910533910536,6.45986050986051,8.495622895622896,2.6883680555555554
2013-07-12,35.52528818443804,26.522862632084536,15.25589577329491,6.457997118155618,8.49250720461095,2.6981292517006805
2013-07-13,35.52528818443804,26.522862632084536,15.25589577329491,6.457997118155618,8.49250720461095,2.6981292517006805
2013-07-14,35.5331654676259,26.522110311750602,15.25121103117506,6.455899280575538,8.490359712230214,2.664166666666667
2013-07-15,35.533861671469744,26.524375600384246,15.25762487992315,6.445677233429394,8.485662824207491,2.664166666666667
2013-07-16,35.539625360230545,26.529658981748316,15.263868876080691,6.4298270893371745,8.479418828049951,2.6642156862745097
2013-07-17,35.54748201438849,26.524580335731414,15.26205035971223,6.427769784172661,8.47872901678657,2.6514423076923075
2013-07-18,35.54538904899135,26.525336215177713,15.2710734870317,6.416858789625359,8.477977905859749,2.6514423076923075
2013-07-19,35.553237410071944,26.524580335731414,15.267805755395683,6.413381294964028,8.475851318944844,2.6580188679245285
2013-07-20,35.553237410071944,26.524580335731414,15.267805755395683,6.413381294964028,8.475851318944844,2.6580188679245285
2013-07-21,35.559626436781606,26.522389846743295,15.264547413793103,6.412787356321838,8.475167624521072,2.6458333333333335
2013-07-22,35.559626436781606,26.522389846743295,15.264547413793103,6.412787356321838,8.475167624521072,2.6458333333333335
2013-07-23,35.565373563218394,26.52598180076628,15.270294540229886,6.396982758620688,8.468702107279693,2.6522727272727273
2013-07-24,35.57543103448276,26.521671455938694,15.27173132183908,6.381178160919539,8.465828544061303,2.640625
2013-07-25,35.58464849354376,26.519488283118122,15.269906743185079,6.377761836441893,8.463725490196078,2.629385964912281
2013-07-26,35.58464849354376,26.519488283118122,15.269906743185079,6.377761836441893,8.463725490196078,2.629385964912281
2013-07-27,35.58464849354376,26.519488283118122,15.269906743185079,6.377761836441893,8.463725490196078,2.629385964912281
2013-07-28,35.59097421203438,26.517311365807068,15.266654727793696,6.375787965616045,8.463061127029608,2.6357758620689653
2013-07-29,35.594691535150645,26.52092300334768,15.27277618364419,6.361979913916785,8.457986609277857,2.6357758620689653
2013-07-30,35.60186513629842,26.525227164036345,15.279949784791965,6.341893830703012,8.452247728359636,2.641949152542373
2013-07-31,35.60959885386819,26.518744030563514,15.276683381088825,6.33997134670487,8.451599808978031,2.63125
2013-08-01,35.615329512893986,26.52017669531996,15.280981375358166,6.3285100286532945,8.447301814708691,2.63125
2013-08-02,35.62160228898426,26.520863137815926,15.27914878397711,6.326609442060085,8.44523128278493,2.63125
2013-08-03,35.62160228898426,26.520863137815926,15.27914878397711,6.326609442060085,8.44523128278493,2.63125
2013-08-04,35.627857142857145,26.518690476190475,15.275892857142857,6.324714285714284,8.444595238095237,2.6209016393442623
2013-08-05,35.63285714285714,26.51940476190476,15.280178571428571,6.31042857142857,8.441738095238094,2.6108870967741935
2013-08-06,35.63519313304721,26.52587029089175,15.287732474964235,6.2937052932761075,8.436647591797806,2.6108870967741935
2013-08-07,35.645207439198856,26.521578445398188,15.292024320457797,6.277968526466379,8.430925131139723,2.617063492063492
2013-08-08,35.645207439198856,26.521578445398188,15.292024320457797,6.277968526466379,8.430925131139723,2.617063492063492
2013-08-09,35.65428571428571,26.51940476190476,15.28875,6.276142857142856,8.428880952380952,2.617063492063492
2013-08-10,35.65428571428571,26.51940476190476,15.28875,6.276142857142856,8.428880952380952,2.617063492063492
2013-08-11,35.66191155492154,26.51723728007608,15.285485021398003,6.274322396576318,8.428269139324774,2.607421875
2013-08-12,35.662,26.51983333333333,15.291607142857142,6.262142857142857,8.424880952380953,2.607421875
2013-08-13,35.66985714285714,26.52340476190476,15.296607142857143,6.244285714285715,8.419880952380954,2.6134615384615385
2013-08-14,35.67603423680456,26.51837850689491,15.29333095577746,6.242510699001427,8.419281978126486,2.6193181818181817
2013-08-15,35.685042735042735,26.516215574548905,15.288639601139602,6.2407407407407405,8.418684710351377,2.6193181818181817
2013-08-16,35.69260312944523,26.51405879563774,15.285384068278805,6.238975817923186,8.418089141773352,2.6193181818181817
2013-08-17,35.69260312944523,26.51405879563774,15.285384068278805,6.238975817923186,8.418089141773352,2.6193181818181817
2013-08-18,35.69872159090909,26.510487689393937,15.280717329545455,6.238636363636363,8.417495265151516,2.595149253731343
2013-08-19,35.703982930298714,26.51121384542437,15.286806543385492,6.226173541963016,8.41239924134661,2.595149253731343
2013-08-20,35.71251778093883,26.513584637268846,15.291073968705547,6.209577999051684,8.408131816026554,2.591299019607843
2013-08-21,35.723897581792315,26.508250355618777,15.29427453769559,6.194642010431485,8.40457562825984,2.589975845410628
2013-08-22,35.722079772079766,26.51182336182336,15.301816239316238,6.1820987654321,8.40230294396961,2.589975845410628
2013-08-23,35.7302987197724,26.508961593172117,15.297830725462305,6.181128496917972,8.40244191559981,2.5958333333333337
2013-08-24,35.7302987197724,26.508961593172117,15.297830725462305,6.181128496917972,8.40244191559981,2.5958333333333337
2013-08-25,35.736363636363635,26.50681818181818,15.293146306818182,6.179450757575759,8.401870265151516,2.6015258215962445
2013-08-26,35.74488636363636,26.505397727272726,15.298828125,6.165246212121213,8.396188446969697,2.607060185185185
2013-08-27,35.74736842105263,26.507539118065434,15.307788051209103,6.149834044570888,8.39248458985301,2.607060185185185
2013-08-28,35.75482954545454,26.501136363636363,15.301669034090908,6.148200757575759,8.394767992424242,2.6124429223744294
2013-08-29,35.762269503546094,26.500425531914892,15.296276595744681,6.14728132387707,8.393498817966904,2.61768018018018
2013-08-30,35.762269503546094,26.500425531914892,15.296276595744681,6.14728132387707,8.393498817966904,2.61768018018018
2013-08-31,35.762269503546094,26.500425531914892,15.296276595744681,6.14728132387707,8.393498817966904,2.61768018018018
2013-09-01,35.76685552407932,26.495467422096315,15.290191218130312,6.147072710103872,8.39577431539188,2.622777777777778
2013-09-02,35.77393767705382,26.496175637393765,15.293024079320114,6.131491973559963,8.392941454202077,2.6277412280701755
2013-09-03,35.77787234042553,26.499716312056737,15.300531914893616,6.116075650118204,8.389243498817967,2.6277412280701755
2013-09-04,35.78385269121813,26.496175637393765,15.29550283286119,6.115203021718603,8.3890462700661,2.6390692640692643
2013-09-05,35.79518413597734,26.495467422096315,15.29550283286119,6.100330500472144,8.3862134088763,2.6436965811965814
2013-09-06,35.79518413597734,26.495467422096315,15.29550283286119,6.100330500472144,8.3862134088763,2.6436965811965814
2013-09-07,35.79518413597734,26.495467422096315,15.29550283286119,6.100330500472144,8.3862134088763,2.6436965811965814
2013-09-08,35.801131541725596,26.493352192362092,15.289427157001414,6.098774163130599,8.387081565299388,2.6482067510548526
2013-09-09,35.808345120226306,26.495403111739744,15.290487977369166,6.0835690711928345,8.382838283828383,2.652604166666667
2013-09-10,35.81683168316832,26.496817538896746,15.291902404526168,6.068010372465819,8.38000942951438,2.6568930041152266
2013-09-11,35.82132768361582,26.49470338983051,15.283015536723164,6.067914312617703,8.382297551789078,2.6610772357723578
2013-09-12,35.82556497175141,26.4989406779661,15.284427966101696,6.053790018832393,8.379472693032016,2.659136546184739
2013-09-13,35.83145275035261,26.49823695345557,15.278385049365303,6.053714151386931,8.378937470615892,2.6750992063492065
2013-09-14,35.83145275035261,26.49823695345557,15.278385049365303,6.053714151386931,8.378937470615892,2.6750992063492065
2013-09-15,35.8349765258216,26.498474178403757,15.271889671361501,6.051291079812207,8.37887323943662,2.690686274509804
2013-09-16,35.83897508227551,26.49776680771039,15.280735778091207,6.037259050305595,8.3737658674189,2.690686274509804
2013-09-17,35.84602726845323,26.49776680771039,15.279325340855664,6.020333803479079,8.3737658674189,2.6942829457364343
2013-09-18,35.85307945463094,26.49776680771039,15.279325340855664,6.007639868359192,8.370944992947814,2.703544061302682
2013-09-19,35.85704225352113,26.499413145539904,15.269542253521127,6.007394366197183,8.371596244131457,2.725852272727273
2013-09-20,35.862165963431785,26.499179559306143,15.261193155180495,6.006680731364276,8.37248007501172,2.7420411985018727
2013-09-21,35.862165963431785,26.499179559306143,15.261193155180495,6.006680731364276,8.37248007501172,2.7420411985018727
2013-09-22,35.862165963431785,26.499179559306143,15.261193155180495,6.006680731364276,8.37248007501172,2.7420411985018727
2013-09-23,35.861971830985915,26.502699530516434,15.268603286384975,5.992605633802817,8.370187793427231,2.7420411985018727
2013-09-24,35.86459802538787,26.503408556652563,15.276034320639397,5.979901269393512,8.366478608368595,2.7420411985018727
2013-09-25,35.86581920903955,26.503413370998118,15.28278013182674,5.967161016949152,8.365583804143126,2.7420411985018727
2013-09-26,35.86581920903955,26.503413370998118,15.28278013182674,5.967161016949152,8.365583804143126,2.7420411985018727
2013-09-27,35.87588152327221,26.50270333803479,15.271097790314997,5.962976022566996,8.367889045604137,2.7671296296296295
2013-09-28,35.87588152327221,26.50270333803479,15.271097790314997,5.962976022566996,8.367889045604137,2.7671296296296295
2013-09-29,35.88591549295775,26.50199530516432,15.25944835680751,5.958802816901408,8.368779342723005,2.8026556776556775
2013-09-30,35.88591549295775,26.50199530516432,15.25944835680751,5.958802816901408,8.368779342723005,2.8026556776556775
2013-10-01,35.89647887323944,26.50129107981221,15.25663145539906,5.94330985915493,8.365962441314554,2.826539855072464
2013-10-02,35.89647887323944,26.50129107981221,15.25663145539906,5.94330985915493,8.365962441314554,2.826539855072464
2013-10-03,35.89774330042313,26.50199811941702,15.262635166901738,5.93194640338505,8.36365773389751,2.826539855072464
2013-10-04,35.89774330042313,26.50199811941702,15.262635166901738,5.93194640338505,8.36365773389751,2.826539855072464
2013-10-05,35.89774330042313,26.50199811941702,15.262635166901738,5.93194640338505,8.36365773389751,2.826539855072464
2013-10-06,35.90633802816902,26.499882629107983,15.252406103286383,5.929225352112676,8.364553990610329,2.8606630824372763
2013-10-07,35.90655853314527,26.50023507287259,15.259461683121765,5.9188998589562765,8.361542078044195,2.8606630824372763
2013-10-08,35.907838983050844,26.505178907721284,15.266890301318266,5.904661016949152,8.357815442561206,2.8606630824372763
2013-10-09,35.920662905500706,26.501645510108137,15.25664080865068,5.9005641748942175,8.357310766337566,2.8940602836879434
2013-10-10,35.92842031029619,26.500940291490362,15.255935590032909,5.885754583921016,8.355900329102022,2.9135964912280703
2013-10-11,35.92842031029619,26.500940291490362,15.255935590032909,5.885754583921016,8.355900329102022,2.9135964912280703
2013-10-12,35.92842031029619,26.500940291490362,15.255935590032909,5.885754583921016,8.355900329102022,2.9135964912280703
2013-10-13,35.93697183098592,26.498826291079816,15.247124413145539,5.881690140845071,8.358215962441315,2.945746527777778
2013-10-14,35.93697183098592,26.498826291079816,15.247124413145539,5.881690140845071,8.358215962441315,2.945746527777778
2013-10-15,35.94612676056338,26.498122065727703,15.246420187793426,5.866197183098592,8.357511737089203,2.977233676975945
2013-10-16,35.95745428973277,26.494608532583218,15.236228316924517,5.863572433192687,8.35700890764182,3.0080782312925174
2013-10-17,35.95745428973277,26.494608532583218,15.236228316924517,5.863572433192687,8.35700890764182,3.0080782312925174
2013-10-18,35.95745428973277,26.494608532583218,15.236228316924517,5.863572433192687,8.35700890764182,3.0080782312925174
2013-10-19,35.95745428973277,26.494608532583218,15.236228316924517,5.863572433192687,8.35700890764182,3.0080782312925174
2013-10-20,35.965941011235955,26.49250936329588,15.227469569288388,5.859550561797753,8.35931647940075,3.0281986531986536
2013-10-21,35.97577247191011,26.49250936329588,15.22887406367041,5.844803370786517,8.355805243445694,3.037916666666667
2013-10-22,35.97714486638537,26.494608532583218,15.237634786685417,5.830520393811533,8.35349273323957,3.037916666666667
2013-10-23,35.98839662447257,26.49179559306142,15.234118612283167,5.817158931082981,8.35208626347867,3.059818481848185
2013-10-24,35.986971830985915,26.491079812206575,15.242899061032862,5.807042253521127,8.349765258215964,3.059818481848185
2013-10-25,35.992616033755276,26.49179559306142,15.234118612283167,5.80450070323488,8.35067979371777,3.078839869281046
2013-10-26,35.992616033755276,26.49179559306142,15.234118612283167,5.80450070323488,8.35067979371777,3.078839869281046
2013-10-27,35.99964887640449,26.491104868913858,15.226767322097377,5.800561797752809,8.351591760299627,3.0974919093851137
2013-10-28,36.00246132208157,26.48898265353962,15.234118612283167,5.790436005625879,8.347866854195969,3.0974919093851137
2013-10-29,36.0024647887324,26.48967136150235,15.242899061032862,5.77887323943662,8.345539906103287,3.0974919093851137
2013-10-30,36.01232394366197,26.48579812206573,15.240786384976523,5.7644366197183095,8.345539906103287,3.1133814102564106
2013-10-31,36.01375176304654,26.48366243535496,15.245357310766336,5.754231311706629,8.344616831217678,3.1133814102564106
2013-11-01,36.01375176304654,26.48366243535496,15.245357310766336,5.754231311706629,8.344616831217678,3.1133814102564106
2013-11-02,36.01375176304654,26.48366243535496,15.245357310766336,5.754231311706629,8.344616831217678,3.1133814102564106
2013-11-03,36.02218309859155,26.481572769953054,15.236561032863849,5.750352112676056,8.345539906103287,3.1313492063492063
2013-11-04,36.02186177715092,26.48366243535496,15.242889045604135,5.739069111424541,8.343559003291022,3.1313492063492063
2013-11-05,36.023305084745765,26.48293314500942,15.248881826741995,5.728813559322034,8.341219397363465,3.1313492063492063
2013-11-06,36.03173483779972,26.48154677950165,15.241125999059706,5.725317348377997,8.342148566055478,3.1442610062893084
2013-11-07,36.040140845070425,26.48086854460094,15.233744131455397,5.721478873239437,8.343075117370892,3.1522585669781935
2013-11-08,36.04852320675106,26.48019221753399,15.224976558837316,5.717651195499297,8.343999062353493,3.1693672839506175
2013-11-09,36.04852320675106,26.48019221753399,15.224976558837316,5.717651195499297,8.343999062353493,3.1693672839506175
2013-11-10,36.05547752808989,26.479517790262175,15.217638108614231,5.713834269662922,8.34492041198502,3.1861620795107037
2013-11-11,36.05547752808989,26.479517790262175,15.217638108614231,5.713834269662922,8.34492041198502,3.1861620795107037
2013-11-12,36.06601123595506,26.478815543071164,15.218340355805243,5.699087078651686,8.342111423220974,3.1981060606060607
2013-11-13,36.07293127629733,26.475338943431513,15.209618980832163,5.696704067321178,8.344436652641422,3.2143393393393396
2013-11-14,36.07303370786517,26.473197565543074,15.216935861423218,5.687851123595506,8.343515917602996,3.2143393393393396
2013-11-15,36.07303370786517,26.473197565543074,15.216935861423218,5.687851123595506,8.343515917602996,3.2143393393393396
2013-11-16,36.07303370786517,26.473197565543074,15.216935861423218,5.687851123595506,8.343515917602996,3.2143393393393396
2013-11-17,36.07994389901823,26.47113136979897,15.209618980832163,5.684081346423563,8.344436652641422,3.230282738095238
2013-11-18,36.07994389901823,26.47113136979897,15.209618980832163,5.684081346423563,8.344436652641422,3.230282738095238
2013-11-19,36.089060308555396,26.47113136979897,15.206813931743804,5.669354838709677,8.342332865825153,3.24594395280236
2013-11-20,36.09593837535014,26.46837068160598,15.199521475256768,5.667016806722689,8.344304388422037,3.259137426900585
2013-11-21,36.09593837535014,26.46837068160598,15.199521475256768,5.667016806722689,8.344304388422037,3.259137426900585
2013-11-22,36.104195804195804,26.466317016317017,15.192249417249416,5.6632867132867135,8.345221445221446,3.2655797101449275
2013-11-23,36.104195804195804,26.466317016317017,15.192249417249416,5.6632867132867135,8.345221445221446,3.2655797101449275
2013-11-24,36.112430167597765,26.46426908752328,15.184997672253257,5.659567039106145,8.346135940409685,3.2805316091954024
2013-11-25,36.11258741258741,26.46771561771562,15.190850815850814,5.647902097902098,8.343822843822844,3.2805316091954024
2013-11-26,36.114145658263304,26.469771241830067,15.195319794584499,5.636204481792717,8.341503267973858,3.2805316091954024
2013-11-27,36.120098039215684,26.471171802054158,15.191468253968253,5.622198879551821,8.341853408029879,3.290954415954416
2013-11-28,36.11886395511922,26.473235156615242,15.197346891070593,5.611851332398317,8.342332865825153,3.290954415954416
2013-11-29,36.127100840336134,26.472572362278246,15.187266573295984,5.608193277310924,8.344654528478058,3.3054378531073447
2013-11-30,36.127100840336134,26.472572362278246,15.187266573295984,5.608193277310924,8.344654528478058,3.3054378531073447
2013-12-01,36.133916083916084,26.471911421911425,15.178613053613052,5.605944055944056,8.345571095571096,3.3196778711484596
2013-12-02,36.13410364145658,26.47467320261438,15.18376517273576,5.593487394957983,8.343954248366014,3.3196778711484596
2013-12-03,36.14460784313726,26.475373482726425,15.181664332399626,5.578081232492997,8.342553688141924,3.3253472222222222
2013-12-04,36.15301120448179,26.472572362278246,15.180263772175536,5.562675070028011,8.342553688141924,3.3391873278236917
2013-12-05,36.16258741258741,26.470512820512823,15.173018648018646,5.5590909090909095,8.343473193473194,3.344603825136612
2013-12-06,36.16258741258741,26.470512820512823,15.173018648018646,5.5590909090909095,8.343473193473194,3.344603825136612
2013-12-07,36.16258741258741,26.470512820512823,15.173018648018646,5.5590909090909095,8.343473193473194,3.344603825136612
2013-12-08,36.17074022346369,26.46985567970205,15.16439711359404,5.555516759776537,8.344390130353819,3.3580623306233064
2013-12-09,36.17912011173184,26.471252327746743,15.163000465549347,5.541550279329609,8.34229515828678,3.3672715053763445
2013-12-10,36.18889664804469,26.47544227188082,15.16020716945996,5.524790502793296,8.340898510242086,3.3723333333333336
2013-12-11,36.19839609483961,26.471989772198977,15.151615527661551,5.521269177126918,8.343212459321247,3.385251322751323
2013-12-12,36.200069832402235,26.47544227188082,15.15462057728119,5.508030726256983,8.34229515828678,3.385251322751323
2013-12-13,36.2081589958159,26.47338447233845,15.14603672710367,5.505927475592747,8.344607159460717,3.3900918635170605
2013-12-14,36.2081589958159,26.47338447233845,15.14603672710367,5.505927475592747,8.344607159460717,3.3900918635170605
2013-12-15,36.21622562674095,26.471332404828228,15.137476787372329,5.503830083565459,8.345519962859797,3.4026692708333335
2013-12-16,36.21792189679219,26.47477917247792,15.14185262668526,5.491980474198048,8.341817759181776,3.4026692708333335
2013-12-17,36.22629009762901,26.481055323105533,15.13766852626685,5.476638772663877,8.339725708972571,3.4111757105943155
2013-12-18,36.22800279329609,26.485917132216017,15.140654096834263,5.463337988826815,8.337406890130355,3.4111757105943155
2013-12-19,36.2356843575419,26.48661545623836,15.139955772811916,5.450768156424581,8.337406890130355,3.419551282051282
2013-12-20,36.24372384937239,26.48733147373315,15.131392375639235,5.448744769874477,8.336936308693632,3.4239821882951653
2013-12-21,36.24372384937239,26.48733147373315,15.131392375639235,5.448744769874477,8.336936308693632,3.4239821882951653
2013-12-22,36.25034818941504,26.4852599814299,15.122852831940573,5.446727019498607,8.337859795728876,3.435921717171717
2013-12-23,36.25034818941504,26.4852599814299,15.122852831940573,5.446727019498607,8.337859795728876,3.435921717171717
2013-12-24,36.249302649930264,26.492910274291027,15.125813575081356,5.433403068340307,8.336936308693632,3.435921717171717
2013-12-25,36.249650837988824,26.496391992551214,15.13157588454376,5.421438547486034,8.333216945996277,3.435921717171717
2013-12-26,36.249650837988824,26.496391992551214,15.13157588454376,5.421438547486034,8.333216945996277,3.435921717171717
2013-12-27,36.249650837988824,26.496391992551214,15.13157588454376,5.421438547486034,8.333216945996277,3.435921717171717
2013-12-28,36.249650837988824,26.496391992551214,15.13157588454376,5.421438547486034,8.333216945996277,3.435921717171717
2013-12-29,36.249650837988824,26.496391992551214,15.13157588454376,5.421438547486034,8.333216945996277,3.435921717171717
2013-12-30,36.249650837988824,26.496391992551214,15.13157588454376,5.421438547486034,8.333216945996277,3.435921717171717
2013-12-31,36.25,26.501282051282054,15.13595571095571,5.41013986013986,8.33018648018648,3.435921717171717
2014-01-01,36.25803072625698,26.497788640595903,15.128782588454374,5.409567039106145,8.33251862197393,3.4401629072681708
2014-01-02,36.258391608391605,26.501981351981353,15.131759906759905,5.397552447552448,8.330885780885781,3.4401629072681708
2014-01-03,36.258391608391605,26.501981351981353,15.131759906759905,5.397552447552448,8.330885780885781,3.4401629072681708
2014-01-04,36.258391608391605,26.501981351981353,15.131759906759905,5.397552447552448,8.330885780885781,3.4401629072681708
2014-01-05,36.258391608391605,26.501981351981353,15.131759906759905,5.397552447552448,8.330885780885781,3.4401629072681708
2014-01-06,36.26538461538462,26.503379953379955,15.1275641025641,5.3842657342657345,8.330885780885781,3.451803482587065
2014-01-07,36.265756302521005,26.50828664799253,15.132644724556487,5.372198879551821,8.327147525676938,3.451803482587065
2014-01-08,36.272377622377626,26.503379953379955,15.1254662004662,5.3716783216783215,8.329487179487181,3.4632716049382717
2014-01-09,36.27937062937063,26.507575757575758,15.122668997668995,5.357692307692307,8.328088578088579,3.467218137254902
2014-01-10,36.27937062937063,26.507575757575758,15.122668997668995,5.357692307692307,8.328088578088579,3.467218137254902
2014-01-11,36.27937062937063,26.507575757575758,15.122668997668995,5.357692307692307,8.328088578088579,3.467218137254902
2014-01-12,36.28736033519553,26.505470204841714,15.114117783985101,5.355796089385475,8.329027001862197,3.4784063260340634
2014-01-13,36.29393305439331,26.504765225476525,15.10698512319851,5.353905160390516,8.330660158066017,3.4821859903381642
2014-01-14,36.29364525139665,26.508961824953445,15.112022811918061,5.341829608938547,8.328328677839853,3.4821859903381642
2014-01-15,36.29923184357542,26.507565176908756,15.107832867783983,5.329259776536313,8.328328677839853,3.49310551558753
2014-01-16,36.29923184357542,26.507565176908756,15.107832867783983,5.329259776536313,8.328328677839853,3.49310551558753
2014-01-17,36.30857740585774,26.50406787540679,15.099314272431426,5.327405857740586,8.330660158066017,3.4967261904761906
2014-01-18,36.30857740585774,26.50406787540679,15.099314272431426,5.327405857740586,8.330660158066017,3.4967261904761906
2014-01-19,36.315111420612816,26.503365831012072,15.089426648096563,5.3255571030640665,8.332985143918293,3.507387706855792
2014-01-20,36.315111420612816,26.503365831012072,15.089426648096563,5.3255571030640665,8.332985143918293,3.507387706855792
2014-01-21,36.323467966573816,26.508240482822657,15.084551996285978,5.310933147632312,8.330199628597958,3.510856807511737
2014-01-22,36.331824512534816,26.51032961931291,15.080025533890435,5.295264623955432,8.329503249767875,3.5142773892773893
2014-01-23,36.33228730822873,26.51522547652255,15.084321245932124,5.283124128312413,8.328568107856812,3.5142773892773893
2014-01-24,36.33228730822873,26.51522547652255,15.084321245932124,5.283124128312413,8.328568107856812,3.5142773892773893
2014-01-25,36.33228730822873,26.51522547652255,15.084321245932124,5.283124128312413,8.328568107856812,3.5142773892773893
2014-01-26,36.33878830083565,26.51450789229341,15.075847260909933,5.282729805013927,8.329503249767875,3.5176504629629632
2014-01-27,36.345271210013905,26.514487714418173,15.068092257765413,5.2816411682892905,8.329740380157627,3.520977011494253
2014-01-28,36.345055710306404,26.52007892293408,15.072365366759515,5.270194986072424,8.326021355617456,3.520977011494253
2014-01-29,36.35062674094708,26.523560817084494,15.070276230269265,5.255571030640668,8.325673166202415,3.5276826484018264
2014-01-30,36.35062674094708,26.523560817084494,15.070276230269265,5.255571030640668,8.325673166202415,3.5276826484018264
2014-01-31,36.35917941585535,26.52283263792304,15.062528975428835,5.253824756606398,8.325915623551229,3.530895691609977
2014-02-01,36.35917941585535,26.52283263792304,15.062528975428835,5.253824756606398,8.325915623551229,3.530895691609977
2014-02-02,36.36701388888889,26.520717592592593,15.054108796296294,5.252083333333333,8.32824074074074,3.534065315315315
2014-02-03,36.373958333333334,26.523495370370373,15.049247685185183,5.2375,8.32824074074074,3.543903803131991
2014-02-04,36.37378303198887,26.529091330551694,15.053488641631894,5.226008344923505,8.325220213259158,3.543903803131991
2014-02-05,36.381597222222226,26.525578703703705,15.046469907407406,5.2243055555555555,8.326157407407408,3.5469444444444442
2014-02-06,36.38784722222222,26.53113425925926,15.041608796296295,5.209722222222222,8.326157407407408,3.556567328918322
2014-02-07,36.38784722222222,26.53113425925926,15.041608796296295,5.209722222222222,8.326157407407408,3.556567328918322
2014-02-08,36.38784722222222,26.53113425925926,15.041608796296295,5.209722222222222,8.326157407407408,3.556567328918322
2014-02-09,36.39479166666667,26.533912037037037,15.037442129629628,5.197222222222222,8.326157407407408,3.559484649122807
2014-02-10,36.39479166666667,26.533912037037037,15.037442129629628,5.197222222222222,8.326157407407408,3.559484649122807
2014-02-11,36.401041666666664,26.538078703703704,15.033275462962962,5.184027777777778,8.325462962962964,3.568899782135076
2014-02-12,36.409375,26.539467592592594,15.029108796296295,5.16875,8.325462962962964,3.5716991341991338
2014-02-13,36.408553546592486,26.544390356977285,15.033321743161798,5.156467315716273,8.324524802967085,3.5716991341991338
2014-02-14,36.408553546592486,26.544390356977285,15.033321743161798,5.156467315716273,8.324524802967085,3.5716991341991338
2014-02-15,36.408553546592486,26.544390356977285,15.033321743161798,5.156467315716273,8.324524802967085,3.5716991341991338
2014-02-16,36.41493055555556,26.540856481481484,15.027719907407405,5.154861111111111,8.326851851851853,3.5809139784946233
2014-02-17,36.42256944444444,26.54363425925926,15.022858796296294,5.1409722222222225,8.327546296296298,3.5900106837606836
2014-02-18,36.42385257301808,26.548562818729717,15.027758460825218,5.12865090403338,8.324524802967085,3.5900106837606836
2014-02-19,36.43150208623088,26.547867408437646,15.02497681965693,5.114742698191933,8.32313398238294,3.5989915074309975
2014-02-20,36.43567454798331,26.552735280482153,15.024281409364857,5.099443671766342,8.321743161798796,3.6078586497890295
2014-02-21,36.44479166666667,26.549189814814817,15.01730324074074,5.097916666666666,8.324074074074074,3.610324947589098
2014-02-22,36.44479166666667,26.549189814814817,15.01730324074074,5.097916666666666,8.324074074074074,3.610324947589098
2014-02-23,36.45110957004161,26.545654184003702,15.010344429033747,5.096393897364771,8.326398520573278,3.6190104166666663
2014-02-24,36.45110957004161,26.545654184003702,15.010344429033747,5.096393897364771,8.326398520573278,3.6190104166666663
2014-02-25,36.45908460471567,26.548774849745726,15.008726306056403,5.083448913546001,8.32154415164124,3.629140786749482
2014-02-26,36.46740638002774,26.547387887193715,15.00595238095238,5.070966250577902,8.318770226537218,3.637602880658436
2014-02-27,36.46805555555556,26.552314814814817,15.011516203703703,5.058564814814815,8.315046296296297,3.637602880658436
2014-02-28,36.472954230235786,26.55154877484975,15.00456541840037,5.057096625057791,8.315996301433195,3.6459611451942737
2014-03-01,36.472954230235786,26.55154877484975,15.00456541840037,5.057096625057791,8.315996301433195,3.6459611451942737
2014-03-02,36.47783933518006,26.548014773776547,14.997633887349952,5.055632502308403,8.318328716528164,3.6542174796747964
2014-03-03,36.478502080443825,26.553629218677763,15.001791493296347,5.045307443365696,8.313222376329174,3.6542174796747964
2014-03-04,36.48543689320388,26.55570966250578,15.001791493296347,5.033518261673602,8.31044845122515,3.6623737373737373
2014-03-05,36.49237170596394,26.550855293573743,15.001098012020341,5.020342117429497,8.309754969949145,3.6764558232931726
2014-03-06,36.500693481276,26.549468331021732,15.001791493296347,5.007859454461396,8.306981044845124,3.678393213572854
2014-03-07,36.500693481276,26.549468331021732,15.001791493296347,5.007859454461396,8.306981044845124,3.678393213572854
2014-03-08,36.500693481276,26.549468331021732,15.001791493296347,5.007859454461396,8.306981044845124,3.678393213572854
2014-03-09,36.50831024930748,26.54455216989843,14.99486380424746,5.005078485687904,8.30932594644506,3.6862599206349205
2014-03-10,36.51040221914008,26.54808136846972,15.000404530744335,4.9932963476652805,8.304900601017106,3.6862599206349205
2014-03-11,36.51872399445215,26.547387887193715,14.999017568192325,4.98081368469718,8.30282015718909,3.6969921104536487
2014-03-12,36.526315789473685,26.542474607571563,14.99070867959372,4.979455216989844,8.305170821791322,3.704656862745098
2014-03-13,36.53120665742025,26.54461396208969,14.997630605640314,4.966944059177069,8.300046232085068,3.704656862745098
2014-03-14,36.53739612188366,26.542474607571563,14.99070867959372,4.965604801477378,8.302400738688828,3.7063840155945416
2014-03-15,36.53739612188366,26.542474607571563,14.99070867959372,4.965604801477378,8.302400738688828,3.7063840155945416
2014-03-16,36.54356846473029,26.538958045182113,14.985189027201475,4.964269248501614,8.304748732134625,3.7139050387596897
2014-03-17,36.54356846473029,26.538958045182113,14.985189027201475,4.964269248501614,8.304748732134625,3.7139050387596897
2014-03-18,36.549723756906076,26.53545119705341,14.97968462246777,4.962937384898711,8.307090239410682,3.721339113680154
2014-03-19,36.55586206896552,26.532183908045976,14.972356321839081,4.962068965517242,8.30896551724138,3.7286877394636013
2014-03-20,36.55801104972376,26.538443830570902,14.977843001841622,4.949585635359116,8.302486187845304,3.7286877394636013
2014-03-21,36.55801104972376,26.538443830570902,14.977843001841622,4.949585635359116,8.302486187845304,3.7286877394636013
2014-03-22,36.55801104972376,26.538443830570902,14.977843001841622,4.949585635359116,8.302486187845304,3.7286877394636013
2014-03-23,36.56413793103448,26.536321839080458,14.970977011494254,4.946896551724138,8.304827586206896,3.735952380952381
2014-03-24,36.56413793103448,26.536321839080458,14.970977011494254,4.946896551724138,8.304827586206896,3.735952380952381
2014-03-25,36.56767955801105,26.543278084714547,14.977152394106815,4.933701657458563,8.297651933701658,3.735952380952381
2014-03-26,36.57734806629834,26.54465930018416,14.975771178637201,4.919889502762431,8.293508287292818,3.7431344696969693
2014-03-27,36.57734806629834,26.54465930018416,14.975771178637201,4.919889502762431,8.293508287292818,3.7431344696969693
2014-03-28,36.58344827586207,26.54252873563218,14.968908045977013,4.917931034482758,8.29448275862069,3.7502354048964217
2014-03-29,36.58344827586207,26.54252873563218,14.968908045977013,4.917931034482758,8.29448275862069,3.7502354048964217
2014-03-30,36.58953168044077,26.540404040404038,14.963441230486685,4.9152892561983474,8.296831955922865,3.7572565543071157
2014-03-31,36.58953168044077,26.540404040404038,14.963441230486685,4.9152892561983474,8.296831955922865,3.7572565543071157
2014-04-01,36.599173553719005,26.546602387511477,14.963441230486685,4.898071625344353,8.290633608815426,3.7641992551210426
2014-04-02,36.606602475928476,26.541723979825765,14.955238422741862,4.896836313617607,8.292984869325997,3.7766203703703702
2014-04-03,36.61554332874828,26.547226043099496,14.953175149014214,4.883081155433287,8.28748280605227,3.783379373848987
2014-04-04,36.61554332874828,26.547226043099496,14.953175149014214,4.883081155433287,8.28748280605227,3.783379373848987
2014-04-05,36.61554332874828,26.547226043099496,14.953175149014214,4.883081155433287,8.28748280605227,3.783379373848987
2014-04-06,36.621565934065934,26.543727106227106,14.946371336996338,4.8804945054945055,8.289835164835164,3.7955586080586077
2014-04-07,36.621565934065934,26.543727106227106,14.946371336996338,4.8804945054945055,8.289835164835164,3.7955586080586077
2014-04-08,36.630494505494504,26.548534798534796,14.944997710622712,4.865384615384615,8.285714285714286,3.8076047358834244
2014-04-09,36.63786008230453,26.543667123914037,14.938214449016918,4.864197530864198,8.2880658436214,3.814085144927536
2014-04-10,36.64010989010989,26.55128205128205,14.943624084249086,4.851648351648351,8.280219780219781,3.814085144927536
2014-04-11,36.64609053497942,26.549154092363967,14.936842706904436,4.850480109739369,8.282578875171469,3.8150900900900897
2014-04-12,36.64609053497942,26.549154092363967,14.936842706904436,4.850480109739369,8.282578875171469,3.8150900900900897
2014-04-13,36.653424657534245,26.54429223744292,14.9287100456621,4.8493150684931505,8.284931506849315,3.8268369175627237
2014-04-14,36.658686730506155,26.540127678978568,14.921967624259008,4.84952120383037,8.287277701778386,3.83578431372549
2014-04-15,36.66735066119471,26.542407660738714,14.919915640674876,4.835385316917464,8.283629730962152,3.84729609929078
2014-04-16,36.67258652094718,26.54064207650273,14.913877504553735,4.834585610200364,8.284608378870674,3.8560405643738975
2014-04-17,36.673506611947104,26.546853625171,14.919231646146832,4.823415412676699,8.278157774737801,3.8560405643738975
2014-04-18,36.673506611947104,26.546853625171,14.919231646146832,4.823415412676699,8.278157774737801,3.8560405643738975
2014-04-19,36.673506611947104,26.546853625171,14.919231646146832,4.823415412676699,8.278157774737801,3.8560405643738975
2014-04-20,36.678051001821494,26.54474043715847,14.912511384335156,4.822290528233151,8.279143897996356,3.8673245614035086
2014-04-21,36.678051001821494,26.54474043715847,14.912511384335156,4.822290528233151,8.279143897996356,3.8673245614035086
2014-04-22,36.68103055175558,26.551641586867305,14.915811673506612,4.81110351117191,8.273369813041496,3.8673245614035086
2014-04-23,36.68923848609211,26.554719562243502,14.91341769265846,4.797765617875057,8.269949840401276,3.8732547993019195
2014-04-24,36.68923848609211,26.554719562243502,14.91341769265846,4.797765617875057,8.269949840401276,3.8732547993019195
2014-04-25,36.69512750455373,26.5525956284153,14.906705373406194,4.7966757741347905,8.27231329690346,3.879123263888889
2014-04-26,36.69512750455373,26.5525956284153,14.906705373406194,4.7966757741347905,8.27231329690346,3.879123263888889
2014-04-27,36.70100045475216,26.54911323328786,14.900011368804003,4.795588904047294,8.274670304683946,3.8849309153713296
2014-04-28,36.70100045475216,26.54911323328786,14.900011368804003,4.795588904047294,8.274670304683946,3.8849309153713296
2014-04-29,36.709527057753526,26.553888130968623,14.896600727603458,4.783651659845384,8.269895407003183,3.8945446735395186
2014-04-30,36.71400999091735,26.553133514986374,14.889929609445959,4.782584014532243,8.270890099909174,3.900213675213675
2014-05-01,36.71634834015462,26.560709413369715,14.892507958162803,4.77137335152342,8.265802637562528,3.900213675213675
2014-05-02,36.71634834015462,26.560709413369715,14.892507958162803,4.77137335152342,8.265802637562528,3.900213675213675
2014-05-03,36.71634834015462,26.560709413369715,14.892507958162803,4.77137335152342,8.265802637562528,3.900213675213675
2014-05-04,36.720821980018165,26.55858310626703,14.885842415985469,4.7703224341507715,8.268165304268846,3.9058248299319724
2014-05-05,36.7266439909297,26.556462585034012,14.880555555555556,4.767913832199547,8.269160997732426,3.911379018612521
2014-05-06,36.72899636693914,26.564032697547685,14.883798819255224,4.757379654859219,8.263396911898274,3.911379018612521
2014-05-07,36.73717075386013,26.56675749318801,14.881074023614897,4.745118074477747,8.259309718437784,3.9168771043771042
2014-05-08,36.73954070031832,26.57298772169168,14.885004547521602,4.733856298317416,8.254206457480672,3.9168771043771042
2014-05-09,36.743982742960945,26.570844686648503,14.879711625794734,4.732856494096276,8.256584922797456,3.917294807370184
2014-05-10,36.743982742960945,26.570844686648503,14.879711625794734,4.732856494096276,8.256584922797456,3.917294807370184
2014-05-11,36.7484126984127,26.568707482993197,14.874433106575964,4.731859410430839,8.257596371882086,3.922708333333333
2014-05-12,36.7484126984127,26.568707482993197,14.874433106575964,4.731859410430839,8.257596371882086,3.922708333333333
2014-05-13,36.755215419501134,26.57222222222222,14.873072562358278,4.719614512471655,8.253968253968253,3.929311774461028
2014-05-14,36.75928442028985,26.570086050724637,14.866791213768117,4.719316123188405,8.25498188405797,3.9383250825082508
2014-05-15,36.76167800453515,26.57358276643991,14.873412698412698,4.708049886621315,8.249886621315191,3.9383250825082508
2014-05-16,36.76471920289855,26.572803442028984,14.868149909420291,4.707087862318841,8.25090579710145,3.948481116584565
2014-05-17,36.76471920289855,26.572803442028984,14.868149909420291,4.707087862318841,8.25090579710145,3.948481116584565
2014-05-18,36.76775214834916,26.57066938037087,14.861544549977387,4.707485300768883,8.253279059249207,3.958537581699346
2014-05-19,36.772131887985545,26.568541102077685,14.85495709123758,4.706526648599819,8.254290876242095,3.9636178861788616
2014-05-20,36.77317955676165,26.575418362731796,14.858152419719584,4.696630483943917,8.249886928991407,3.9636178861788616
2014-05-21,36.77996381727725,26.575418362731796,14.854081863410222,4.685775667118951,8.248530076888285,3.9735032362459544
2014-05-22,36.77996381727725,26.575418362731796,14.854081863410222,4.685775667118951,8.248530076888285,3.9735032362459544
2014-05-23,36.77996381727725,26.575418362731796,14.854081863410222,4.685775667118951,8.248530076888285,3.9735032362459544
2014-05-24,36.77996381727725,26.575418362731796,14.854081863410222,4.685775667118951,8.248530076888285,3.9735032362459544
2014-05-25,36.78297199638663,26.571928635953025,14.847504516711835,4.686201445347787,8.250903342366756,3.98329307568438
2014-05-26,36.78297199638663,26.571928635953025,14.847504516711835,4.686201445347787,8.250903342366756,3.98329307568438
2014-05-27,36.78906955736224,26.577348690153567,14.843439476061429,4.675361336946702,8.247515808491418,3.992988782051282
2014-05-28,36.78906955736224,26.577348690153567,14.843439476061429,4.675361336946702,8.247515808491418,3.992988782051282
2014-05-29,36.79149706015377,26.58016734509272,14.846619176843058,4.665422885572139,8.243781094527362,3.992988782051282
2014-05-30,36.79149706015377,26.58016734509272,14.846619176843058,4.665422885572139,8.243781094527362,3.992988782051282
2014-05-31,36.79149706015377,26.58016734509272,14.846619176843058,4.665422885572139,8.243781094527362,3.992988782051282
2014-06-01,36.79692446856626,26.581524197195836,14.842548620533696,4.654568068747173,8.242424242424242,4.002591706539075
2014-06-02,36.79692446856626,26.581524197195836,14.842548620533696,4.654568068747173,8.242424242424242,4.002591706539075
2014-06-03,36.800768882858435,26.58695160560832,14.8407394843962,4.64280868385346,8.238353686114879,4.012103174603174
2014-06-04,36.8023938572719,26.58209123757904,14.834180216802167,4.641937669376694,8.24074074074074,4.031003159557661
2014-06-05,36.80469102390617,26.581303563373925,14.828991880920162,4.640392422192152,8.241768155164635,4.040290880503145
2014-06-06,36.80469102390617,26.581303563373925,14.828991880920162,4.640392422192152,8.241768155164635,4.040290880503145
2014-06-07,36.80469102390617,26.581303563373925,14.828991880920162,4.640392422192152,8.241768155164635,4.040290880503145
2014-06-08,36.810103743797924,26.586716283265673,14.824932341001354,4.628213802435724,8.2404149751917,4.054186228482003
2014-06-09,36.810103743797924,26.586716283265673,14.824932341001354,4.628213802435724,8.2404149751917,4.054186228482003
2014-06-10,36.813911472448055,26.590221318879856,14.828760162601625,4.618224932249323,8.235320686540199,4.054186228482003
2014-06-11,36.816869643662606,26.58637798827244,14.82222598105548,4.617726657645467,8.237032025259358,4.069119937694704
2014-06-12,36.816869643662606,26.58637798827244,14.82222598105548,4.617726657645467,8.237032025259358,4.069119937694704
2014-06-13,36.816869643662606,26.58637798827244,14.82222598105548,4.617726657645467,8.237032025259358,4.069119937694704
2014-06-14,36.816869643662606,26.58637798827244,14.82222598105548,4.617726657645467,8.237032025259358,4.069119937694704
2014-06-15,36.82228236355435,26.59043752819125,14.820872801082544,4.606901217861975,8.234325665313486,4.078100775193798
2014-06-16,36.8259009009009,26.588288288288286,14.815709459459459,4.606081081081081,8.234684684684684,4.086998456790123
2014-06-17,36.82883490778227,26.583445793972107,14.80921052631579,4.605263157894737,8.23706702654071,4.10042242703533
2014-06-18,36.82883490778227,26.583445793972107,14.80921052631579,4.605263157894737,8.23706702654071,4.10042242703533
2014-06-19,36.82883490778227,26.583445793972107,14.80921052631579,4.605263157894737,8.23706702654071,4.10042242703533
2014-06-20,36.83243486073675,26.581985624438452,14.804076819407008,4.6044474393531,8.23674752920036,4.109136085626911
2014-06-21,36.83243486073675,26.581985624438452,14.804076819407008,4.6044474393531,8.23674752920036,4.109136085626911
2014-06-22,36.83535217586361,26.57985643786451,14.797611036339166,4.603633916554509,8.237774786899955,4.1223363774733635
2014-06-23,36.84027777777777,26.576388888888886,14.792506720430108,4.601478494623656,8.23879928315412,4.130871212121212
2014-06-24,36.845654121863795,26.5804211469534,14.789818548387096,4.590725806451613,8.23611111111111,4.1393288084464555
2014-06-25,36.85237455197132,26.577732974910393,14.787130376344086,4.581317204301075,8.234767025089605,4.152214714714715
2014-06-26,36.85237455197132,26.577732974910393,14.787130376344086,4.581317204301075,8.234767025089605,4.152214714714715
2014-06-27,36.85525727069351,26.575615212527964,14.782046979865772,4.579194630872483,8.23579418344519,4.160500747384155
2014-06-28,36.85525727069351,26.575615212527964,14.782046979865772,4.579194630872483,8.23579418344519,4.160500747384155
2014-06-29,36.859472743520996,26.57350312779267,14.77563672922252,4.577077747989276,8.236818588025022,4.173177083333333
2014-06-30,36.86501561802766,26.570058009817043,14.769243641231594,4.575635876840696,8.237840249888443,4.1812962962962965
2014-07-01,36.86818588025022,26.57551385165326,14.770945040214476,4.567024128686327,8.233467381590705,4.1812962962962965
2014-07-02,36.873717090584556,26.570727353859883,14.764558232931726,4.566265060240964,8.234493529674252,4.193768436578171
2014-07-03,36.877733154841586,26.572066041945558,14.76321954484605,4.556894243641231,8.2318161535029,4.197320117474303
2014-07-04,36.877733154841586,26.572066041945558,14.76321954484605,4.556894243641231,8.2318161535029,4.197320117474303
2014-07-05,36.877733154841586,26.572066041945558,14.76321954484605,4.556894243641231,8.2318161535029,4.197320117474303
2014-07-06,36.88190730837789,26.56996434937611,14.756851604278076,4.554812834224599,8.232843137254902,4.205226608187134
2014-07-07,36.884426595269964,26.573404730031235,14.757864792503346,4.546184738955823,8.229138777331547,4.205226608187134
2014-07-08,36.89112003569834,26.576751450245425,14.752510040160642,4.536813922356091,8.226461401160195,4.210880640465793
2014-07-09,36.89661319073083,26.571969696969695,14.747493315508022,4.53475935828877,8.227495543672013,4.218659420289855
2014-07-10,36.89781347612673,26.574074074074073,14.74983266398929,4.527443105756359,8.223784024988843,4.218659420289855
2014-07-11,36.89781347612673,26.574074074074073,14.74983266398929,4.527443105756359,8.223784024988843,4.218659420289855
2014-07-12,36.89781347612673,26.574074074074073,14.74983266398929,4.527443105756359,8.223784024988843,4.218659420289855
2014-07-13,36.90196078431372,26.571969696969695,14.744819518716577,4.525401069518717,8.22482174688057,4.222041847041847
2014-07-14,36.90609701824655,26.56853582554517,14.739819759679573,4.524032042723632,8.225856697819314,4.2297054597701145
2014-07-15,36.908422459893046,26.572860962566846,14.741477272727273,4.515819964349376,8.221702317290552,4.2297054597701145
2014-07-16,36.91355140186916,26.5694259012016,14.736481975967957,4.514129951045838,8.222407654650645,4.237303290414879
2014-07-17,36.913435828877006,26.5701871657754,14.74014037433155,4.506795900178253,8.220031194295899,4.237303290414879
2014-07-18,36.91822429906542,26.568090787716955,14.734479305740988,4.505451713395638,8.221740097908322,4.238425925925926
2014-07-19,36.91822429906542,26.568090787716955,14.734479305740988,4.505451713395638,8.221740097908322,4.238425925925926
2014-07-20,36.922333333333334,26.567333333333334,14.728166666666667,4.503444444444444,8.222777777777777,4.241666666666666
2014-07-21,36.922333333333334,26.567333333333334,14.728166666666667,4.503444444444444,8.222777777777777,4.241666666666666
2014-07-22,36.92766666666667,26.570666666666668,14.722833333333334,4.4961111111111105,8.218777777777778,4.244879943502824
2014-07-23,36.93566666666667,26.566666666666666,14.716166666666666,4.489777777777777,8.216777777777777,4.250175808720113
2014-07-24,36.93566666666667,26.566666666666666,14.716166666666666,4.489777777777777,8.216777777777777,4.250175808720113
2014-07-25,36.93566666666667,26.566666666666666,14.716166666666666,4.489777777777777,8.216777777777777,4.250175808720113
2014-07-26,36.93566666666667,26.566666666666666,14.716166666666666,4.489777777777777,8.216777777777777,4.250175808720113
2014-07-27,36.94107856191744,26.564580559254328,14.709886817576564,4.487794052374611,8.219152241455836,4.253326330532213
2014-07-28,36.94107856191744,26.564580559254328,14.709886817576564,4.487794052374611,8.219152241455836,4.253326330532213
2014-07-29,36.94773635153129,26.565912117177096,14.703229027962717,4.481136262760763,8.216489125610297,4.256450488145049
2014-07-30,36.95578457446808,26.559840425531913,14.696974734042554,4.479166666666666,8.218860815602836,4.259548611111111
2014-07-31,36.95578457446808,26.559840425531913,14.696974734042554,4.479166666666666,8.218860815602836,4.259548611111111
2014-08-01,36.95578457446808,26.559840425531913,14.696974734042554,4.479166666666666,8.218860815602836,4.259548611111111
2014-08-02,36.95578457446808,26.559840425531913,14.696974734042554,4.479166666666666,8.218860815602836,4.259548611111111
2014-08-03,36.962483399734396,26.55776892430279,14.690737051792828,4.477202301903497,8.219898185037627,4.26262102351314
2014-08-04,36.962483399734396,26.55776892430279,14.690737051792828,4.477202301903497,8.219898185037627,4.26262102351314
2014-08-05,36.970451527224434,26.56042496679947,14.68210491367862,4.470562195661797,8.216578131916776,4.263601928374656
2014-08-06,36.97844827586207,26.55702917771883,14.674568965517242,4.469938107869142,8.21761715296198,4.266632373113855
2014-08-07,36.98773209549071,26.55570291777188,14.667937665782494,4.4606542882404945,8.21629089301503,4.269637978142077
2014-08-08,36.98773209549071,26.55570291777188,14.667937665782494,4.4606542882404945,8.21629089301503,4.269637978142077
2014-08-09,36.98773209549071,26.55570291777188,14.667937665782494,4.4606542882404945,8.21629089301503,4.269637978142077
2014-08-10,36.993046357615896,26.556291390728475,14.660430463576159,4.458719646799117,8.217328918322295,4.272619047619048
2014-08-11,36.99303713527851,26.560344827586206,14.66196949602122,4.450707338638373,8.214301503094607,4.272619047619048
2014-08-12,36.996347941567066,26.56440903054449,14.661520584329349,4.444665781319167,8.209274015050907,4.272619047619048
2014-08-13,37.00298408488064,26.56233421750663,14.655006631299734,4.44341290893015,8.210322723253757,4.27659214092141
2014-08-14,37.004316069057104,26.56440903054449,14.655876494023904,4.436033643204958,8.207945993802568,4.27659214092141
2014-08-15,37.004316069057104,26.56440903054449,14.655876494023904,4.436033643204958,8.207945993802568,4.27659214092141
2014-08-16,37.004316069057104,26.56440903054449,14.655876494023904,4.436033643204958,8.207945993802568,4.27659214092141
2014-08-17,37.01228419654714,26.567065073041167,14.649236387782205,4.426737494466578,8.207945993802568,4.275472334682862
2014-08-18,37.01228419654714,26.567065073041167,14.649236387782205,4.426737494466578,8.207945993802568,4.275472334682862
2014-08-19,37.02091633466136,26.57104913678619,14.641932270916335,4.418105356352368,8.204625940681717,4.274361559139785
2014-08-20,37.0279991146525,26.57171314741036,14.636620185922975,4.4090305444887115,8.20152722443559,4.279283801874164
2014-08-21,37.0279991146525,26.57171314741036,14.636620185922975,4.4090305444887115,8.20152722443559,4.279283801874164
2014-08-22,37.03326702033599,26.569628647214856,14.630470822281167,4.408488063660477,8.202586206896552,4.278166666666667
2014-08-23,37.03326702033599,26.569628647214856,14.630470822281167,4.408488063660477,8.202586206896552,4.278166666666667
2014-08-24,37.03852097130243,26.56887417218543,14.62433774834437,4.407947019867549,8.20364238410596,4.277058432934927
2014-08-25,37.03852097130243,26.56887417218543,14.62433774834437,4.407947019867549,8.20364238410596,4.277058432934927
2014-08-26,37.04321396993811,26.572281167108752,14.623839522546419,4.401856763925729,8.198607427055704,4.277058432934927
2014-08-27,37.04977924944813,26.56953642384106,14.617715231788079,4.400331125827814,8.2,4.279927248677249
2014-08-28,37.05117152961981,26.571618037135277,14.618534482758621,4.392904509283819,8.197612732095491,4.279927248677249
2014-08-29,37.05772626931568,26.56953642384106,14.611092715231788,4.3910596026490065,8.198675496688741,4.282773386034256
2014-08-30,37.05772626931568,26.56953642384106,14.611092715231788,4.3910596026490065,8.198675496688741,4.282773386034256
2014-08-31,37.06558641975309,26.56878306878307,14.603670634920634,4.389219576719577,8.19973544973545,4.285597112860892
2014-09-01,37.06558641975309,26.56878306878307,14.603670634920634,4.389219576719577,8.19973544973545,4.285597112860892
2014-09-02,37.07286155202822,26.570767195767196,14.596395502645503,4.381944444444445,8.198412698412698,4.292320261437909
2014-09-03,37.07804931748129,26.567371202113605,14.590323645970939,4.3801188903566715,8.200792602377808,4.295084635416667
2014-09-04,37.08465433729635,26.56340819022457,14.58503963011889,4.3721928665786,8.200792602377808,4.305609597924773
2014-09-05,37.091138962181184,26.561345646437996,14.577671503957784,4.370382585751979,8.20184696569921,4.312177002583979
2014-09-06,37.091138962181184,26.561345646437996,14.577671503957784,4.370382585751979,8.20184696569921,4.312177002583979
2014-09-07,37.09760649978042,26.559288537549406,14.57032279314888,4.368577075098814,8.204216073781291,4.318693693693694
2014-09-08,37.09760649978042,26.559288537549406,14.57032279314888,4.368577075098814,8.204216073781291,4.318693693693694
2014-09-09,37.10125329815303,26.56112576956904,14.571075197889183,4.362906772207564,8.200087950747582,4.318693693693694
2014-09-10,37.11015831134565,26.55716798592788,14.564478891820581,4.355321020228672,8.198768689533862,4.327083333333333
2014-09-11,37.11030383091149,26.55790400704535,14.566545574636724,4.349185380889476,8.195068251871422,4.327083333333333
2014-09-12,37.11030383091149,26.55790400704535,14.566545574636724,4.349185380889476,8.195068251871422,4.327083333333333
2014-09-13,37.11030383091149,26.55790400704535,14.566545574636724,4.349185380889476,8.195068251871422,4.327083333333333
2014-09-14,37.11543535620053,26.55584872471416,14.5592018469657,4.34740545294635,8.196130167106421,4.337324393358877
2014-09-15,37.11955085865257,26.55790400704535,14.559940554821665,4.3439013650374285,8.191105239982386,4.337324393358877
2014-09-16,37.12483487450462,26.555922501100834,14.554656538969617,4.337296345222369,8.189123734037869,4.3474872773536894
2014-09-17,37.12994722955145,26.553540017590148,14.547988126649077,4.336191732629728,8.189863676341249,4.356622306717364
2014-09-18,37.12994722955145,26.553540017590148,14.547988126649077,4.336191732629728,8.189863676341249,4.356622306717364
2014-09-19,37.12994722955145,26.553540017590148,14.547988126649077,4.336191732629728,8.189863676341249,4.356622306717364
2014-09-20,37.12994722955145,26.553540017590148,14.547988126649077,4.336191732629728,8.189863676341249,4.356622306717364
2014-09-21,37.13372859025033,26.55149319279754,14.540678524374176,4.334431269213878,8.190931049626702,4.37042297979798
2014-09-22,37.13372859025033,26.55149319279754,14.540678524374176,4.334431269213878,8.190931049626702,4.37042297979798
2014-09-23,37.143610013175234,26.548858146684232,14.532773386034256,4.3271848924022835,8.186978480456741,4.389779874213837
2014-09-24,37.146710526315786,26.54550438596491,14.526809210526316,4.325438596491228,8.188048245614036,4.403352130325815
2014-09-25,37.146710526315786,26.54550438596491,14.526809210526316,4.325438596491228,8.188048245614036,4.403352130325815
2014-09-26,37.150459921156376,26.544130530004377,14.520203679369251,4.323696890056943,8.189115199299168,4.414950062421973
2014-09-27,37.150459921156376,26.544130530004377,14.520203679369251,4.323696890056943,8.189115199299168,4.414950062421973
2014-09-28,37.15419947506562,26.542104111986,14.512959317585302,4.320647419072616,8.191491688538934,4.428327114427861
2014-09-29,37.15596330275229,26.540083005679335,14.508355176933158,4.318916557448667,8.193206640454347,4.443463444857497
2014-09-30,37.15813648293963,26.543416447944004,14.50770997375328,4.31408573928259,8.188867016622922,4.443463444857497
2014-10-01,37.16448230668414,26.538772389689818,14.500491480996068,4.311052861511578,8.188619484491044,4.46033950617284
2014-10-02,37.171035386631715,26.53615115771079,14.493938401048492,4.301878549584972,8.188619484491044,4.477091020910209
2014-10-03,37.171035386631715,26.53615115771079,14.493938401048492,4.301878549584972,8.188619484491044,4.477091020910209
2014-10-04,37.171035386631715,26.53615115771079,14.493938401048492,4.301878549584972,8.188619484491044,4.477091020910209
2014-10-05,37.17604712041885,26.532831588132634,14.488056282722512,4.298865619546248,8.1896815008726,4.493719362745098
2014-10-06,37.17604712041885,26.532831588132634,14.488056282722512,4.298865619546248,8.1896815008726,4.493719362745098
2014-10-07,37.181937172774866,26.531522687609073,14.482820680628272,4.291012216404887,8.18706369982548,4.506562881562882
2014-10-08,37.18479685452162,26.532219309742246,14.482142857142858,4.284840541721276,8.185998252512015,4.506562881562882
2014-10-09,37.183727034120736,26.532917760279965,14.484087926509186,4.2799650043744535,8.183617672790902,4.506562881562882
2014-10-10,37.188728702490174,26.53090869375273,14.476900393184797,4.278287461773701,8.183377020532983,4.519312652068127
2014-10-11,37.19502617801047,26.527595986038392,14.47104057591623,4.275305410122164,8.183136998254799,4.531969696969697
2014-10-12,37.19502617801047,26.527595986038392,14.47104057591623,4.275305410122164,8.183136998254799,4.531969696969697
2014-10-13,37.198692810457516,26.52429193899782,14.465196078431372,4.272331154684096,8.184204793028323,4.548158212560387
2014-10-14,37.20069808027924,26.525632635253054,14.46558682373473,4.266579406631763,8.18160994764398,4.548158212560387
2014-10-15,37.20724258289704,26.521705933682373,14.45773342059337,4.260034904013962,8.18030104712042,4.560619735258725
2014-10-16,37.20724258289704,26.521705933682373,14.45773342059337,4.260034904013962,8.18030104712042,4.560619735258725
2014-10-17,37.20724258289704,26.521705933682373,14.45773342059337,4.260034904013962,8.18030104712042,4.560619735258725
2014-10-18,37.20724258289704,26.521705933682373,14.45773342059337,4.260034904013962,8.18030104712042,4.560619735258725
2014-10-19,37.213507625272335,26.51840958605664,14.450599128540306,4.258387799564271,8.181372549019608,4.56939448441247
2014-10-20,37.213507625272335,26.51840958605664,14.450599128540306,4.258387799564271,8.181372549019608,4.56939448441247
2014-10-21,37.22178649237473,26.517538126361657,14.442102396514162,4.250980392156863,8.179847494553377,4.579898446833931
2014-10-22,37.226718885987815,26.514251523063535,14.434997824194953,4.248041775456919,8.1809181897302,4.592113095238095
2014-10-23,37.226718885987815,26.514251523063535,14.434997824194953,4.248041775456919,8.1809181897302,4.592113095238095
2014-10-24,37.2309865275967,26.513581051716645,14.42856366797045,4.245762711864407,8.181334202520643,4.600682087781732
2014-10-25,37.2309865275967,26.513581051716645,14.42856366797045,4.245762711864407,8.181334202520643,4.600682087781732
2014-10-26,37.23589409722222,26.511610243055557,14.421495225694445,4.244140625,8.18240017361111,4.605644208037825
2014-10-27,37.23880921338549,26.514884832681446,14.42074098218166,4.2405475880052155,8.17742285962625,4.605644208037825
2014-10-28,37.24793568013907,26.51227727075185,14.414222077357671,4.232724902216428,8.174815297696654,4.61763839811543
2014-10-29,37.25282118055556,26.507703993055557,14.408474392361112,4.229817708333333,8.175889756944445,4.629548122065728
2014-10-30,37.25966970882225,26.50575836592786,14.405095610604086,4.226205997392438,8.172207735767058,4.629548122065728
2014-10-31,37.25966970882225,26.50575836592786,14.405095610604086,4.226205997392438,8.172207735767058,4.629548122065728
2014-11-01,37.25966970882225,26.50575836592786,14.405095610604086,4.226205997392438,8.172207735767058,4.629548122065728
2014-11-02,37.26453993055556,26.503797743055557,14.398057725694445,4.224609375,8.173285590277777,4.637865497076024
2014-11-03,37.26453993055556,26.503797743055557,14.398057725694445,4.224609375,8.173285590277777,4.637865497076024
2014-11-04,37.27205562798783,26.502498913515865,14.396621034332899,4.220990873533246,8.168948283355062,4.637865497076024
2014-11-05,37.282485875706215,26.496631899174275,14.388146458061714,4.215449804432855,8.167644502390266,4.649621212121213
2014-11-06,37.289004780530206,26.494024337244678,14.382931334202521,4.211538461538462,8.165036940460668,4.65781068524971
2014-11-07,37.289004780530206,26.494024337244678,14.382931334202521,4.211538461538462,8.165036940460668,4.65781068524971
2014-11-08,37.289004780530206,26.494024337244678,14.382931334202521,4.211538461538462,8.165036940460668,4.65781068524971
2014-11-09,37.29383680555556,26.492078993055557,14.375922309027779,4.208658854166667,8.166124131944445,4.665943287037037
2014-11-10,37.29383680555556,26.492078993055557,14.375922309027779,4.208658854166667,8.166124131944445,4.665943287037037
2014-11-11,37.305989583333336,26.488172743055557,14.368760850694445,4.203016493055555,8.1630859375,4.6774798154555945
2014-11-12,37.31640625,26.482964409722225,14.359646267361112,4.197808159722222,8.161783854166666,4.688936781609196
2014-11-13,37.31640625,26.482964409722225,14.359646267361112,4.197808159722222,8.161783854166666,4.688936781609196
2014-11-14,37.32119635890767,26.48233636757694,14.353977026441267,4.197808159722222,8.161573472041612,4.696878579610539
2014-11-15,37.32119635890767,26.48233636757694,14.353977026441267,4.197808159722222,8.161573472041612,4.696878579610539
2014-11-16,37.32597402597403,26.479112554112557,14.348322510822511,4.196250541829215,8.162662337662338,4.70476598173516
2014-11-17,37.33896103896104,26.477813852813853,14.340530303030304,4.190398786302557,8.158766233766233,4.712599544937429
2014-11-18,37.34655396618986,26.475834416991766,14.338372345036845,4.186089409722222,8.15442132639792,4.712599544937429
2014-11-19,37.35162337662338,26.4732683982684,14.33241341991342,4.184872128305158,8.15487012987013,4.71952947845805
2014-11-20,37.35598179453836,26.469982661465107,14.33154529692241,4.182508680555555,8.152470741222366,4.71952947845805
2014-11-21,37.36071428571429,26.469372294372295,14.327218614718616,4.180970957954052,8.152272727272727,4.723870056497176
2014-11-22,37.36673151750973,26.467466493731088,14.321606139213143,4.179437229437229,8.152075226977951,4.728181306306307
2014-11-23,37.36673151750973,26.467466493731088,14.321606139213143,4.179437229437229,8.152075226977951,4.728181306306307
2014-11-24,37.3714378238342,26.464270293609673,14.31471286701209,4.1772589710332895,8.155116580310882,4.737514029180696
2014-11-25,37.384391191709845,26.462327288428327,14.304997841105354,4.173367920449632,8.149287564766839,4.7417505592841165
2014-11-26,37.39036222509702,26.457848210435532,14.29942863303148,4.17055267702936,8.151681759379043,4.745958751393534
2014-11-27,37.398639896373055,26.454555267702936,14.297225820379966,4.168179853004755,8.14669689119171,4.745958751393534
2014-11-28,37.403298835705044,26.453967227253127,14.292960327727469,4.168179853004755,8.146507115135835,4.750138888888889
2014-11-29,37.403298835705044,26.453967227253127,14.292960327727469,4.168179853004755,8.146507115135835,4.750138888888889
2014-11-30,37.40794573643411,26.452088716623603,14.28741386735573,4.166666666666666,8.147609819121447,4.757613510520487
2014-12-01,37.41494178525227,26.44879258300992,14.283904700301855,4.165585819282317,8.14391979301423,4.757613510520487
2014-12-02,37.42852522639068,26.44297110823631,14.27420224234584,4.16039775183744,8.141979301423028,4.7700055187637975
2014-12-03,37.43313953488372,26.439814814814817,14.269972006890612,4.157599309153713,8.143087855297157,4.77406490649065
2014-12-04,37.4421834625323,26.433354866494405,14.264804048234282,4.153713298791018,8.140503875968992,4.781387061403509
2014-12-05,37.4421834625323,26.433354866494405,14.264804048234282,4.153713298791018,8.140503875968992,4.781387061403509
2014-12-06,37.4421834625323,26.433354866494405,14.264804048234282,4.153713298791018,8.140503875968992,4.781387061403509
2014-12-07,37.446774193548386,26.432795698924732,14.259301075268818,4.1522207848210435,8.141612903225807,4.785382513661203
2014-12-08,37.446774193548386,26.432795698924732,14.259301075268818,4.1522207848210435,8.141612903225807,4.785382513661203
2014-12-09,37.45445736434109,26.430447889750216,14.256244616709735,4.149827288428325,8.137273901808786,4.785382513661203
2014-12-10,37.45903225806452,26.42731182795699,14.252043010752688,4.147046140577835,8.138387096774194,4.789351851851852
2014-12-11,37.46359536082474,26.424183848797252,14.245919243986256,4.1442721791559,8.14014175257732,4.799809989142237
2014-12-12,37.46943371943372,26.422350922350923,14.243028743028743,4.1442721791559,8.13996138996139,4.80370670995671
2014-12-13,37.46943371943372,26.422350922350923,14.243028743028743,4.1442721791559,8.13996138996139,4.80370670995671
2014-12-14,37.473971722365036,26.420522707797772,14.23757497857755,4.142795698924731,8.141066838046273,4.807578209277239
2014-12-15,37.48101673101673,26.419776919776922,14.232732732732734,4.1429801894918175,8.137387387387387,4.807578209277239
2014-12-16,37.494101244101245,26.41355641355641,14.224796224796224,4.137812230835486,8.134384384384385,4.8130376344086025
2014-12-17,37.503753753753756,26.408408408408405,14.215143715143714,4.1358742463393625,8.132453882453882,4.820069667738478
2014-12-18,37.503753753753756,26.408408408408405,14.215143715143714,4.1358742463393625,8.132453882453882,4.820069667738478
2014-12-19,37.50953299057412,26.406598114824334,14.209725792630676,4.1358742463393625,8.132283633247644,4.823851495726496
2014-12-20,37.515297389816006,26.40479246897732,14.203038083012409,4.133118279569892,8.133397518185708,4.83080404685836
2014-12-21,37.515297389816006,26.40479246897732,14.203038083012409,4.133118279569892,8.133397518185708,4.83080404685836
2014-12-22,37.515297389816006,26.40479246897732,14.203038083012409,4.133118279569892,8.133397518185708,4.83080404685836
2014-12-23,37.52367180805484,26.403384747215078,14.198800342759212,4.1319982773471144,8.12907026563839,4.83080404685836
2014-12-24,37.52367180805484,26.403384747215078,14.198800342759212,4.1319982773471144,8.12907026563839,4.83080404685836
2014-12-25,37.52367180805484,26.403384747215078,14.198800342759212,4.1319982773471144,8.12907026563839,4.83080404685836
2014-12-26,37.52367180805484,26.403384747215078,14.198800342759212,4.1319982773471144,8.12907026563839,4.83080404685836
2014-12-27,37.52367180805484,26.403384747215078,14.198800342759212,4.1319982773471144,8.12907026563839,4.83080404685836
2014-12-28,37.52367180805484,26.403384747215078,14.198800342759212,4.1319982773471144,8.12907026563839,4.83080404685836
2014-12-29,37.52367180805484,26.403384747215078,14.198800342759212,4.1319982773471144,8.12907026563839,4.83080404685836
2014-12-30,37.532067782067784,26.400042900042898,14.195195195195195,4.1308753773178095,8.125375375375375,4.83080404685836
2014-12-31,37.532067782067784,26.400042900042898,14.195195195195195,4.1308753773178095,8.125375375375375,4.83080404685836
2015-01-01,37.5436507936508,26.388459888459888,14.188760188760188,4.126994394135403,8.126662376662377,4.831342887473461
2015-01-02,37.5436507936508,26.388459888459888,14.188760188760188,4.126994394135403,8.126662376662377,4.831342887473461
2015-01-03,37.5436507936508,26.388459888459888,14.188760188760188,4.126994394135403,8.126662376662377,4.831342887473461
2015-01-04,37.5436507936508,26.388459888459888,14.188760188760188,4.126994394135403,8.126662376662377,4.831342887473461
2015-01-05,37.55143900343643,26.381872852233677,14.187070446735394,4.1239205526770295,8.12489261168385,4.831342887473461
2015-01-06,37.56582903780069,26.375,14.176761168384878,4.120466321243524,8.123389175257731,4.839814814814815
2015-01-07,37.571535821535825,26.36936936936937,14.172672672672672,4.11901681759379,8.125804375804377,4.8403217299578065
2015-01-08,37.581831831831835,26.364221364221365,14.163663663663662,4.116429495472186,8.123230373230374,4.843980021030495
2015-01-09,37.581831831831835,26.364221364221365,14.163663663663662,4.116429495472186,8.123230373230374,4.843980021030495
2015-01-10,37.58879605826907,26.361182519280206,14.157026563838903,4.114987080103359,8.12435732647815,4.850759958071279
2015-01-11,37.58879605826907,26.361182519280206,14.157026563838903,4.114987080103359,8.12435732647815,4.850759958071279
2015-01-12,37.58879605826907,26.361182519280206,14.157026563838903,4.114987080103359,8.12435732647815,4.850759958071279
2015-01-13,37.59791934791935,26.358429858429858,14.152724152724153,4.113195342820181,8.12065637065637,4.850759958071279
2015-01-14,37.60357754927164,26.352827763496144,14.14738646101114,4.113049095607235,8.123071979434448,4.854362591431557
2015-01-15,37.610504920838686,26.34852374839538,14.142062473256312,4.110967741935484,8.124197689345314,4.862630208333334
2015-01-16,37.615491452991456,26.34679487179487,14.137393162393161,4.110180412371134,8.124038461538461,4.866173416407062
2015-01-17,37.6211054204012,26.343790012804096,14.130815194195476,4.11003861003861,8.125160051216389,4.8728002070393375
2015-01-18,37.6211054204012,26.343790012804096,14.130815194195476,4.11003861003861,8.125160051216389,4.8728002070393375
2015-01-19,37.6211054204012,26.343790012804096,14.130815194195476,4.11003861003861,8.125160051216389,4.8728002070393375
2015-01-20,37.63583013230901,26.337387964148526,14.121852326077677,4.106499356499357,8.123239436619718,4.877837977296182
2015-01-21,37.64991463935126,26.325864276568502,14.112889457959879,4.103925353925354,8.123239436619718,4.881301440329218
2015-01-22,37.64991463935126,26.325864276568502,14.112889457959879,4.103925353925354,8.123239436619718,4.881301440329218
2015-01-23,37.64991463935126,26.325864276568502,14.112889457959879,4.103925353925354,8.123239436619718,4.881301440329218
2015-01-24,37.65419863597613,26.324168797953963,14.107630008525149,4.10379177377892,8.124360613810742,4.88474358974359
2015-01-25,37.65419863597613,26.324168797953963,14.107630008525149,4.10379177377892,8.124360613810742,4.88474358974359
2015-01-26,37.659748829289065,26.321200510855682,14.10238399318859,4.102374839537869,8.124840357598979,4.891232106339468
2015-01-27,37.669543904518335,26.31777493606138,14.097399829497016,4.1005784061696655,8.12116368286445,4.891232106339468
2015-01-28,37.674755214985105,26.314814814814813,14.092486164325244,4.099807445442876,8.121966794380587,4.894622833843018
2015-01-29,37.674755214985105,26.314814814814813,14.092486164325244,4.099807445442876,8.121966794380587,4.894622833843018
2015-01-30,37.67899659863946,26.31313775510204,14.089817176870747,4.098397435897436,8.121811224489797,4.897992886178862
2015-01-31,37.68195329087049,26.311464968152865,14.08460721868365,4.0969910371318825,8.124203821656051,4.901342451874367
2015-02-01,37.68195329087049,26.311464968152865,14.08460721868365,4.0969910371318825,8.124203821656051,4.901342451874367
2015-02-02,37.694692144373676,26.302547770700638,14.075690021231422,4.092509603072983,8.12484076433121,4.90770202020202
2015-02-03,37.70323129251701,26.300382653061224,14.070046768707483,4.091346153846154,8.121811224489797,4.90770202020202
2015-02-04,37.70870488322718,26.296178343949045,14.064861995753715,4.091229193341869,8.124203821656051,4.907980866062437
2015-02-05,37.721443736730365,26.288535031847132,14.057218683651804,4.088668373879641,8.122929936305733,4.911270080321286
2015-02-06,37.721443736730365,26.288535031847132,14.057218683651804,4.088668373879641,8.122929936305733,4.911270080321286
2015-02-07,37.724342663273966,26.2881679389313,14.052056827820186,4.08727621483376,8.12531806615776,4.911536536536537
2015-02-08,37.724342663273966,26.2881679389313,14.052056827820186,4.08727621483376,8.12531806615776,4.911536536536537
2015-02-09,37.724342663273966,26.2881679389313,14.052056827820186,4.08727621483376,8.12531806615776,4.911536536536537
2015-02-10,37.737065309584395,26.28498727735369,14.041242578456318,4.083439897698209,8.122773536895675,4.919286427145709
2015-02-11,37.74248199915291,26.280813214739517,14.036107581533248,4.084610472541507,8.123888182973316,4.922512437810946
2015-02-12,37.74851569126378,26.27480916030534,14.033608990670059,4.083439897698209,8.12150127226463,4.922512437810946
2015-02-13,37.753917831427366,26.27191867852605,14.028483693350275,4.08205619412516,8.121346886912326,4.928695436507937
2015-02-14,37.7580372250423,26.27030456852792,14.023371404399322,4.081951530612245,8.123730964467006,4.931874381800198
2015-02-15,37.7580372250423,26.27030456852792,14.023371404399322,4.081951530612245,8.123730964467006,4.931874381800198
2015-02-16,37.7580372250423,26.27030456852792,14.023371404399322,4.081951530612245,8.123730964467006,4.931874381800198
2015-02-17,37.76662431173232,26.267471410419315,14.017683185091062,4.079501915708812,8.121982210927573,4.931874381800198
2015-02-18,37.77996611605252,26.259212198221093,14.008788648877594,4.0782247765006385,8.119758576874206,4.9350345167652865
2015-02-19,37.7840524534687,26.258248730964468,14.003066835871403,4.079400510204081,8.120875634517766,4.938176007866273
2015-02-20,37.7840524534687,26.258248730964468,14.003066835871403,4.079400510204081,8.120875634517766,4.938176007866273
2015-02-21,37.788128432615125,26.25792141951838,13.996725813265737,4.079299363057324,8.121989860583016,4.941299019607843
2015-02-22,37.788128432615125,26.25792141951838,13.996725813265737,4.079299363057324,8.121989860583016,4.941299019607843
2015-02-23,37.788128432615125,26.25792141951838,13.996725813265737,4.079299363057324,8.121989860583016,4.941299019607843
2015-02-24,37.801436417406,26.25443599493029,13.984368398817066,4.076751592356688,8.11977186311787,4.946603128054742
2015-02-25,37.80675105485232,26.251582278481013,13.978059071729957,4.0779262086514,8.120886075949366,4.949683235867447
2015-02-26,37.81411068863541,26.24556400506971,13.974228981833544,4.076751592356688,8.11850443599493,4.949683235867447
2015-02-27,37.81814345991562,26.24398734177215,13.970464135021096,4.075381679389313,8.118354430379746,4.955660835762877
2015-02-28,37.822166034555416,26.242414664981037,13.96418036241045,4.075285895806862,8.119469026548673,4.958696705426357
2015-03-01,37.822166034555416,26.242414664981037,13.96418036241045,4.075285895806862,8.119469026548673,4.958696705426357
2015-03-02,37.82617845117846,26.239583333333332,13.95854377104377,4.073921319796955,8.120580808080808,4.966062801932368
2015-03-03,37.835440370838604,26.239886219974714,13.950906026127264,4.0721092757306225,8.116940581542352,4.966062801932368
2015-03-04,37.83943602693603,26.23705808080808,13.94465488215488,4.073286802030457,8.118055555555555,4.971941233140655
2015-03-05,37.85143097643098,26.231376262626263,13.935185185185185,4.072017766497462,8.116161616161616,4.9749039385206535
2015-03-06,37.85143097643098,26.231376262626263,13.935185185185185,4.072017766497462,8.116161616161616,4.9749039385206535
2015-03-07,37.854140395124006,26.22982345523329,13.930222782681799,4.071926489226869,8.117276166456495,4.9807231800766285
2015-03-08,37.854140395124006,26.22982345523329,13.930222782681799,4.071926489226869,8.117276166456495,4.9807231800766285
2015-03-09,37.86090067340068,26.225694444444443,13.924452861952862,4.068845177664975,8.117424242424242,4.9807231800766285
2015-03-10,37.8708386009271,26.22724399494311,13.914243573535607,4.06702668360864,8.11441213653603,4.9807231800766285
2015-03-11,37.874789562289564,26.224747474747474,13.908354377104377,4.066941624365482,8.115530303030303,4.985792741165234
2015-03-12,37.883480825958706,26.219974715549938,13.901917404129792,4.065756035578145,8.11441213653603,4.985792741165234
2015-03-13,37.88867845117846,26.217171717171716,13.897622053872054,4.06503807106599,8.115530303030303,4.9886904761904765
2015-03-14,37.892601933585546,26.21437578814628,13.89396805380412,4.064955640050697,8.116645649432535,4.991571699905033
2015-03-15,37.892601933585546,26.21437578814628,13.89396805380412,4.064955640050697,8.116645649432535,4.991571699905033
2015-03-16,37.892601933585546,26.21437578814628,13.89396805380412,4.064955640050697,8.116645649432535,4.991571699905033
2015-03-17,37.90647330811265,26.209331651954603,13.878835645229087,4.062420785804816,8.116645649432535,4.998697916666667
2015-03-18,37.91036943744753,26.20654911838791,13.872691015952979,4.063607594936709,8.117758186397985,5.00153446647781
2015-03-19,37.9223341729639,26.202141057934508,13.861356003358521,4.063607594936709,8.115869017632242,5.0043549905838045
2015-03-20,37.9223341729639,26.202141057934508,13.861356003358521,4.063607594936709,8.115869017632242,5.0043549905838045
2015-03-21,37.926205450733754,26.19937106918239,13.85649895178197,4.063527180783818,8.116981132075471,5.007159624413146
2015-03-22,37.926205450733754,26.19937106918239,13.85649895178197,4.063527180783818,8.116981132075471,5.007159624413146
2015-03-23,37.926205450733754,26.19937106918239,13.85649895178197,4.063527180783818,8.116981132075471,5.007159624413146
2015-03-24,37.93941299790357,26.19811320754717,13.841090146750524,4.062262958280657,8.115723270440252,5.009246254681648
2015-03-25,37.95073375262055,26.19433962264151,13.828511530398321,4.062262958280657,8.111949685534592,5.0092203548085905
2015-03-26,37.95073375262055,26.19433962264151,13.828511530398321,4.062262958280657,8.111949685534592,5.0092203548085905
2015-03-27,37.95456448911223,26.1928391959799,13.824958123953097,4.060921717171717,8.113065326633166,5.011987895716946
2015-03-28,37.95964031785864,26.19134253450439,13.818904224173986,4.062105926860025,8.112923462986199,5.0147400185701025
2015-03-29,37.95964031785864,26.19134253450439,13.818904224173986,4.062105926860025,8.112923462986199,5.0147400185701025
2015-03-30,37.95964031785864,26.19134253450439,13.818904224173986,4.062105926860025,8.112923462986199,5.0147400185701025
2015-03-31,37.97595148473442,26.18914680050188,13.801965704726054,4.060844892812106,8.110414052697616,5.017476851851852
2015-04-01,37.97595148473442,26.18914680050188,13.801965704726054,4.060844892812106,8.110414052697616,5.017476851851852
2015-04-02,37.98849853617733,26.18538268506901,13.788163948138854,4.059583858764187,8.109159347553325,5.020198522622345
2015-04-03,37.98849853617733,26.18538268506901,13.788163948138854,4.059583858764187,8.109159347553325,5.020198522622345
2015-04-04,37.99352548036759,26.18389724310777,13.782163742690058,4.059508816120907,8.110275689223057,5.020142725598527
2015-04-05,37.99352548036759,26.18389724310777,13.782163742690058,4.059508816120907,8.110275689223057,5.020142725598527
2015-04-06,37.99352548036759,26.18389724310777,13.782163742690058,4.059508816120907,8.110275689223057,5.020142725598527
2015-04-07,38.00292764533668,26.184546214972812,13.771225428690924,4.058532997057587,8.107695524884985,5.020142725598527
2015-04-08,38.00793650793651,26.180555555555554,13.766499582289056,4.058459277917716,8.108813700918963,5.022842056932967
2015-04-09,38.02046783625731,26.17428989139515,13.752715121136173,4.055940386230058,8.108813700918963,5.026900183150183
2015-04-10,38.02046783625731,26.17428989139515,13.752715121136173,4.055940386230058,8.108813700918963,5.026900183150183
2015-04-11,38.02419691280768,26.17282019190655,13.748018356278681,4.055870020964361,8.109929078014185,5.026826484018265
2015-04-12,38.02419691280768,26.17282019190655,13.748018356278681,4.055870020964361,8.109929078014185,5.026826484018265
2015-04-13,38.02419691280768,26.17282019190655,13.748018356278681,4.055870020964361,8.109929078014185,5.026826484018265
2015-04-14,38.03671255736337,26.17010846891948,13.733416770963705,4.05335429769392,8.109303295786399,5.030851548269581
2015-04-15,38.04166666666667,26.16739583333333,13.72875,4.054543551088777,8.109166666666667,5.030767484105359
2015-04-16,38.04567207657096,26.1662505201831,13.72378277153558,4.055729820158929,8.109966708281314,5.0320425724637685
2015-04-17,38.04935577722361,26.166043225270155,13.719139650872817,4.054406850459482,8.11107647547797,5.0346657633243
2015-04-18,38.053030303030305,26.16459111664591,13.714508094645081,4.054338756779307,8.112183478621834,5.037274774774775
2015-04-19,38.053030303030305,26.16459111664591,13.714508094645081,4.054338756779307,8.112183478621834,5.037274774774775
2015-04-20,38.053030303030305,26.16459111664591,13.714508094645081,4.054338756779307,8.112183478621834,5.037274774774775
2015-04-21,38.066106268161064,26.165213781652135,13.698318804483188,4.053087192323738,8.109692818596928,5.041217430368374
2015-04-22,38.0785595682856,26.161477791614775,13.683374844333748,4.051835627868169,8.108447488584474,5.043794802867383
2015-04-23,38.0785595682856,26.161477791614775,13.683374844333748,4.051835627868169,8.108447488584474,5.043794802867383
2015-04-24,38.082193200663355,26.158789386401324,13.680037313432836,4.051770833333333,8.108312603648423,5.04635835567471
2015-04-25,38.08581780538302,26.15734989648033,13.675465838509316,4.051706200582605,8.108178053830228,5.048908199643494
2015-04-26,38.08581780538302,26.15734989648033,13.675465838509316,4.051706200582605,8.108178053830228,5.048908199643494
2015-04-27,38.08881306865178,26.15591397849462,13.672146401985112,4.050394846217789,8.108664185277089,5.051444444444445
2015-04-28,38.09699792960663,26.15734989648033,13.661801242236026,4.048585101955888,8.10631469979296,5.051444444444445
2015-04-29,38.10184036393714,26.154673283705538,13.65725806451613,4.048524522028263,8.107423490488006,5.04864804964539
2015-04-30,38.10942028985507,26.153623188405795,13.647515527950311,4.047336662505201,8.105693581780537,5.04864804964539
2015-05-01,38.10942028985507,26.153623188405795,13.647515527950311,4.047336662505201,8.105693581780537,5.04864804964539
2015-05-02,38.11826285240465,26.152570480928688,13.637126865671641,4.046145833333333,8.103337479270314,5.04864804964539
2015-05-03,38.121842650103524,26.151138716356105,13.632608695652173,4.044839783603829,8.104451345755693,5.051171529619806
2015-05-04,38.133022774327124,26.14989648033126,13.61832298136646,4.042342904702455,8.103830227743272,5.053681657848324
2015-05-05,38.13940713101161,26.153814262023214,13.60789800995025,4.041145833333333,8.100228026533996,5.053681657848324
2015-05-06,38.14420289855073,26.151138716356105,13.603416149068323,4.041094465251769,8.10134575569358,5.050901495162709
2015-05-07,38.14650537634409,26.149710504549212,13.59894540942928,4.041043225270157,8.102460711331679,5.053399122807018
2015-05-08,38.14650537634409,26.149710504549212,13.59894540942928,4.041043225270157,8.102460711331679,5.053399122807018
2015-05-09,38.15643093465675,26.14846980976013,13.586538461538462,4.037302576891105,8.102460711331679,5.0558836395450575
2015-05-10,38.15643093465675,26.14846980976013,13.586538461538462,4.037302576891105,8.102460711331679,5.0558836395450575
2015-05-11,38.15643093465675,26.14846980976013,13.586538461538462,4.037302576891105,8.102460711331679,5.0558836395450575
2015-05-12,38.1663564929694,26.146298593879237,13.575682382133994,4.035432252701579,8.101840363937137,5.055737347294939
2015-05-13,38.17048740190005,26.144258570838492,13.57001239157373,4.034142797841428,8.103572903758778,5.058202785030462
2015-05-14,38.17048740190005,26.144258570838492,13.57001239157373,4.034142797841428,8.103572903758778,5.058202785030462
2015-05-15,38.1739892739274,26.14284240924092,13.566831683168317,4.034100331674958,8.1059199669967,5.058051215277778
2015-05-16,38.18265264026403,26.1440800330033,13.553217821782178,4.031612769485903,8.1059199669967,5.057900432900433
2015-05-17,38.18265264026403,26.1440800330033,13.553217821782178,4.031612769485903,8.1059199669967,5.057900432900433
2015-05-18,38.18265264026403,26.1440800330033,13.553217821782178,4.031612769485903,8.1059199669967,5.057900432900433
2015-05-19,38.190697194719476,26.146555280528048,13.538366336633663,4.03099087893864,8.10530115511551,5.059045768566494
2015-05-20,38.20059818481848,26.140367161716167,13.525990099009901,4.0322346600331676,8.104063531353136,5.058893195521103
2015-05-21,38.209570957095714,26.138820132013198,13.512685643564357,4.0322346600331676,8.104063531353136,5.058741408934708
2015-05-22,38.21178409559127,26.13864853728883,13.509579728059332,4.032194616977225,8.105170992995467,5.058590402742074
2015-05-23,38.219200659250106,26.14112072517511,13.495982694684796,4.032194616977225,8.103934899052328,5.058440170940171
2015-05-24,38.219200659250106,26.14112072517511,13.495982694684796,4.032194616977225,8.103934899052328,5.058440170940171
2015-05-25,38.219200659250106,26.14112072517511,13.495982694684796,4.032194616977225,8.103934899052328,5.058440170940171
2015-05-26,38.224422442244226,26.14500825082508,13.486695544554456,4.0322346600331676,8.101588283828383,5.058440170940171
2015-05-27,38.22661722290894,26.142047795632465,13.482694684796044,4.034679089026915,8.103007828594972,5.057651321398125
2015-05-28,38.23308580858086,26.140985973597356,13.474628712871286,4.033478441127695,8.1006600660066,5.057651321398125
2015-05-29,38.23308580858086,26.140985973597356,13.474628712871286,4.033478441127695,8.1006600660066,5.057651321398125
2015-05-30,38.239273927392745,26.140985973597356,13.463490099009901,4.034722222222222,8.099422442244224,5.0575042517006805
2015-05-31,38.239273927392745,26.140985973597356,13.463490099009901,4.034722222222222,8.099422442244224,5.0575042517006805
2015-06-01,38.24268644416976,26.139575607746185,13.45920889987639,4.03592132505176,8.099917593737123,5.057357930449534
2015-06-02,38.2501030078286,26.138339513803047,13.446847960444995,4.038405797101449,8.098681499793983,5.0572123519458545
2015-06-03,38.25875566543058,26.135867325916767,13.434487021013597,4.039648033126293,8.098681499793983,5.057067510548523
2015-06-04,38.26402640264027,26.1335602310231,13.427599009900991,4.0384535655058045,8.09756600660066,5.057067510548523
2015-06-05,38.26402640264027,26.1335602310231,13.427599009900991,4.0384535655058045,8.09756600660066,5.057067510548523
2015-06-06,38.271452145214525,26.132322607260722,13.415222772277227,4.0384535655058045,8.09756600660066,5.0569234006734005
2015-06-07,38.271452145214525,26.132322607260722,13.415222772277227,4.0384535655058045,8.09756600660066,5.0569234006734005
2015-06-08,38.27612556794713,26.132176786451875,13.408612143742255,4.037878787878788,8.095828170177612,5.0569234006734005
2015-06-09,38.27612556794713,26.132176786451875,13.408612143742255,4.037878787878788,8.095828170177612,5.0569234006734005
2015-06-10,38.27887788778878,26.129537953795378,13.404393564356436,4.039697346600332,8.09756600660066,5.055520570948783
2015-06-11,38.27887788778878,26.129537953795378,13.404393564356436,4.039697346600332,8.09756600660066,5.055520570948783
2015-06-12,38.28224145035023,26.128141738772143,13.40142150803461,4.039648033126293,8.099917593737123,5.052868509212731
2015-06-13,38.28965801400907,26.125669550885863,13.390296662546353,4.039648033126293,8.098681499793983,5.052736006683375
2015-06-14,38.28965801400907,26.125669550885863,13.390296662546353,4.039648033126293,8.098681499793983,5.052736006683375
2015-06-15,38.29831067161105,26.124433456942725,13.377317676143386,4.041511387163561,8.098063452822414,5.051354166666667
2015-06-16,38.29831067161105,26.124433456942725,13.377317676143386,4.041511387163561,8.098063452822414,5.051354166666667
2015-06-17,38.30164609053498,26.12057613168724,13.374382716049382,4.042700578990901,8.09917695473251,5.051226101413134
2015-06-18,38.30558980682286,26.12042745581586,13.370221948212084,4.0438868236266,8.09967118783395,5.048611111111112
2015-06-19,38.30767651888342,26.119047619047617,13.366071428571429,4.045070132013201,8.102011494252872,5.0484904880066175
2015-06-20,38.30975809758098,26.117671176711763,13.361931119311192,4.046250515039143,8.103116031160312,5.048370462046205
2015-06-21,38.30975809758098,26.117671176711763,13.361931119311192,4.046250515039143,8.103116031160312,5.048370462046205
2015-06-22,38.31506568144499,26.12027914614121,13.353756157635468,4.046307755775578,8.09954844006568,5.048370462046205
2015-06-23,38.317138171381714,26.118901189011886,13.349630996309964,4.046250515039143,8.101271012710127,5.04701646090535
2015-06-24,38.323288232882334,26.115211152111517,13.338560885608857,4.0474866089822825,8.10250102501025,5.044437602627258
2015-06-25,38.32780507780508,26.112612612612608,13.33445945945946,4.048662551440329,8.103603603603604,5.041871416871417
2015-06-26,38.32780507780508,26.112612612612608,13.33445945945946,4.048662551440329,8.103603603603604,5.041871416871417
2015-06-27,38.33517608517609,26.11015561015561,13.322174447174447,4.0474279835390945,8.104832104832104,5.041768790849673
2015-06-28,38.33517608517609,26.11015561015561,13.322174447174447,4.0474279835390945,8.104832104832104,5.041768790849673
2015-06-29,38.33517608517609,26.11015561015561,13.322174447174447,4.0474279835390945,8.104832104832104,5.041768790849673
2015-06-30,38.34070434070434,26.109541359541357,13.308046683046683,4.049897119341564,8.105446355446356,5.040444172779136
2015-07-01,38.345194274028636,26.10572597137014,13.30398773006135,4.051068639539663,8.107770961145194,5.03790650406504
2015-07-02,38.35132924335379,26.100817995910017,13.295398773006134,4.051068639539663,8.110224948875254,5.037814274128142
2015-07-03,38.35457516339869,26.100694444444443,13.292585784313726,4.051005747126436,8.111315359477123,5.0352953074433655
2015-07-04,38.360702614379086,26.098243464052285,13.282781862745098,4.04977422003284,8.112540849673202,5.035209846650524
2015-07-05,38.360702614379086,26.098243464052285,13.282781862745098,4.04977422003284,8.112540849673202,5.035209846650524
2015-07-06,38.360702614379086,26.098243464052285,13.282781862745098,4.04977422003284,8.112540849673202,5.035209846650524
2015-07-07,38.369281045751634,26.098243464052285,13.270526960784315,4.04977422003284,8.112540849673202,5.032709339774557
2015-07-08,38.37372501019992,26.094451244390044,13.267747858017136,4.050943009430094,8.11485108119135,5.030220883534136
2015-07-09,38.37908496732027,26.09211601307189,13.260723039215685,4.051005747126436,8.114991830065359,5.030220883534136
2015-07-10,38.37908496732027,26.09211601307189,13.260723039215685,4.051005747126436,8.114991830065359,5.030220883534136
2015-07-11,38.383231083844585,26.09100204498977,13.253680981595092,4.049835593916975,8.113905930470347,5.030220883534136
2015-07-12,38.39304703476483,26.089775051124743,13.242638036809815,4.048602548294287,8.115132924335377,5.025340544871795
2015-07-13,38.40224948875256,26.08732106339468,13.232208588957056,4.046752979860255,8.11635991820041,5.021682653876898
2015-07-14,38.40838445807771,26.08732106339468,13.22116564417178,4.046752979860255,8.11758691206544,5.0192384370015946
2015-07-15,38.40838445807771,26.08732106339468,13.22116564417178,4.046752979860255,8.11758691206544,5.0192384370015946
2015-07-16,38.41390593047035,26.085480572597135,13.210122699386503,4.047369502671598,8.119427402862986,5.016805887032617
2015-07-17,38.41707516339869,26.082924836601304,13.207414215686274,4.04977422003284,8.120506535947712,5.01438492063492
2015-07-18,38.42565359477125,26.07924836601307,13.198835784313726,4.04977422003284,8.120506535947712,5.011975455265241
2015-07-19,38.42565359477125,26.07924836601307,13.198835784313726,4.04977422003284,8.120506535947712,5.011975455265241
2015-07-20,38.43002855977152,26.077927376580984,13.194308445532435,4.049712997129971,8.12219502243982,5.007207740916272
2015-07-21,38.43300653594772,26.082924836601304,13.184742647058824,4.048542692939244,8.12111928104575,5.007207740916272
2015-07-22,38.439133986928105,26.081699346405227,13.173713235294118,4.048542692939244,8.123570261437909,5.0048266351457835
2015-07-23,38.44349245206039,26.079151366789063,13.169828641370868,4.049712997129971,8.124643002855978,5.002456761006289
2015-07-24,38.44661776691117,26.07783211083944,13.167176039119804,4.049651924651925,8.125713121434393,5.000098039215686
2015-07-25,38.45639771801141,26.074164629176853,13.15861858190709,4.048423423423423,8.125713121434393,4.99540297339593
2015-07-26,38.45639771801141,26.074164629176853,13.15861858190709,4.048423423423423,8.125713121434393,4.99540297339593
2015-07-27,38.45639771801141,26.074164629176853,13.15861858190709,4.048423423423423,8.125713121434393,4.99540297339593
2015-07-28,38.46312143439283,26.078443357783208,13.14578239608802,4.047194922194922,8.125101874490626,4.990729898516784
2015-07-29,38.46743996743997,26.07468457468457,13.141941391941392,4.047137014314928,8.127391127391126,4.986078660436137
2015-07-30,38.47476597476598,26.071021571021568,13.134615384615385,4.047137014314928,8.127391127391126,4.983780108780109
2015-07-31,38.47476597476598,26.071021571021568,13.134615384615385,4.047137014314928,8.127391127391126,4.983780108780109
2015-08-01,38.48575498575499,26.069800569800567,13.123626373626374,4.044683026584867,8.126170126170125,4.979166666666666
2015-08-02,38.4900162999185,26.069885900570494,13.116442542787286,4.0435094185094185,8.125101874490626,4.979166666666666
2015-08-03,38.495522995523,26.067969067969067,13.112637362637363,4.043456032719837,8.126780626780626,4.974574632637277
2015-08-04,38.49857375713122,26.07294213528932,13.10544009779951,4.042280917280917,8.123268133659332,4.974574632637277
2015-08-05,38.501628001628006,26.07041107041107,13.101648351648352,4.043456032719837,8.124338624338623,4.970003858024691
2015-08-06,38.505297473512634,26.071108394458026,13.0950488997555,4.042280917280917,8.123268133659332,4.970003858024691
2015-08-07,38.505297473512634,26.071108394458026,13.0950488997555,4.042280917280917,8.123268133659332,4.970003858024691
2015-08-08,38.51507742461288,26.069885900570494,13.084046454767726,4.039823914823915,8.124490627546862,4.967763664357197
2015-08-09,38.51507742461288,26.069885900570494,13.084046454767726,4.039823914823915,8.124490627546862,4.967763664357197
2015-08-10,38.51507742461288,26.069885900570494,13.084046454767726,4.039823914823915,8.124490627546862,4.967763664357197
2015-08-11,38.52302363488183,26.066524042379786,13.075794621026894,4.038288288288288,8.124796251018745,4.965533794162826
2015-08-12,38.53280358598207,26.06163406682966,13.06723716381418,4.037059787059787,8.126018744906276,4.961015325670497
2015-08-13,38.5359037127703,26.05803753569971,13.064871481028153,4.035875358753588,8.124949000407996,4.961015325670497
2015-08-14,38.54013854930726,26.05552159739201,13.06234718826406,4.035831285831286,8.126018744906276,4.958811162079511
2015-08-15,38.544471644226846,26.053141574867396,13.05875152998776,4.033415334153341,8.124949000407996,4.958811162079511
2015-08-16,38.5499185004075,26.050631621841887,13.056234718826406,4.033374283374283,8.127241238793806,4.954328756674294
2015-08-17,38.55291005291006,26.048738298738296,13.053724053724054,4.033946830265848,8.128306878306878,4.952149923896499
2015-08-18,38.55847595762022,26.04757538712306,13.050122249388753,4.032760032760033,8.126018744906276,4.952149923896499
2015-08-19,38.56298331298331,26.04568579568579,13.046092796092797,4.033640081799591,8.127696377696378,4.948272589217919
2015-08-20,38.56298331298331,26.04568579568579,13.046092796092797,4.033640081799591,8.127696377696378,4.948272589217919
2015-08-21,38.56717479674797,26.04563008130081,13.042378048780488,4.03359885620915,8.128760162601626,4.9438446969696965
2015-08-22,38.578150406504065,26.0395325203252,13.036280487804879,4.029922385620915,8.129979674796747,4.941704459561602
2015-08-23,38.578150406504065,26.0395325203252,13.036280487804879,4.029922385620915,8.129979674796747,4.941704459561602
2015-08-24,38.578150406504065,26.0395325203252,13.036280487804879,4.029922385620915,8.129979674796747,4.941704459561602
2015-08-25,38.581298331298335,26.039580789580786,13.032661782661783,4.0287321063394685,8.127696377696378,4.941704459561602
2015-08-26,38.58923483923484,26.033781033781032,13.026862026862027,4.026278118609407,8.129222629222628,4.939008295625943
2015-08-27,38.59339430894309,26.032520325203247,13.023170731707317,4.027471405228758,8.13150406504065,4.934631301730624
2015-08-28,38.59339430894309,26.032520325203247,13.023170731707317,4.027471405228758,8.13150406504065,4.934631301730624
2015-08-29,38.60071138211382,26.02764227642276,13.017073170731708,4.025020424836601,8.13150406504065,4.932526276276276
2015-08-30,38.60071138211382,26.02764227642276,13.017073170731708,4.025020424836601,8.13150406504065,4.932526276276276
2015-08-31,38.604242793341456,26.024563540397885,13.013398294762485,4.024989800081599,8.133170929760455,4.931554307116104
2015-09-01,38.60721544715447,26.023373983739834,13.009756097560976,4.022773692810457,8.13211382113821,4.931554307116104
2015-09-02,38.60891189606171,26.020909460008117,13.007308160779537,4.023969808241533,8.135606983353634,4.927223467862481
2015-09-03,38.61743808363784,26.01603735282176,12.997563946406821,4.022745818033456,8.136825010150224,4.925149142431021
2015-09-04,38.61743808363784,26.01603735282176,12.997563946406821,4.022745818033456,8.136825010150224,4.925149142431021
2015-09-05,38.62596427121397,26.0111652456354,12.989037758830694,4.021521827825377,8.138043036946813,4.923084077380952
2015-09-06,38.63160569105691,26.009959349593494,12.980487804878049,4.0203227124183005,8.138211382113822,4.923084077380952
2015-09-07,38.63160569105691,26.009959349593494,12.980487804878049,4.0203227124183005,8.138211382113822,4.923084077380952
2015-09-08,38.641971544715446,26.00873983739837,12.96890243902439,4.019097222222221,8.138821138211382,4.923255382331106
2015-09-09,38.64928861788618,26.005081300813004,12.955487804878048,4.017871732026143,8.142479674796748,4.9212037037037035
2015-09-10,38.64928861788618,26.005081300813004,12.955487804878048,4.017871732026143,8.142479674796748,4.9212037037037035
2015-09-11,38.65336987413723,26.00446609825416,12.95249695493301,4.017849857201142,8.14291514413317,4.919161123429416
2015-09-12,38.66189606171336,26.00203004466098,12.941534713763703,4.017849857201142,8.14413317092976,4.917127581120944
2015-09-13,38.66189606171336,26.00203004466098,12.941534713763703,4.017849857201142,8.14413317092976,4.917127581120944
2015-09-14,38.66352392538524,25.999594484995942,12.937956204379562,4.017828035859821,8.145782643957826,4.9184142752023545
2015-09-15,38.67042224928949,26.00081201786439,12.928136419001218,4.0166258669930635,8.145960211124644,4.9184142752023545
2015-09-16,38.673864557988644,25.9992903487429,12.924270072992702,4.017828035859821,8.147303325223033,4.915840675477239
2015-09-17,38.68359691808597,25.994424168694238,12.913321167883211,4.0166055419722895,8.148519870235198,4.913827838827839
2015-09-18,38.68359691808597,25.994424168694238,12.913321167883211,4.0166055419722895,8.148519870235198,4.913827838827839
2015-09-19,38.69211273317113,25.99199107866991,12.89750608272506,4.0166055419722895,8.149736415247364,4.914016812865497
2015-09-20,38.69211273317113,25.99199107866991,12.89750608272506,4.0166055419722895,8.149736415247364,4.914016812865497
2015-09-21,38.69309437019036,25.990178209801535,12.893377885783718,4.016585266585266,8.151984609153503,4.916393143690736
2015-09-22,38.7036699107867,25.993815896188156,12.875,4.017828035859821,8.150952960259529,4.916393143690736
2015-09-23,38.71218572587186,25.99016626115166,12.85918491484185,4.017828035859821,8.154602595296026,4.9143922852983986
2015-09-24,38.71218572587186,25.99016626115166,12.85918491484185,4.017828035859821,8.154602595296026,4.9143922852983986
2015-09-25,38.714965573106525,25.990178209801535,12.855710814094776,4.017806267806267,8.15562980963953,4.914578794480755
2015-09-26,38.72347104090725,25.990178209801535,12.838699878493317,4.017806267806267,8.15805994329688,4.916938405797101
2015-09-27,38.72347104090725,25.990178209801535,12.838699878493317,4.017806267806267,8.15805994329688,4.916938405797101
2015-09-28,38.7231998381877,25.98715614886731,12.835861650485437,4.017784552845528,8.16090210355987,4.919287780187997
2015-09-29,38.733799108951,25.9895706763872,12.81865127582017,4.017806267806267,8.16109761036857,4.919287780187997
2015-09-30,38.7353357605178,25.98715614886731,12.815230582524272,4.01900406504065,8.16332928802589,4.919462481962482
2015-10-01,38.743224110032365,25.984122168284788,12.798847087378642,4.020223577235772,8.165149676375405,4.921796256299496
2015-10-02,38.743224110032365,25.984122168284788,12.798847087378642,4.020223577235772,8.165149676375405,4.921796256299496
2015-10-03,38.75293284789644,25.986549352750806,12.780643203883495,4.01900406504065,8.166363268608414,4.921964798850574
2015-10-04,38.75293284789644,25.986549352750806,12.780643203883495,4.01900406504065,8.166363268608414,4.921964798850574
2015-10-05,38.76113811259619,25.987748076144186,12.765795868772782,4.0186202686202686,8.166970433373836,4.921964798850574
2015-10-06,38.76142799352751,25.985335760517795,12.761832524271844,4.0198170731707314,8.169194983818771,4.924283154121864
2015-10-07,38.76171717171717,25.984141414141412,12.757272727272728,4.021010962241169,8.170202020202021,4.92873748211731
2015-10-08,38.76321630347054,25.982949959644873,12.753934624697337,4.02220194647202,8.171206618240516,4.928890078515346
2015-10-09,38.765920999596936,25.981761386537684,12.749395405078598,4.022174969623329,8.172208786779525,4.9311787749287745
2015-10-10,38.77196694881096,25.981761386537684,12.732466747279323,4.023390036452005,8.174627166465136,4.933457711442785
2015-10-11,38.77196694881096,25.981761386537684,12.732466747279323,4.023390036452005,8.174627166465136,4.933457711442785
2015-10-12,38.7710346215781,25.97997181964573,12.729166666666666,4.024575242718447,8.175623993558776,4.936790780141844
2015-10-13,38.780431277710605,25.984784361144698,12.711910519951632,4.02460510328068,8.174627166465136,4.936790780141844
2015-10-14,38.77948872785829,25.983595008051527,12.708635265700483,4.025788834951456,8.175623993558776,4.941171266808209
2015-10-15,38.77948872785829,25.983595008051527,12.708635265700483,4.025788834951456,8.175623993558776,4.941171266808209
2015-10-16,38.77948872785829,25.983595008051527,12.708635265700483,4.025788834951456,8.175623993558776,4.941171266808209
2015-10-17,38.78311191626409,25.986010466988724,12.690519323671497,4.027002427184466,8.178039452495975,4.945533192090395
2015-10-18,38.78311191626409,25.986010466988724,12.690519323671497,4.027002427184466,8.178039452495975,4.945533192090395
2015-10-19,38.78096099718537,25.98482106956172,12.686670687575392,4.028181818181818,8.179634097305991,4.950933756166314
2015-10-20,38.78940490550865,25.990852432649778,12.664354644149578,4.03,8.180840369923603,4.955256680731364
2015-10-21,38.79302372336148,25.988439887414554,12.649879372738239,4.03,8.184459187776438,4.959561403508771
2015-10-22,38.79760466988728,25.988425925925924,12.63737922705314,4.03003640776699,8.185889694041869,4.959561403508771
2015-10-23,38.79724567752312,25.986630478488134,12.634800965018094,4.031212121212121,8.18687173301166,4.963848039215686
2015-10-24,38.800864495375954,25.989043023723358,12.619119420989144,4.031212121212121,8.188078005629272,4.968116701607268
2015-10-25,38.800864495375954,25.989043023723358,12.619119420989144,4.031212121212121,8.188078005629272,4.968116701607268
2015-10-26,38.800864495375954,25.989043023723358,12.619119420989144,4.031212121212121,8.188078005629272,4.968116701607268
2015-10-27,38.8056895858464,25.992058705267386,12.60102533172497,4.031818181818182,8.188681141938078,4.975505578800558
2015-10-28,38.80230923694779,25.98965863453815,12.599096385542168,4.0342009685230025,8.189658634538153,4.9776443980514955
2015-10-29,38.80930840369924,25.989646160032166,12.587756332931242,4.033030303030303,8.18988741455569,4.9776443980514955
2015-10-30,38.80930840369924,25.989646160032166,12.587756332931242,4.033030303030303,8.18988741455569,4.9776443980514955
2015-10-31,38.81292722155207,25.990852432649778,12.573281061519904,4.033030303030303,8.191093687173302,4.983940972222222
2015-11-01,38.81292722155207,25.990852432649778,12.573281061519904,4.033030303030303,8.191093687173302,4.983940972222222
2015-11-02,38.80893574297189,25.989056224899596,12.570180722891566,4.034806295399516,8.193273092369479,4.990211365211365
2015-11-03,38.816546039404905,25.990852432649778,12.556393244873341,4.034545454545454,8.193807800562928,4.990211365211365
2015-11-04,38.81315261044177,25.988453815261042,12.554518072289156,4.035714285714286,8.194779116465863,4.994381051175656
2015-11-05,38.8179718875502,25.988453815261042,12.540060240963856,4.036924939467313,8.194779116465863,5.000603864734299
2015-11-06,38.8179718875502,25.988453815261042,12.540060240963856,4.036924939467313,8.194779116465863,5.000603864734299
2015-11-07,38.82098393574297,25.988453815261042,12.525602409638553,4.036319612590799,8.195983935742973,5.008867079889807
2015-11-08,38.82098393574297,25.988453815261042,12.525602409638553,4.036319612590799,8.195983935742973,5.008867079889807
2015-11-09,38.81518251103089,25.986060970718007,12.522563176895307,4.03869407496977,8.19935820296831,5.019158075601374
2015-11-10,38.82339357429719,25.992068273092368,12.50632530120482,4.0375302663438255,8.198393574297189,5.019158075601374
2015-11-11,38.82240272763739,25.990874448455674,12.503309265944646,4.03869407496977,8.198154833533895,5.023233882030178
2015-11-12,38.828212851405624,25.988453815261042,12.491867469879518,4.038740920096853,8.199598393574298,5.023233882030178
2015-11-13,38.828419574809466,25.98846770958684,12.487665463297231,4.03869407496977,8.200561572402728,5.029346338124572
2015-11-14,38.832029683112715,25.987264340152425,12.474428399518652,4.037484885126965,8.201764941837144,5.035433743169398
2015-11-15,38.832029683112715,25.987264340152425,12.474428399518652,4.037484885126965,8.201764941837144,5.035433743169398
2015-11-16,38.8380465302848,25.986662655435214,12.455174488567991,4.03869407496977,8.204171680705977,5.0466087252897065
2015-11-17,38.83463541666667,25.98547676282051,12.452223557692308,4.0398550724637685,8.205128205128206,5.052636054421768
2015-11-18,38.83463541666667,25.98547676282051,12.452223557692308,4.0398550724637685,8.205128205128206,5.052636054421768
2015-11-19,38.83393357342937,25.983693477390954,12.448979591836734,4.0407117008443905,8.206382553021209,5.058638832315003
2015-11-20,38.83173461231015,25.98251398880895,12.446043165467627,4.041867469879518,8.206135091926459,5.06664972899729
2015-11-21,38.8365307753797,25.983713029576336,12.42925659472422,4.041867469879518,8.207334132693845,5.070571331981068
2015-11-22,38.8365307753797,25.983713029576336,12.42925659472422,4.041867469879518,8.207334132693845,5.070571331981068
2015-11-23,38.8313373253493,25.980139720558878,12.425149700598803,4.044223826714801,8.210079840319361,5.080549932523616
2015-11-24,38.84192645883294,25.98491207034372,12.40767386091127,4.043072289156626,8.21033173461231,5.080549932523616
2015-11-25,38.84912070343725,25.983713029576336,12.390887290167866,4.043072289156626,8.211530775379696,5.0844276094276095
2015-11-26,38.85494197679072,25.9812925170068,12.37935174069628,4.043124246079614,8.212985194077632,5.0844276094276095
2015-11-27,38.85511590727418,25.98011590727418,12.375299760191847,4.043072289156626,8.212729816147082,5.09232190860215
2015-11-28,38.859912070343725,25.978916866506793,12.360911270983214,4.043072289156626,8.215127897681855,5.098172367538565
2015-11-29,38.859912070343725,25.978916866506793,12.360911270983214,4.043072289156626,8.215127897681855,5.098172367538565
2015-11-30,38.854690618762476,25.975948103792412,12.35748502994012,4.04482551143201,8.216666666666667,5.109019410977242
2015-12-01,38.86410871302958,25.979516386890484,12.341127098321342,4.044879518072289,8.215727418065548,5.109019410977242
2015-12-02,38.86427145708583,25.97714570858283,12.338323353293413,4.046028880866426,8.216666666666667,5.110804943219772
2015-12-03,38.86204146730463,25.975976874003187,12.336722488038278,4.0459735576923075,8.21640749601276,5.120583333333333
2015-12-04,38.86204146730463,25.975976874003187,12.336722488038278,4.0459735576923075,8.21640749601276,5.120583333333333
2015-12-05,38.86802232854865,25.975976874003187,12.321172248803828,4.044771634615385,8.217603668261564,5.126330671989354
2015-12-06,38.86802232854865,25.975976874003187,12.321172248803828,4.044771634615385,8.217603668261564,5.126330671989354
2015-12-07,38.87564870259481,25.97894211576846,12.307185628742515,4.044223826714801,8.217265469061877,5.126330671989354
2015-12-08,38.87624750499002,25.974151696606782,12.293413173652695,4.046028880866426,8.220259481037925,5.136039176626825
2015-12-09,38.87519936204147,25.971790271132374,12.29066985645933,4.0459735576923075,8.221192185007975,5.141732935719019
2015-12-10,38.8810379241517,25.971756487025946,12.277844311377246,4.046028880866426,8.222654690618763,5.141732935719019
2015-12-11,38.88118022328549,25.969397926634766,12.275119617224881,4.0459735576923075,8.223584529505583,5.149388227513227
2015-12-12,38.88716108452951,25.969397926634766,12.259569377990431,4.043569711538462,8.22597687400319,5.155033003300329
2015-12-13,38.88716108452951,25.969397926634766,12.259569377990431,4.043569711538462,8.22597687400319,5.155033003300329
2015-12-14,38.88251692552768,25.96644763042612,12.255675029868579,4.0453181272509005,8.228096375945839,5.1646080368906455
2015-12-15,38.89088012743927,25.967642373556348,12.240143369175627,4.044117647058823,8.228096375945839,5.170200525969756
2015-12-16,38.889817024661895,25.967680986475735,12.236873508353222,4.045263788968825,8.228420843277645,5.175770997375328
2015-12-17,38.889817024661895,25.967680986475735,12.236873508353222,4.045263788968825,8.228420843277645,5.175770997375328
2015-12-18,38.888756456098534,25.96533571712356,12.234207389749702,4.045209580838323,8.228148589590782,5.185248853962016
2015-12-19,38.893524036551455,25.964143822010328,12.219904648390942,4.045209580838323,8.229340484704013,5.190767973856209
2015-12-20,38.893524036551455,25.964143822010328,12.219904648390942,4.045209580838323,8.229340484704013,5.190767973856209
2015-12-21,38.88948412698413,25.960615079365077,12.216666666666667,4.047547846889952,8.23263888888889,5.1992009132420085
2015-12-22,38.89662698412698,25.961805555555554,12.201190476190476,4.046351674641149,8.233829365079366,5.204671223958333
2015-12-23,38.90484704012714,25.961760031783868,12.188319427890345,4.045209580838323,8.234108065156933,5.204671223958333
2015-12-24,38.90484704012714,25.961760031783868,12.188319427890345,4.045209580838323,8.234108065156933,5.204671223958333
2015-12-25,38.90484704012714,25.961760031783868,12.188319427890345,4.045209580838323,8.234108065156933,5.204671223958333
2015-12-26,38.91199841080652,25.958184346444177,12.174016686531585,4.044011976047904,8.236491855383393,5.212069525666017
2015-12-27,38.91199841080652,25.958184346444177,12.174016686531585,4.044011976047904,8.236491855383393,5.212069525666017
2015-12-28,38.91199841080652,25.958184346444177,12.174016686531585,4.044011976047904,8.236491855383393,5.212069525666017
2015-12-29,38.92034167659913,25.956992451330947,12.158522050059595,4.045209580838323,8.236491855383393,5.217493514915693
2015-12-30,38.92034167659913,25.956992451330947,12.158522050059595,4.045209580838323,8.236491855383393,5.217493514915693
2015-12-31,38.927406523468576,25.95336117740652,12.146778042959427,4.045263788968825,8.237967382657121,5.217493514915693
2016-01-01,38.927406523468576,25.95336117740652,12.146778042959427,4.045263788968825,8.237967382657121,5.217493514915693
2016-01-02,38.935682994822784,25.952110712863398,12.136200716845877,4.044117647058823,8.237056949422541,5.217493514915693
2016-01-03,38.935682994822784,25.952110712863398,12.136200716845877,4.044117647058823,8.237056949422541,5.217493514915693
2016-01-04,38.93396976929197,25.94888623707239,12.13365155131265,4.045263788968825,8.237967382657121,5.225323624595469
2016-01-05,38.9410593389088,25.949422540820386,12.122461170848268,4.044417767106843,8.237953006770212,5.225323624595469
2016-01-06,38.948227797690166,25.945838311429707,12.108124253285544,4.044417767106843,8.240342493030665,5.230700904392765
2016-01-07,38.95539625647152,25.942254082039025,12.09378733572282,4.044417767106843,8.240342493030665,5.237991618310767
2016-01-08,38.95539625647152,25.942254082039025,12.09378733572282,4.044417767106843,8.240342493030665,5.237991618310767
2016-01-09,38.96256471525289,25.937475109518118,12.079450418160096,4.044417767106843,8.241537236160893,5.24332368082368
2016-01-10,38.96256471525289,25.937475109518118,12.079450418160096,4.044417767106843,8.241537236160893,5.24332368082368
2016-01-11,38.957836117740655,25.932179793158312,12.076968973747016,4.046762589928058,8.243635640413684,5.255378933847141
2016-01-12,38.96495420151334,25.933293508562322,12.065113500597372,4.048019207683073,8.241537236160893,5.255378933847141
2016-01-13,38.963802704852824,25.92979315831344,12.062649164677804,4.04916067146283,8.243635640413684,5.262580128205128
2016-01-14,38.963802704852824,25.92979315831344,12.062649164677804,4.04916067146283,8.243635640413684,5.262580128205128
2016-01-15,38.961462058005566,25.928088994835118,12.060190703218117,4.049700598802395,8.243345252284467,5.272632757517594
2016-01-16,38.96742153357172,25.923321414382198,12.045887961859357,4.050898203592815,8.244537147397695,5.279773307790549
2016-01-17,38.96742153357172,25.923321414382198,12.045887961859357,4.050898203592815,8.244537147397695,5.279773307790549
2016-01-18,38.959722222222226,25.919246031746027,12.042857142857143,4.053827751196172,8.246626984126985,5.293578712555767
2016-01-19,38.965674603174605,25.9156746031746,12.028571428571428,4.05622009569378,8.245436507936509,5.302560432569974
2016-01-20,38.97397695669448,25.91319030591974,12.01549463647199,4.0562874251497005,8.245729042510925,5.302560432569974
2016-01-21,38.97397695669448,25.91319030591974,12.01549463647199,4.0562874251497005,8.245729042510925,5.302560432569974
2016-01-22,38.97397695669448,25.91319030591974,12.01549463647199,4.0562874251497005,8.245729042510925,5.302560432569974
2016-01-23,38.97755264203417,25.909614620580054,12.00119189511323,4.0562874251497005,8.246920937624155,5.311507936507936
2016-01-24,38.97755264203417,25.909614620580054,12.00119189511323,4.0562874251497005,8.246920937624155,5.311507936507936
2016-01-25,38.96984126984127,25.90615079365079,11.998809523809523,4.0586124401913874,8.24781746031746,5.326124841571609
2016-01-26,38.9734126984127,25.90376984126984,11.98452380952381,4.062799043062201,8.248412698412698,5.3349936748893105
2016-01-27,38.96987713040031,25.90150614347998,11.98216409036861,4.063918757467144,8.250495441934206,5.3438289141414135
2016-01-28,38.97579365079365,25.89781746031746,11.972619047619048,4.063995215311005,8.251984126984127,5.3438289141414135
2016-01-29,38.97344431232659,25.895560840269518,11.971462544589775,4.065113500597372,8.251684502576298,5.354521109010712
2016-01-30,38.97463337296868,25.89199365834324,11.957193816884661,4.066308243727598,8.252873563218392,5.367059748427673
2016-01-31,38.97463337296868,25.89199365834324,11.957193816884661,4.066308243727598,8.252873563218392,5.367059748427673
2016-02-01,38.97463337296868,25.88485929449068,11.945303210463734,4.068100358422939,8.255846214823624,5.3804927809165095
2016-02-02,38.98293650793651,25.88472222222222,11.93452380952381,4.068181818181818,8.254960317460318,5.3804927809165095
2016-02-03,38.97879508521601,25.882481173206497,11.932223543400713,4.069295101553166,8.255846214823624,5.3910557644110275
2016-02-04,38.98472222222222,25.88115079365079,11.92142857142857,4.068181818181818,8.25734126984127,5.3910557644110275
2016-02-05,38.98472222222222,25.88115079365079,11.92142857142857,4.068181818181818,8.25734126984127,5.3910557644110275
2016-02-06,38.98948412698413,25.87519841269841,11.908333333333333,4.0669856459330145,8.259722222222223,5.403455284552845
2016-02-07,38.98948412698413,25.87519841269841,11.908333333333333,4.0669856459330145,8.259722222222223,5.403455284552845
2016-02-08,38.98948412698413,25.87519841269841,11.908333333333333,4.0669856459330145,8.259722222222223,5.403455284552845
2016-02-09,38.99007936507937,25.870436507936503,11.896428571428572,4.068181818181818,8.262698412698413,5.415808364544319
2016-02-10,38.99246031746032,25.866865079365077,11.883333333333333,4.068181818181818,8.265079365079366,5.424376947040498
2016-02-11,38.99246031746032,25.866865079365077,11.883333333333333,4.068181818181818,8.265079365079366,5.424376947040498
2016-02-12,38.99246031746032,25.866865079365077,11.883333333333333,4.068181818181818,8.265079365079366,5.424376947040498
2016-02-13,38.99603174603175,25.86210317460317,11.870238095238095,4.068181818181818,8.26626984126984,5.436644900497512
2016-02-14,38.99603174603175,25.86210317460317,11.870238095238095,4.068181818181818,8.26626984126984,5.436644900497512
2016-02-15,38.98830757035275,25.858105430043597,11.869203329369798,4.07168458781362,8.26773682124455,5.449798261949099
2016-02-16,38.9954365079365,25.85912698412698,11.858333333333333,4.070574162679426,8.266865079365079,5.449798261949099
2016-02-17,38.99454365079365,25.853769841269838,11.84702380952381,4.073564593301436,8.270436507936509,5.457791201982651
2016-02-18,38.99217201743955,25.851565596512085,11.843638525564804,4.074671445639187,8.272493063812922,5.468073593073592
2016-02-19,38.98861836896278,25.850554235946156,11.841448931116389,4.075775656324582,8.273357086302456,5.476466049382716
2016-02-20,38.992181314330956,25.84580364212193,11.828384798099762,4.075775656324582,8.275732383214569,5.488524337646334
2016-02-21,38.992181314330956,25.84580364212193,11.828384798099762,4.075775656324582,8.275732383214569,5.488524337646334
2016-02-22,38.984480031633055,25.841834717279554,11.826809015421116,4.0786650774731825,8.277777777777779,5.501460639606396
2016-02-23,38.99277513855898,25.840459224069672,11.818289786223279,4.078758949880668,8.276920031670626,5.501460639606396
2016-02-24,38.98803875049426,25.838275998418343,11.816132858837484,4.081048867699643,8.27896401739818,5.509745242480049
2016-02-25,38.99336896278701,25.833333333333332,11.807600950118765,4.0817422434367545,8.281076801266826,5.509745242480049
2016-02-26,38.99100434954527,25.82997232107552,11.806642941874259,4.084028605482717,8.280743376828786,5.517999387254902
2016-02-27,38.994563068406485,25.822854883353102,11.795966785290629,4.085220500595947,8.28192961644919,5.5280581039755345
2016-02-28,38.994563068406485,25.822854883353102,11.795966785290629,4.085220500595947,8.28192961644919,5.5280581039755345
2016-02-29,38.98894154818325,25.8195102685624,11.794431279620854,4.087797619047619,8.283965244865719,5.538537851037851
2016-03-01,38.998418347172795,25.81573744563068,11.7858837485172,4.087902264600715,8.283115856069593,5.538537851037851
2016-03-02,38.993680884676145,25.813586097946285,11.783767772511847,4.090178571428571,8.285150078988941,5.54486593540524
2016-03-03,39.0007908264136,25.80862000790826,11.77520759193357,4.089094159713945,8.286674574930803,5.54486593540524
2016-03-04,39.0007908264136,25.80862000790826,11.77520759193357,4.089094159713945,8.286674574930803,5.54486593540524
2016-03-05,39.004349545274806,25.801502570185843,11.76453143534994,4.0902860548271756,8.28904705417161,5.554820559610706
2016-03-06,39.004349545274806,25.801502570185843,11.76453143534994,4.0902860548271756,8.28904705417161,5.554820559610706
2016-03-07,39.004349545274806,25.801502570185843,11.76453143534994,4.0902860548271756,8.28904705417161,5.554820559610706
2016-03-08,39.004349545274806,25.794978252273623,11.75425069197311,4.09326579261025,8.291419533412416,5.565649666059502
2016-03-09,38.99960505529226,25.791666666666664,11.753357030015797,4.095535714285714,8.292259083728279,5.573712121212121
2016-03-10,39.005535784895216,25.7866745749308,11.745947014630287,4.09564958283671,8.294978252273626,5.573712121212121
2016-03-11,39.005535784895216,25.7866745749308,11.745947014630287,4.09564958283671,8.294978252273626,5.573712121212121
2016-03-12,39.00909450375642,25.77955713720838,11.737643337287464,4.0968414779499405,8.29616449189403,5.583560193587417
2016-03-13,39.015043547110054,25.774544734758507,11.730205859065714,4.096957040572792,8.29889152810768,5.583560193587417
2016-03-14,39.00672202451562,25.770067220245153,11.728153420324237,4.099821215733016,8.302095689996046,5.59699577294686
2016-03-15,39.01623119556611,25.76623119556611,11.719517022961202,4.102326968973747,8.303642121931908,5.59699577294686
2016-03-16,39.01146698299723,25.76176354290233,11.717477263740607,4.105780691299166,8.305654408857256,5.6067661241711875
2016-03-17,39.00789889415481,25.75612164296998,11.715442338072668,4.109226190476191,8.305292259083728,5.621916365824307
2016-03-18,39.00315581854043,25.753747534516762,11.714595660749506,4.112068965517241,8.30552268244576,5.6320570570570565
2016-03-19,39.00552268244576,25.746646942800787,11.709861932938855,4.114447086801427,8.307889546351085,5.645308752997602
2016-03-20,39.00552268244576,25.746646942800787,11.709861932938855,4.114447086801427,8.307889546351085,5.645308752997602
2016-03-21,38.99842395587076,25.742218282111896,11.709022852639873,4.117874109263658,8.310480693459418,5.656717534410532
2016-03-22,39.00315208825847,25.732762017336483,11.704294720252166,4.121437054631829,8.311662726556344,5.669877538829152
2016-03-23,39.01143984220907,25.727712031558184,11.698027613412227,4.122770511296076,8.314398422090731,5.669877538829152
2016-03-24,39.00551615445232,25.723305752561068,11.698384554767532,4.126187648456057,8.314026792750198,5.68299045915325
2016-03-25,39.00551615445232,25.723305752561068,11.698384554767532,4.126187648456057,8.314026792750198,5.68299045915325
2016-03-26,39.00788022064618,25.716213553979507,11.693656422379826,4.129750593824228,8.31639085894405,5.694270833333333
2016-03-27,39.00788022064618,25.716213553979507,11.693656422379826,4.129750593824228,8.31639085894405,5.694270833333333
2016-03-28,39.00788022064618,25.716213553979507,11.693656422379826,4.129750593824228,8.31639085894405,5.694270833333333
2016-03-29,39.0090622537431,25.707939322301023,11.688337273443654,4.132125890736342,8.31993695823483,5.7072935234699935
2016-03-30,39.005509641873275,25.701200314836676,11.689885871704051,4.1355278766310795,8.319559228650139,5.714931791221827
2016-03-31,39.01142631993696,25.696118991331755,11.684791174152874,4.135688836104513,8.322301024428684,5.714931791221827
2016-04-01,39.01142631993696,25.696118991331755,11.684791174152874,4.135688836104513,8.322301024428684,5.714931791221827
2016-04-02,39.01260835303388,25.689026792750195,11.681245074862094,4.138064133016627,8.32348305752561,5.72787152161042
2016-04-03,39.01260835303388,25.689026792750195,11.681245074862094,4.138064133016627,8.32348305752561,5.72787152161042
2016-04-04,39.004329004329,25.682310114128292,11.682211727666271,4.1420521945432975,8.324281778827233,5.74076536643026
2016-04-05,39.01379038613081,25.679275019700547,11.676221434200157,4.14251781472684,8.32496059889677,5.74076536643026
2016-04-06,39.009051554506094,25.673750491932307,11.677784336875245,4.145907473309609,8.324576938213303,5.748303834808259
2016-04-07,39.00314465408805,25.668238993710688,11.679343553459118,4.149289099526066,8.323014937106919,5.762882803297997
2016-04-08,38.99960738123282,25.663918335296426,11.679721240675303,4.152662721893491,8.321456615626227,5.773883009994121
2016-04-09,39.00196309383588,25.65685119748724,11.676187671770709,4.157396449704142,8.322634471927758,5.784844483568075
2016-04-10,39.00904088050314,25.652908805031444,11.669909591194967,4.157582938388626,8.325373427672956,5.784844483568075
2016-04-11,39.00019630938358,25.645661562622692,11.67206517471535,4.161538461538462,8.326756968983117,5.796646162858816
2016-04-12,39.00963050314465,25.644064465408803,11.66696147798742,4.162914691943128,8.327142295597485,5.796646162858816
2016-04-13,39.003729878288176,25.638594424813505,11.669709462112287,4.166272189349113,8.327934825284649,5.804020467836257
2016-04-14,39.01022012578616,25.631682389937104,11.665782232704402,4.1670616113744074,8.330090408805031,5.804020467836257
2016-04-15,39.01022012578616,25.631682389937104,11.665782232704402,4.1670616113744074,8.330090408805031,5.804020467836257
2016-04-16,39.01375786163522,25.624606918238992,11.661065251572326,4.171800947867299,8.33126965408805,5.813120256859311
2016-04-17,39.01375786163522,25.624606918238992,11.661065251572326,4.171800947867299,8.33126965408805,5.813120256859311
2016-04-18,39.00490773458971,25.617393011385943,11.6626423243031,4.1751479289940825,8.332646250490773,5.826558857808857
2016-04-19,39.01316823899371,25.614583333333332,11.657527515723269,4.17654028436019,8.333038522012579,5.826558857808857
2016-04-20,39.01287342767295,25.603970125786162,11.653989779874212,4.180687203791469,8.336576257861635,5.835151250727167
2016-04-21,39.00814683941892,25.598547310561443,11.654397330192381,4.184023668639053,8.337357675696898,5.844149245063879
2016-04-22,39.00107843137255,25.593725490196075,11.655980392156861,4.1873522458628845,8.336960784313726,5.856594202898551
2016-04-23,39.00225490196078,25.58549019607843,11.653627450980391,4.189716312056738,8.33813725490196,5.867259837962963
2016-04-24,39.00225490196078,25.58549019607843,11.653627450980391,4.189716312056738,8.33813725490196,5.867259837962963
2016-04-25,38.99285154719937,25.57833920877399,11.656384645515079,4.194214876033058,8.34009009009009,5.880488157134604
2016-04-26,38.999901960784314,25.57549019607843,11.652450980392155,4.195626477541371,8.340490196078433,5.880488157134604
2016-04-27,38.99285154719937,25.57128867998433,11.65403446925186,4.200118063754427,8.3412651782217,5.887615340253748
2016-04-28,38.99872549019607,25.566078431372546,11.647745098039215,4.200354609929078,8.342843137254903,5.887615340253748
2016-04-29,38.99872549019607,25.566078431372546,11.647745098039215,4.200354609929078,8.342843137254903,5.887615340253748
2016-04-30,38.99872549019607,25.556666666666665,11.644215686274508,4.202718676122932,8.344019607843137,5.899899251583189
2016-05-01,38.99872549019607,25.556666666666665,11.644215686274508,4.202718676122932,8.344019607843137,5.899899251583189
2016-05-02,38.99050137093615,25.549549549549546,11.64580885233059,4.20720188902007,8.34596553074814,5.913002873563218
2016-05-03,38.99167645906776,25.541323932628277,11.64228358793576,4.212809917355372,8.346553074813945,5.918316121629374
2016-05-04,38.984643974960875,25.534820031298903,11.643877151799686,4.214917452830188,8.346146322378717,5.933920389461626
2016-05-05,38.984643974960875,25.534820031298903,11.643877151799686,4.214917452830188,8.346146322378717,5.933920389461626
2016-05-06,38.984643974960875,25.534820031298903,11.643877151799686,4.214917452830188,8.346146322378717,5.933920389461626
2016-05-07,38.98347026604068,25.5254303599374,11.639182316118934,4.218455188679245,8.347320031298905,5.947755860491709
2016-05-08,38.98347026604068,25.5254303599374,11.639182316118934,4.218455188679245,8.347320031298905,5.947755860491709
2016-05-09,38.97352481438062,25.51836654943337,11.640777647518561,4.222909305064782,8.349257522469715,5.963256278538813
2016-05-10,38.97701486697965,25.51780125195618,11.638008607198747,4.22435141509434,8.34966744913928,5.963256278538813
2016-05-11,38.97701486697965,25.509585289514863,11.633313771517996,4.230247641509434,8.350841158059469,5.970156695156695
2016-05-12,38.98168820994908,25.504308656482568,11.629357618488052,4.231109799291618,8.353016059537799,5.970156695156695
2016-05-13,38.974667449139275,25.499021909233175,11.632140062597808,4.234375,8.35260172143975,5.982153014789533
2016-05-14,38.97349374021909,25.491979655712047,11.629792644757432,4.236733490566038,8.353775430359939,5.994108461101646
2016-05-15,38.97349374021909,25.491979655712047,11.629792644757432,4.236733490566038,8.353775430359939,5.994108461101646
2016-05-16,38.97349374021909,25.491979655712047,11.629792644757432,4.236733490566038,8.353775430359939,5.994108461101646
2016-05-17,38.97075508607199,25.485915492957748,11.626075899843505,4.242040094339623,8.354362284820033,6.005739795918367
2016-05-18,38.97542107324716,25.480611045828436,11.620936153544848,4.2435064935064934,8.355953779866823,6.005739795918367
2016-05-19,38.97542107324716,25.480611045828436,11.620936153544848,4.2435064935064934,8.355953779866823,6.005739795918367
2016-05-20,38.96723395931143,25.475352112676056,11.621381064162753,4.246757075471698,8.356709702660407,6.021010186757215
2016-05-21,38.96488654147105,25.468309859154928,11.61785993740219,4.250294811320755,8.357883411580595,6.032838983050848
2016-05-22,38.96488654147105,25.468309859154928,11.61785993740219,4.250294811320755,8.357883411580595,6.032838983050848
2016-05-23,38.95496287612349,25.461313012895662,11.6194802657288,4.253533568904594,8.359808518952716,6.048011844331641
2016-05-24,38.95261821023838,25.454279015240328,11.617135599843689,4.257067137809187,8.359808518952716,6.058065878378378
2016-05-25,38.95261821023838,25.454279015240328,11.617135599843689,4.257067137809187,8.359808518952716,6.058065878378378
2016-05-26,38.95261821023838,25.454279015240328,11.617135599843689,4.257067137809187,8.359808518952716,6.058065878378378
2016-05-27,38.95261821023838,25.454279015240328,11.617135599843689,4.257067137809187,8.359808518952716,6.058065878378378
2016-05-28,38.950273544353266,25.443728018757326,11.614790933958577,4.260600706713781,8.362153184837828,6.0714586846543
2016-05-29,38.950273544353266,25.443728018757326,11.614790933958577,4.260600706713781,8.362153184837828,6.0714586846543
2016-05-30,38.956083724569645,25.43838028169014,11.610230829420969,4.261497641509434,8.363751956181535,6.0714586846543
2016-05-31,38.9502151799687,25.427816901408452,11.609057120500783,4.267393867924528,8.365512519561817,6.086489898989899
2016-06-01,38.94441187964049,25.422626025791324,11.610687768659632,4.269434628975265,8.366256350136773,6.093067226890756
2016-06-02,38.94206721375538,25.410902696365767,11.60599843688941,4.272379269729093,8.369187182493162,6.1063338926174495
2016-06-03,38.935109289617486,25.40573770491803,11.607630757220921,4.274411764705882,8.369925839188134,6.117881072026801
2016-06-04,38.933938329430134,25.396370023419205,11.605288836846213,4.277941176470589,8.372267759562842,6.127717391304348
2016-06-05,38.933938329430134,25.396370023419205,11.605288836846213,4.277941176470589,8.372267759562842,6.127717391304348
2016-06-06,38.92348927875244,25.38888888888889,11.606920077972708,4.282314923619271,8.374756335282651,6.140859766277129
2016-06-07,38.92808352849337,25.38583138173302,11.60411787665886,4.285,8.376366120218579,6.140859766277129
2016-06-08,38.92231968810916,25.380701754385964,11.605750487329434,4.2881903642773205,8.378265107212476,6.147291666666667
2016-06-09,38.92574160811866,25.375292740046838,11.600604996096799,4.2897058823529415,8.381049960967994,6.147291666666667
2016-06-10,38.92574160811866,25.375292740046838,11.600604996096799,4.2897058823529415,8.381049960967994,6.147291666666667
2016-06-11,38.924570647931304,25.364754098360656,11.599434035909445,4.293235294117647,8.383391881342702,6.15536605657238
2016-06-12,38.924570647931304,25.364754098360656,11.599434035909445,4.293235294117647,8.383391881342702,6.15536605657238
2016-06-13,38.914132553606244,25.357894736842105,11.59990253411306,4.2975910693302,8.3864522417154,6.168397009966777
2016-06-14,38.91871584699454,25.35480093676815,11.597092115534737,4.299117647058823,8.386904761904763,6.168397009966777
2016-06-15,38.91208576998051,25.34970760233918,11.598148148148148,4.302291421856639,8.388206627680312,6.176824212271973
2016-06-16,38.91208576998051,25.34970760233918,11.598148148148148,4.302291421856639,8.388206627680312,6.176824212271973
2016-06-17,38.90284267912773,25.3446261682243,11.600954049844235,4.305457746478873,8.388921339563863,6.189776490066225
2016-06-18,38.89595488136912,25.340723453908986,11.602586542201477,4.307444314185228,8.389634383508362,6.199380165289257
2016-06-19,38.89595488136912,25.340723453908986,11.602586542201477,4.307444314185228,8.389634383508362,6.199380165289257
2016-06-20,38.886752136752136,25.334498834498834,11.604215229215228,4.31059718969555,8.392676767676768,6.210602310231023
2016-06-21,38.891287436795025,25.332555425904317,11.601419681057953,4.312133645955451,8.393134966938934,6.210602310231023
2016-06-22,38.88895371450798,25.3220536756126,11.597919097627381,4.316822977725674,8.396635550369506,6.218492586490939
2016-06-23,38.88895371450798,25.3220536756126,11.597919097627381,4.316822977725674,8.396635550369506,6.218492586490939
2016-06-24,38.88325563325564,25.318181818181817,11.598387723387722,4.318793911007026,8.397338772338772,6.2280016447368425
2016-06-25,38.87975912975913,25.31118881118881,11.594891219891219,4.322306791569087,8.399669774669775,6.23747947454844
2016-06-26,38.87975912975913,25.31118881118881,11.594891219891219,4.322306791569087,8.399669774669775,6.23747947454844
2016-06-27,38.86942180830423,25.30384167636787,11.596526969344199,4.326608187134503,8.402696934419868,6.250204918032787
2016-06-28,38.86709351959643,25.29918509895227,11.591870391928598,4.3312865497076025,8.405025223127668,6.256342062193126
2016-06-29,38.86709351959643,25.29918509895227,11.591870391928598,4.3312865497076025,8.405025223127668,6.256342062193126
2016-06-30,38.870435120435125,25.29254079254079,11.587898212898212,4.331674473067916,8.407828282828284,6.256342062193126
2016-07-01,38.870435120435125,25.29254079254079,11.587898212898212,4.331674473067916,8.407828282828284,6.256342062193126
2016-07-02,38.86810411810412,25.285547785547784,11.583236208236208,4.335187353629976,8.411324786324787,6.264093137254902
2016-07-03,38.86810411810412,25.285547785547784,11.583236208236208,4.335187353629976,8.411324786324787,6.264093137254902
2016-07-04,38.85778036476523,25.280558789289874,11.5837213814513,4.339473684210526,8.413174233604968,6.27752854812398
2016-07-05,38.86227661227662,25.278554778554778,11.579739704739705,4.341042154566745,8.41482128982129,6.27752854812398
2016-07-06,38.861111111111114,25.26923076923077,11.577408702408702,4.344555035128805,8.418317793317794,6.281962540716612
2016-07-07,38.85545207605743,25.265424912689173,11.5790648040357,4.3464912280701755,8.418994955374467,6.291260162601626
2016-07-08,38.84980620155039,25.26279069767442,11.580717054263566,4.3484228971962615,8.419670542635659,6.298904220779221
2016-07-09,38.84980620155039,25.25581395348837,11.578391472868216,4.350759345794392,8.421996124031008,6.304902755267423
2016-07-10,38.84980620155039,25.25581395348837,11.578391472868216,4.350759345794392,8.421996124031008,6.304902755267423
2016-07-11,38.84068912117693,25.250290360046456,11.578881145954316,4.3544340723453905,8.424990321331785,6.314927184466019
2016-07-12,38.844573643410854,25.247093023255815,11.574031007751937,4.355432242990654,8.426647286821705,6.314927184466019
2016-07-13,38.844573643410854,25.240116279069767,11.570542635658914,4.358936915887851,8.428972868217055,6.31764943457189
2016-07-14,38.84224806201551,25.230813953488372,11.567054263565892,4.363609813084112,8.431298449612404,6.321975806451613
2016-07-15,38.835462640340694,25.22706155632985,11.569879984514131,4.365519253208868,8.430797522260937,6.331119162640902
2016-07-16,38.83662408052652,25.221254355400696,11.566395663956639,4.367852975495916,8.433120402632598,6.33701768488746
2016-07-17,38.83662408052652,25.221254355400696,11.566395663956639,4.367852975495916,8.433120402632598,6.33701768488746
2016-07-18,38.83662408052652,25.221254355400696,11.566395663956639,4.367852975495916,8.433120402632598,6.33701768488746
2016-07-19,38.831978319783204,25.214285714285715,11.562911343399147,4.372520420070011,8.437185443283004,6.344502407704655
2016-07-20,38.83081687959737,25.206155632984903,11.559427022841657,4.377187864644108,8.439508323654666,6.348758012820513
2016-07-21,38.8269528228925,25.203016241299302,11.559938128383603,4.380244755244755,8.440738592420727,6.3538
2016-07-22,38.82251834685207,25.20162224797219,11.561606797991502,4.380966239813737,8.44022788721514,6.361222044728435
2016-07-23,38.82251834685207,25.19582850521437,11.559289300888373,4.383294528521537,8.443704132869835,6.367025518341308
2016-07-24,38.82251834685207,25.19582850521437,11.559289300888373,4.383294528521537,8.443704132869835,6.367025518341308
2016-07-25,38.82251834685207,25.19582850521437,11.559289300888373,4.383294528521537,8.443704132869835,6.367025518341308
2016-07-26,38.81701429123214,25.189745075318655,11.558709926612591,4.387077997671711,8.446311317110855,6.373606687898089
2016-07-27,38.81701429123214,25.189745075318655,11.558709926612591,4.387077997671711,8.446311317110855,6.373606687898089
2016-07-28,38.819122196442386,25.18532482598608,11.555877803557618,4.388694638694639,8.447989172467132,6.373606687898089
2016-07-29,38.819122196442386,25.18532482598608,11.555877803557618,4.388694638694639,8.447989172467132,6.373606687898089
2016-07-30,38.81796210363496,25.18068445475638,11.552397525135344,4.391025641025641,8.449149265274556,6.382551669316375
2016-07-31,38.81796210363496,25.18068445475638,11.552397525135344,4.391025641025641,8.449149265274556,6.382551669316375
2016-08-01,38.81796210363496,25.18068445475638,11.552397525135344,4.391025641025641,8.449149265274556,6.382551669316375
2016-08-02,38.8104215003867,25.17488399071926,11.550077339520493,4.396270396270396,8.451469450889405,6.393055555555556
2016-08-03,38.80600617999228,25.17236384704519,11.550598686751641,4.39813736903376,8.452105059868675,6.397187004754358
2016-08-04,38.80368868288915,25.164252607184242,11.547122441096947,4.4004656577415595,8.454422556971805,6.406052215189874
2016-08-05,38.80368868288915,25.164252607184242,11.547122441096947,4.4004656577415595,8.454422556971805,6.406052215189874
2016-08-06,38.802529934337585,25.157300115874854,11.54480494399382,4.403958090803259,8.457898802626497,6.413309636650869
2016-08-07,38.802529934337585,25.157300115874854,11.54480494399382,4.403958090803259,8.457898802626497,6.413309636650869
2016-08-08,38.802529934337585,25.157300115874854,11.54480494399382,4.403958090803259,8.457898802626497,6.413309636650869
2016-08-09,38.79615681730398,25.15092699884125,11.540459636925453,4.407741559953434,8.462244109694863,6.423698738170347
2016-08-10,38.79383932020085,25.14513325608343,11.538142139822325,4.410069848661234,8.465720355349557,6.427755905511811
2016-08-11,38.79383932020085,25.14513325608343,11.538142139822325,4.410069848661234,8.465720355349557,6.427755905511811
2016-08-12,38.78944830246914,25.141493055555557,11.53983410493827,4.411918604651163,8.466338734567902,6.434944968553459
2016-08-13,38.78829089506173,25.13570601851852,11.536361882716049,4.415406976744186,8.468653549382717,6.4421114599686025
2016-08-14,38.78829089506173,25.13570601851852,11.536361882716049,4.415406976744186,8.468653549382717,6.4421114599686025
2016-08-15,38.78829089506173,25.13570601851852,11.536361882716049,4.415406976744186,8.468653549382717,6.4421114599686025
2016-08-16,38.78018904320988,25.12934027777778,11.532889660493826,4.420058139534884,8.472704475308642,6.453173981191223
2016-08-17,38.779031635802475,25.121238425925927,11.53173225308642,4.423546511627907,8.475019290123457,6.457159624413146
2016-08-18,38.779031635802475,25.121238425925927,11.53173225308642,4.423546511627907,8.475019290123457,6.457159624413146
2016-08-19,38.779031635802475,25.121238425925927,11.53173225308642,4.423546511627907,8.475019290123457,6.457159624413146
2016-08-20,38.77787422839506,25.11545138888889,11.530574845679011,4.425872093023256,8.477334104938272,6.4626953125
2016-08-21,38.77787422839506,25.11545138888889,11.530574845679011,4.425872093023256,8.477334104938272,6.4626953125
2016-08-22,38.77787422839506,25.11545138888889,11.530574845679011,4.425872093023256,8.477334104938272,6.4626953125
2016-08-23,38.77092978395062,25.10966435185185,11.526523919753085,4.429941860465116,8.480227623456791,6.474453978159127
2016-08-24,38.76628131021195,25.10664739884393,11.526782273603082,4.432636469221835,8.480828516377649,6.479945482866044
2016-08-25,38.76948302469136,25.100983796296298,11.52391975308642,4.434302325581395,8.482542438271606,6.479945482866044
2016-08-26,38.762813102119466,25.097398843930637,11.524470134874758,4.434959349593496,8.483140655105974,6.490085536547434
2016-08-27,38.76050096339114,25.090462427745663,11.522157996146435,4.437282229965157,8.486608863198459,6.49708850931677
2016-08-28,38.76050096339114,25.090462427745663,11.522157996146435,4.437282229965157,8.486608863198459,6.49708850931677
2016-08-29,38.76050096339114,25.090462427745663,11.522157996146435,4.437282229965157,8.486608863198459,6.49708850931677
2016-08-30,38.754142581888246,25.084682080924857,11.518111753371869,4.4419279907084785,8.488342967244701,6.509496124031008
2016-08-31,38.74749807544265,25.081120092378754,11.518668206312547,4.443735498839907,8.488933795227098,6.517995356037152
2016-09-01,38.74287913779831,25.073036951501155,11.516358737490377,4.446055684454756,8.491243264049269,6.5295595054095825
2016-09-02,38.74287913779831,25.073036951501155,11.516358737490377,4.446055684454756,8.491243264049269,6.5295595054095825
2016-09-03,38.741724403387224,25.068418013856814,11.51289453425712,4.448375870069605,8.492397998460355,6.538001543209877
2016-09-04,38.741724403387224,25.068418013856814,11.51289453425712,4.448375870069605,8.492397998460355,6.538001543209877
2016-09-05,38.7322183775471,25.064302191464822,11.512879661668588,4.450753186558517,8.493560169165706,6.551040061633282
2016-09-06,38.7359507313318,25.06091224018476,11.508275596612778,4.452146171693736,8.494130100076983,6.551040061633282
2016-09-07,38.73133179368745,25.05513856812933,11.505966127790607,4.455626450116009,8.494130100076983,6.559423076923077
2016-09-08,38.73133179368745,25.05513856812933,11.505966127790607,4.455626450116009,8.494130100076983,6.559423076923077
2016-09-09,38.73133179368745,25.05513856812933,11.505966127790607,4.455626450116009,8.494130100076983,6.559423076923077
2016-09-10,38.729022324865284,25.049364896073904,11.501347190146266,4.457946635730859,8.496439568899154,6.5693164362519205
2016-09-11,38.729022324865284,25.049364896073904,11.501347190146266,4.457946635730859,8.496439568899154,6.5693164362519205
2016-09-12,38.73217726396918,25.044797687861273,11.497302504816956,4.458478513356562,8.498169556840077,6.5693164362519205
2016-09-13,38.725818882466285,25.039595375722545,11.493834296724469,4.461962833914053,8.49932562620424,6.582246932515337
2016-09-14,38.71805234795997,25.037240184757504,11.493264049268667,4.463747099767981,8.498749037721325,6.592075038284839
2016-09-15,38.71458814472672,25.030311778290994,11.48979984603541,4.46838747099768,8.49990377213241,6.601873088685015
2016-09-16,38.71458814472672,25.030311778290994,11.48979984603541,4.46838747099768,8.49990377213241,6.601873088685015
2016-09-17,38.71054657428792,25.02800230946882,11.48749037721324,4.4701276102088165,8.501058506543496,6.613167938931298
2016-09-18,38.71054657428792,25.02800230946882,11.48749037721324,4.4701276102088165,8.501058506543496,6.613167938931298
2016-09-19,38.7036181678214,25.019919168591223,11.484026173979984,4.473607888631091,8.505677444187837,6.625952743902439
2016-09-20,38.70789980732177,25.01763005780347,11.48111753371869,4.475319396051104,8.507418111753372,6.625952743902439
2016-09-21,38.701308698999235,25.01530023094688,11.480561970746727,4.477088167053364,8.506832178598923,6.635654490106545
2016-09-22,38.69530949634756,25.014129181084197,11.480007689350249,4.4800115874855155,8.505094194540561,6.6445668693009114
2016-09-23,38.68817204301075,25.01065668202765,11.481182795698924,4.48119212962963,8.505664362519202,6.656487101669196
2016-09-24,38.68356374807988,25.007200460829495,11.478878648233486,4.483506944444445,8.50796850998464,6.667613636363637
2016-09-25,38.68665897731642,25.008362168396772,11.479430988081507,4.482908458864427,8.508554402153019,6.667613636363637
2016-09-26,38.68665897731642,25.008362168396772,11.479430988081507,4.482908458864427,8.508554402153019,6.667613636363637
2016-09-27,38.68089196462899,25.00028835063437,11.47597078046905,4.48638470451912,8.51316801230296,6.680975794251134
2016-09-28,38.674347158218126,24.99798387096774,11.474270353302611,4.488136574074074,8.513728878648234,6.692031722054381
2016-09-29,38.67858515955402,24.99567474048443,11.471357170319108,4.489860950173813,8.516628219915418,6.692031722054381
2016-09-30,38.67858515955402,24.99567474048443,11.471357170319108,4.489860950173813,8.516628219915418,6.692031722054381
2016-10-01,38.67512495194156,24.992214532871973,11.470203767781621,4.493337195828505,8.520088427527874,6.700037707390648
2016-10-02,38.67821401077752,24.989896073903,11.468437259430331,4.493909512761021,8.521843725943034,6.700037707390648
2016-10-03,38.67821401077752,24.989896073903,11.468437259430331,4.493909512761021,8.521843725943034,6.700037707390648
2016-10-04,38.68275529865126,24.98815028901734,11.466666666666667,4.494192799070848,8.523603082851638,6.700037707390648
2016-10-05,38.6744611239415,24.984122401847575,11.46641647421093,4.496519721577727,8.526173979984604,6.711031626506024
2016-10-06,38.66791618608228,24.980680507497116,11.465878508266051,4.498261877172654,8.526720492118416,6.721992481203007
2016-10-07,38.66791618608228,24.980680507497116,11.465878508266051,4.498261877172654,8.526720492118416,6.721992481203007
2016-10-08,38.66560938100731,24.976066897347174,11.464725105728565,4.500579374275782,8.530180699730874,6.7299174174174174
2016-10-09,38.66984218629715,24.974884526558892,11.461412625096228,4.500773395204949,8.533102386451116,6.7299174174174174
2016-10-10,38.65926566705114,24.97145328719723,11.460880430603614,4.503089996137505,8.537101114955787,6.742316341829086
2016-10-11,38.66349114703618,24.97257505773672,11.460257890685144,4.502513534416086,8.538876058506544,6.742316341829086
2016-10-12,38.658112264513655,24.969146482122262,11.45972702806613,4.504248744689069,8.540561322568243,6.750187125748503
2016-10-13,38.656958861976165,24.959919261822375,11.457420222991159,4.508883738895326,8.545174932718187,6.759529147982063
2016-10-14,38.65159370199693,24.95650921658986,11.458045314900154,4.509452160493827,8.546850998463903,6.76884328358209
2016-10-15,38.64813748079877,24.954205069124423,11.455741167434716,4.510609567901234,8.54915514592934,6.778129657228018
2016-10-16,38.64813748079877,24.954205069124423,11.455741167434716,4.510609567901234,8.54915514592934,6.778129657228018
2016-10-17,38.651191849288736,24.951845444059977,11.453960015378701,4.511201235998455,8.550941945405613,6.778129657228018
2016-10-18,38.64369473279508,24.947808535178776,11.453960015378701,4.514098107377365,8.556132256824299,6.788132440476191
2016-10-19,38.64369473279508,24.940888119953865,11.450499807766244,4.516415604480494,8.559592464436756,6.795876671619614
2016-10-20,38.63719278033795,24.9375,11.451132872503841,4.518422067901234,8.56009984639017,6.805452522255193
2016-10-21,38.63719278033795,24.9375,11.451132872503841,4.518422067901234,8.56009984639017,6.805452522255193
2016-10-22,38.63604070660523,24.932891705069125,11.448828725038403,4.518422067901234,8.563556067588326,6.814629629629629
2016-10-23,38.63604070660523,24.932891705069125,11.448828725038403,4.518422067901234,8.563556067588326,6.814629629629629
2016-10-24,38.63604070660523,24.932891705069125,11.448828725038403,4.518422067901234,8.563556067588326,6.814629629629629
2016-10-25,38.63047235023041,24.928091397849464,11.445564516129032,4.519965277777778,8.569508448540706,6.825258875739645
2016-10-26,38.626294591484466,24.924721902570006,11.445051783659379,4.521676300578035,8.57000383582662,6.832902511078286
2016-10-27,38.626294591484466,24.924721902570006,11.445051783659379,4.521676300578035,8.57000383582662,6.832902511078286
2016-10-28,38.62514384349827,24.92011891062524,11.443901035673187,4.522832369942196,8.573456079785194,6.840523598820059
2016-10-29,38.619827586206895,24.917911877394637,11.443390804597701,4.5233833718244805,8.575095785440613,6.848122238586156
2016-10-30,38.619827586206895,24.917911877394637,11.443390804597701,4.5233833718244805,8.575095785440613,6.848122238586156
2016-10-31,38.62476026083622,24.91436517069429,11.44083237437668,4.522832369942196,8.578059071729957,6.848122238586156
2016-11-01,38.62893625192013,24.908506144393243,11.439036098310293,4.5234375,8.582181259600613,6.848122238586156
2016-11-02,38.62159570387419,24.905446873801306,11.438530878404297,4.526011560693641,8.584675872650555,6.8556985294117645
2016-11-03,38.62159570387419,24.89624088991178,11.43680475642501,4.527745664739885,8.590429612581511,6.863986784140969
2016-11-04,38.62159570387419,24.89624088991178,11.43680475642501,4.527745664739885,8.590429612581511,6.863986784140969
2016-11-05,38.620444955888,24.890487149980824,11.435654008438819,4.527745664739885,8.595032604526276,6.8715175953079175
2016-11-06,38.620444955888,24.890487149980824,11.435654008438819,4.527745664739885,8.595032604526276,6.8715175953079175
2016-11-07,38.62692012288787,24.88229646697389,11.43269969278034,4.528356481481482,8.5980222734255,6.8715175953079175
2016-11-08,38.62384792626728,24.875384024577574,11.430011520737327,4.530092592592593,8.603398617511521,6.881222547584187
2016-11-09,38.62615207373272,24.867319508448542,11.428859447004609,4.530092592592593,8.608006912442397,6.887244152046784
2016-11-10,38.63091118800461,24.861399461745485,11.426470588235293,4.530127462340672,8.61159169550173,6.887244152046784
2016-11-11,38.62557603686636,24.85810291858679,11.428283410138249,4.530671296296297,8.613191244239632,6.89470802919708
2016-11-12,38.620253164556964,24.855964710395092,11.427790563866512,4.53121387283237,8.614787111622555,6.902150145772595
2016-11-13,38.620253164556964,24.855964710395092,11.427790563866512,4.53121387283237,8.614787111622555,6.902150145772595
2016-11-14,38.616800920598386,24.84618335251247,11.423762945914845,4.532947976878613,8.622266973532795,6.913209606986899
2016-11-15,38.62442396313364,24.843701996927805,11.421947004608295,4.532407407407407,8.62528801843318,6.913209606986899
2016-11-16,38.61967779056387,24.841580360567704,11.421461449942463,4.534971098265896,8.626294591484465,6.918059593023256
2016-11-17,38.61967779056387,24.841580360567704,11.421461449942463,4.534971098265896,8.626294591484465,6.918059593023256
2016-11-18,38.61206896551724,24.83946360153257,11.423275862068966,4.536662817551963,8.626724137931035,6.925435413642961
2016-11-19,38.61206896551724,24.833716475095788,11.423275862068966,4.536662817551963,8.630172413793103,6.934239130434783
2016-11-20,38.61206896551724,24.833716475095788,11.423275862068966,4.536662817551963,8.630172413793103,6.934239130434783
2016-11-21,38.61775987725355,24.827387802071346,11.420310701956272,4.536512524084778,8.634733410049865,6.934239130434783
2016-11-22,38.61488300728807,24.818181818181817,11.417433831990794,4.537090558766859,8.641062523973916,6.945911722141823
2016-11-23,38.61187739463602,24.816091954022987,11.415804597701149,4.537625096227867,8.642624521072797,6.95032514450867
2016-11-24,38.61187739463602,24.816091954022987,11.415804597701149,4.537625096227867,8.642624521072797,6.95032514450867
2016-11-25,38.60887868350555,24.81171067738232,11.41532721010333,4.538158400615147,8.644182931496363,6.959054834054834
2016-11-26,38.6123230003827,24.803673938002298,11.413030998851895,4.538158400615147,8.647627248373517,6.966318443804035
2016-11-27,38.6123230003827,24.803673938002298,11.413030998851895,4.538158400615147,8.647627248373517,6.966318443804035
2016-11-28,38.60945273631841,24.793340987370836,11.409586681974742,4.538735101883891,8.655089934940682,6.975719424460432
2016-11-29,38.61704980842912,24.79080459770115,11.406609195402298,4.53820246343341,8.65699233716475,6.975719424460432
2016-11-30,38.615193264447,24.78760045924225,11.404994259471872,4.538735101883891,8.657386146192115,6.981501436781609
2016-12-01,38.62049808429119,24.779310344827586,11.40316091954023,4.53820246343341,8.661590038314175,6.981501436781609
2016-12-02,38.62049808429119,24.779310344827586,11.40316091954023,4.53820246343341,8.661590038314175,6.981501436781609
2016-12-03,38.625095785440614,24.77126436781609,11.402011494252873,4.537047729022325,8.665038314176245,6.988701578192252
2016-12-04,38.625095785440614,24.77126436781609,11.402011494252873,4.537047729022325,8.665038314176245,6.988701578192252
2016-12-05,38.62926735711546,24.76409666283084,11.399021864211738,4.536512524084778,8.669255849635595,6.988701578192252
2016-12-06,38.62754123513618,24.758342922899885,11.394706559263522,4.536223506743737,8.675584963559647,6.998746418338109
2016-12-07,38.62452107279694,24.755172413793105,11.394252873563218,4.537913779830639,8.677107279693486,7.003040057224607
2016-12-08,38.6256704980843,24.74655172413793,11.391379310344828,4.537913779830639,8.681130268199233,7.011607142857143
2016-12-09,38.62265595101416,24.743398392652125,11.389781859931114,4.538446751249519,8.682644469957902,7.018723252496434
2016-12-10,38.6249521622656,24.734213547646384,11.38633754305396,4.538446751249519,8.687236892460772,7.027243589743589
2016-12-11,38.63026819923372,24.727011494252874,11.383333333333333,4.537913779830639,8.690325670498083,7.027243589743589
2016-12-12,38.63026819923372,24.727011494252874,11.383333333333333,4.537913779830639,8.690325670498083,7.027243589743589
2016-12-13,38.62796934865901,24.720689655172414,11.381609195402298,4.539645881447266,8.696072796934866,7.035739687055477
2016-12-14,38.62610026789132,24.71641791044776,11.380022962112514,4.541330257593233,8.696421737466514,7.041370738636363
2016-12-15,38.62610026789132,24.71641791044776,11.380022962112514,4.541330257593233,8.696421737466514,7.041370738636363
2016-12-16,38.62308868501529,24.712155963302752,11.378440366972477,4.543010752688172,8.696769877675841,7.049822695035461
2016-12-17,38.62538226299694,24.701834862385322,11.376146788990825,4.543010752688172,8.701357033639143,7.056834277620396
2016-12-18,38.62538226299694,24.701834862385322,11.376146788990825,4.543010752688172,8.701357033639143,7.056834277620396
2016-12-19,38.62954458476847,24.696900114810564,11.373134328358208,4.543637062668204,8.705606582472253,7.056834277620396
2016-12-20,38.62782242632989,24.690872560275544,11.370838117106773,4.5473856209150325,8.709337925755836,7.063826025459689
2016-12-21,38.63199233716475,24.68477011494253,11.367816091954023,4.548017705927636,8.711302681992336,7.063826025459689
2016-12-22,38.62839647914275,24.681687715269806,11.366245694603904,4.551422529796232,8.71220818982013,7.0686793785310735
2016-12-23,38.62022171253823,24.676892201834864,11.364678899082568,4.553091397849462,8.715405198776757,7.080571227080395
2016-12-24,38.62251529051988,24.667717889908257,11.360091743119266,4.554243471582181,8.71999235474006,7.088908450704225
2016-12-25,38.62251529051988,24.667717889908257,11.360091743119266,4.554243471582181,8.71999235474006,7.088908450704225
2016-12-26,38.626674320704176,24.663892078071182,11.357060849598163,4.554882737408689,8.723115193264446,7.088908450704225
2016-12-27,38.62969348659004,24.66235632183908,11.355172413793104,4.5555234795996915,8.725095785440613,7.088908450704225
2016-12-28,38.62897053195561,24.657003444316878,11.353616532721011,4.556036139946174,8.725411404515881,7.095815752461322
2016-12-29,38.63199233716475,24.650862068965516,11.351724137931035,4.556678214010777,8.728544061302681,7.095815752461322
2016-12-30,38.63199233716475,24.650862068965516,11.351724137931035,4.556678214010777,8.728544061302681,7.095815752461322
2016-12-31,38.6373225930188,24.645857307249713,11.34982738780207,4.556165703275529,8.730533179900268,7.095815752461322
2017-01-01,38.6373225930188,24.645857307249713,11.34982738780207,4.556165703275529,8.730533179900268,7.095815752461322
2017-01-02,38.64036098310292,24.640841013824886,11.346774193548388,4.556809413580247,8.733678955453149,7.095815752461322
2017-01-03,38.63575268817205,24.634504608294932,11.34274193548387,4.557966820987654,8.740015360983103,7.106917134831461
2017-01-04,38.633870349060224,24.630322209436134,11.341196777905639,4.559633911368015,8.740314537782892,7.113779803646564
2017-01-05,38.63559647103951,24.618814729574222,11.336018411967778,4.5619460500963385,8.74434215573456,7.123424369747899
2017-01-06,38.63559647103951,24.618814729574222,11.336018411967778,4.5619460500963385,8.74434215573456,7.123424369747899
2017-01-07,38.63904871499808,24.610759493670887,11.332566168009206,4.5619460500963385,8.747794399693133,7.130244755244755
2017-01-08,38.63904871499808,24.610759493670887,11.332566168009206,4.5619460500963385,8.747794399693133,7.130244755244755
2017-01-09,38.63559647103951,24.600786344457234,11.326428845416187,4.564643545279384,8.753548139624089,7.1412360335195535
2017-01-10,38.63863287250384,24.598022273425503,11.325652841781872,4.565297067901234,8.755568356374807,7.1412360335195535
2017-01-11,38.6367472190257,24.592731108553895,11.324127349443804,4.566955684007707,8.755849635596471,7.148012552301255
2017-01-12,38.6367472190257,24.592731108553895,11.324127349443804,4.566955684007707,8.755849635596471,7.148012552301255
2017-01-13,38.63371647509579,24.588601532567054,11.322605363984673,4.568610469591993,8.756130268199234,7.156162952646239
2017-01-14,38.63486590038315,24.5794061302682,11.32030651340996,4.570919938414165,8.759578544061302,7.162899860917942
2017-01-15,38.63486590038315,24.5794061302682,11.32030651340996,4.570919938414165,8.759578544061302,7.162899860917942
2017-01-16,38.63486590038315,24.5794061302682,11.32030651340996,4.570919938414165,8.759578544061302,7.162899860917942
2017-01-17,38.63199233716475,24.571934865900385,11.315708812260535,4.573806774441878,8.765325670498084,7.171701388888889
2017-01-18,38.63544061302682,24.560440613026824,11.308812260536397,4.576116243264049,8.768773946360152,7.177011095700416
2017-01-19,38.63544061302682,24.560440613026824,11.308812260536397,4.576116243264049,8.768773946360152,7.177011095700416
2017-01-20,38.63544061302682,24.560440613026824,11.308812260536397,4.576116243264049,8.768773946360152,7.177011095700416
2017-01-21,38.63544061302682,24.551245210727974,11.304214559386972,4.577270977675134,8.773371647509578,7.183691135734072
2017-01-22,38.63544061302682,24.551245210727974,11.304214559386972,4.577270977675134,8.773371647509578,7.183691135734072
2017-01-23,38.63141762452108,24.540900383141764,11.29904214559387,4.580157813702848,8.77911877394636,7.19381051175657
2017-01-24,38.63444572305332,24.539221327196014,11.297084771768315,4.579672447013487,8.782316839278865,7.19381051175657
2017-01-25,38.63256704980843,24.535153256704984,11.2955938697318,4.581312548113933,8.78256704980843,7.200448895027624
2017-01-26,38.62954458476847,24.53339073861462,11.292958285495597,4.584102268358324,8.783390738614619,7.206379310344827
2017-01-27,38.625955657492355,24.53220565749236,11.289755351681956,4.585733486943164,8.783639143730886,7.213670798898072
2017-01-28,38.627102446483185,24.52647171253823,11.285168195718654,4.588037634408602,8.787079510703364,7.218878954607978
2017-01-29,38.627102446483185,24.52647171253823,11.285168195718654,4.588037634408602,8.787079510703364,7.218878954607978
2017-01-30,38.62423547400612,24.521884556574925,11.277714067278287,4.590917818740399,8.79224006116208,7.226820054945055
2017-01-31,38.627248373517034,24.52018752391887,11.275736701109835,4.59159938485198,8.794297742058935,7.226820054945055
2017-02-01,38.62308868501529,24.521884556574925,11.271980122324159,4.593221966205837,8.794533639143731,7.231995884773663
2017-02-02,38.62079510703364,24.5207377675841,11.26624617737003,4.594374039938556,8.796827217125381,7.238527397260274
2017-02-03,38.62079510703364,24.5207377675841,11.26624617737003,4.594374039938556,8.796827217125381,7.238527397260274
2017-02-04,38.61850152905199,24.5207377675841,11.260512232415902,4.595526113671275,8.797974006116208,7.243673050615595
2017-02-05,38.61850152905199,24.5207377675841,11.260512232415902,4.595526113671275,8.797974006116208,7.243673050615595
2017-02-06,38.61162079510704,24.52417813455658,11.251337920489297,4.597830261136712,8.80256116207951,7.250170765027322
2017-02-07,38.615193264447,24.52076157673173,11.248182166092613,4.597078046905036,8.804630692690393,7.250170765027322
2017-02-08,38.61289705319556,24.524205893608883,11.242441637964026,4.597078046905036,8.806926903941829,7.253922237380627
2017-02-09,38.60830463069269,24.524205893608883,11.238997321086872,4.598231449442522,8.809223115193264,7.259025885558583
2017-02-10,38.60830463069269,24.524205893608883,11.238997321086872,4.598231449442522,8.809223115193264,7.259025885558583
2017-02-11,38.60486031381554,24.52879831611175,11.23096058170685,4.600538254517493,8.81037122081898,7.262755102040816
2017-02-12,38.60486031381554,24.52879831611175,11.23096058170685,4.600538254517493,8.81037122081898,7.262755102040816
2017-02-13,38.59911978568695,24.531094527363187,11.22177573670111,4.601691657054979,8.814963643321851,7.269191576086956
2017-02-14,38.59865900383142,24.529406130268203,11.220881226053638,4.601231716705158,8.817049808429118,7.269191576086956
2017-02-15,38.59337925755837,24.536835055491775,11.21603520857252,4.601691657054979,8.81611174894757,7.271540027137042
2017-02-16,38.59337925755837,24.536835055491775,11.21603520857252,4.601691657054979,8.81611174894757,7.271540027137042
2017-02-17,38.58811162079511,24.5431001529052,11.213493883792049,4.603302611367127,8.814029051987767,7.275237127371274
2017-02-18,38.583524464831804,24.54883409785933,11.206613149847094,4.604454685099846,8.815175840978593,7.277571041948579
2017-02-19,38.583524464831804,24.54883409785933,11.206613149847094,4.604454685099846,8.815175840978593,7.277571041948579
2017-02-20,38.58649062380406,24.54372368924608,11.203406046689627,4.605151864667436,8.818407960199005,7.277571041948579
2017-02-21,38.57787983161118,24.54831611174895,11.195943360122463,4.6068819684736635,8.821278224263299,7.282601351351351
2017-02-22,38.57386146192117,24.549177190968237,11.189628779181017,4.609765474817378,8.823574435514734,7.2839068825910935
2017-02-23,38.5651758409786,24.55772171253823,11.185970948012232,4.61136712749616,8.821483180428134,7.288915094339623
2017-02-24,38.5651758409786,24.55772171253823,11.185970948012232,4.61136712749616,8.821483180428134,7.288915094339623
2017-02-25,38.56058868501529,24.562308868501532,11.177943425076451,4.614823348694316,8.82262996941896,7.29121803499327
2017-02-26,38.56058868501529,24.562308868501532,11.177943425076451,4.614823348694316,8.82262996941896,7.29121803499327
2017-02-27,38.562380405663994,24.55836203597398,11.174703406046689,4.615532487504805,8.82587064676617,7.29121803499327
2017-02-28,38.552621507845394,24.565250669728286,11.167240719479524,4.618992695117263,8.82587064676617,7.296202956989247
2017-03-01,38.54625382262997,24.572629969418962,11.163608562691131,4.62173579109063,8.823776758409785,7.298489932885906
2017-03-02,38.54917719096824,24.566398775354003,11.161500191350937,4.622452902729719,8.827018752391886,7.298489932885906
2017-03-03,38.54917719096824,24.566398775354003,11.161500191350937,4.622452902729719,8.827018752391886,7.298489932885906
2017-03-04,38.54343666283965,24.573287409108307,11.153463451970914,4.6247597078046905,8.828166858017603,7.3021112600536195
2017-03-05,38.54343666283965,24.573287409108307,11.153463451970914,4.6247597078046905,8.828166858017603,7.3021112600536195
2017-03-06,38.54343666283965,24.573287409108307,11.153463451970914,4.6247597078046905,8.828166858017603,7.3021112600536195
2017-03-07,38.53482587064677,24.579601990049753,11.147148871029467,4.627643214148404,8.828740910830463,7.307061579651941
2017-03-08,38.53138155376961,24.583046306926907,11.14140834290088,4.629950019223376,8.828740910830463,7.307987967914438
2017-03-09,38.52449292001531,24.588786835055494,11.135667814772292,4.631103421760861,8.831037122081899,7.312917222963952
2017-03-10,38.51930428134557,24.597285932721714,11.130925076452598,4.63152841781874,8.830084097859327,7.315166666666666
2017-03-11,38.51471712538227,24.604166666666668,11.124044342507645,4.632680491551459,8.830084097859327,7.316078561917443
2017-03-12,38.51471712538227,24.604166666666668,11.124044342507645,4.632680491551459,8.830084097859327,7.316078561917443
2017-03-13,38.50898318042814,24.605313455657495,11.115443425076451,4.6349846390168965,8.83295107033639,7.3216422872340425
2017-03-14,38.51186375813242,24.60141599693839,11.1132797550708,4.6348519800076895,8.83476846536548,7.3216422872340425
2017-03-15,38.50554281345566,24.609900611620798,11.108562691131498,4.636424731182796,8.832664373088685,7.323871181938911
2017-03-16,38.50669728281669,24.60428626100268,11.106965174129353,4.6371587850826606,8.835342518178338,7.323871181938911
2017-03-17,38.50669728281669,24.60428626100268,11.106965174129353,4.6371587850826606,8.835342518178338,7.323871181938911
2017-03-18,38.50210486031382,24.61002678913127,11.101224646000764,4.6371587850826606,8.835342518178338,7.326094164456234
2017-03-19,38.50210486031382,24.61002678913127,11.101224646000764,4.6371587850826606,8.835342518178338,7.326094164456234
2017-03-20,38.49636433218523,24.61404515882128,11.09433601224646,4.640042291426374,8.836490623804057,7.331622516556291
2017-03-21,38.49636433218523,24.61404515882128,11.09433601224646,4.640042291426374,8.836490623804057,7.331622516556291
2017-03-22,38.49062380405664,24.61404515882128,11.08974358974359,4.642349096501346,8.836490623804057,7.333829365079365
2017-03-23,38.48432721712538,24.621941896024467,11.086200305810397,4.643913210445469,8.834957951070336,7.337351387054161
2017-03-24,38.48432721712538,24.621941896024467,11.086200305810397,4.643913210445469,8.834957951070336,7.337351387054161
2017-03-25,38.47974006116208,24.627675840978597,11.081613149847094,4.643913210445469,8.834957951070336,7.339544854881266
2017-03-26,38.47974006116208,24.627675840978597,11.081613149847094,4.643913210445469,8.834957951070336,7.339544854881266
2017-03-27,38.47515290519878,24.629969418960247,11.076452599388379,4.645065284178187,8.836678134556575,7.344367588932807
2017-03-28,38.47285932721713,24.633409785932724,11.071292048929664,4.647945468509985,8.8378249235474,7.343914473684211
2017-03-29,38.46827217125382,24.63455657492355,11.065558103975535,4.650249615975422,8.840118501529052,7.343462549277267
2017-03-30,38.46827217125382,24.63455657492355,11.065558103975535,4.650249615975422,8.840118501529052,7.343462549277267
2017-03-31,38.46827217125382,24.63455657492355,11.065558103975535,4.650249615975422,8.840118501529052,7.343462549277267
2017-04-01,38.4625382262997,24.637996941896027,11.060970948012232,4.65255376344086,8.840118501529052,7.344324146981627
2017-04-02,38.465365480290856,24.630692690394184,11.059892843474932,4.653306420607459,8.842231151932644,7.344324146981627
2017-04-03,38.45795107033639,24.639717125382266,11.05466360856269,4.655433947772657,8.842412079510703,7.346494102228047
2017-04-04,38.45766437308869,24.63857033639144,11.04835626911315,4.656298003072196,8.844705657492355,7.34734947643979
2017-04-05,38.45766437308869,24.63857033639144,11.04835626911315,4.656298003072196,8.844705657492355,7.34734947643979
2017-04-06,38.45766437308869,24.63857033639144,11.04835626911315,4.656298003072196,8.844705657492355,7.34734947643979
2017-04-07,38.45370370370371,24.647002672775873,11.043718976708666,4.656693517453011,8.843738067964871,7.349509803921569
2017-04-08,38.45026727758687,24.65158457426499,11.037991599847269,4.657844265439202,8.84488354333715,7.351664490861618
2017-04-09,38.45026727758687,24.65158457426499,11.037991599847269,4.657844265439202,8.84488354333715,7.351664490861618
2017-04-10,38.44797632684231,24.65101183657885,11.030546009927452,4.660721135404679,8.84660175639557,7.3551173402868315
2017-04-11,38.44568537609775,24.654448262695688,11.024818633066054,4.664173379363253,8.84545628102329,7.35595703125
2017-04-12,38.44619648318043,24.651758409785934,11.023700305810397,4.664938556067588,8.846425840978593,7.35595703125
2017-04-13,38.44103593272172,24.653478593272173,11.017966360856269,4.6672427035330255,8.846999235474005,7.360695708712614
2017-04-14,38.44103593272172,24.653478593272173,11.017966360856269,4.6672427035330255,8.846999235474005,7.360695708712614
2017-04-15,38.43759556574924,24.655772171253826,11.01223241590214,4.669546850998464,8.848146024464832,7.362824675324675
2017-04-16,38.43759556574924,24.655772171253826,11.01223241590214,4.669546850998464,8.848146024464832,7.362824675324675
2017-04-17,38.43886337543054,24.65116724071948,11.009184845005741,4.670703575547866,8.849885189437428,7.362824675324675
2017-04-18,38.43886337543054,24.65116724071948,11.009184845005741,4.670703575547866,8.849885189437428,7.362824675324675
2017-04-19,38.434919724770644,24.6575879204893,11.003440366972477,4.672523041474655,8.850057339449542,7.364948119325551
2017-04-20,38.43098510882016,24.663707521954947,10.99885452462772,4.674050632911392,8.849083619702176,7.368361398963731
2017-04-21,38.43098510882016,24.663707521954947,10.99885452462772,4.674050632911392,8.849083619702176,7.368361398963731
2017-04-22,38.4286941580756,24.665998472699506,10.990836197021764,4.675201380897583,8.850229095074456,7.370472186287193
2017-04-23,38.4286941580756,24.665998472699506,10.990836197021764,4.675201380897583,8.850229095074456,7.370472186287193
2017-04-24,38.429185779816514,24.65988149847095,10.987385321100918,4.675979262672811,8.853497706422019,7.370472186287193
2017-04-25,38.42689220183486,24.665042048929664,10.977924311926605,4.679723502304148,8.854931192660551,7.371931524547803
2017-04-26,38.42230504587156,24.665042048929664,10.969896788990825,4.682027649769585,8.857224770642201,7.374032258064516
2017-04-27,38.42230504587156,24.665042048929664,10.969896788990825,4.682027649769585,8.857224770642201,7.374032258064516
2017-04-28,38.42067583046965,24.670007636502483,10.966494845360824,4.6835443037974684,8.857388316151203,7.374838917525773
2017-04-29,38.41838487972509,24.668862161130203,10.960767468499427,4.685845799769851,8.859679266895762,7.376930501930502
2017-04-30,38.41838487972509,24.668862161130203,10.960767468499427,4.685845799769851,8.859679266895762,7.376930501930502
2017-05-01,38.418864678899084,24.662748470948014,10.957282110091743,4.685483870967742,8.86295871559633,7.376930501930502
2017-05-02,38.41313073394495,24.66561544342508,10.948681192660551,4.688940092165899,8.865825688073395,7.379016709511568
2017-05-03,38.41036655211913,24.669434898816345,10.945303550973653,4.691599539700806,8.86483390607102,7.379813863928113
2017-05-04,38.406930126002294,24.668289423444065,10.938430698739976,4.695051783659379,8.867124856815579,7.381891025641026
2017-05-05,38.406930126002294,24.668289423444065,10.938430698739976,4.695051783659379,8.867124856815579,7.381891025641026
2017-05-06,38.40349369988545,24.668289423444065,10.9315578465063,4.697353279631761,8.869415807560138,7.383962868117798
2017-05-07,38.40395642201835,24.663321865443425,10.928038990825687,4.6981566820276495,8.871559633027523,7.383962868117798
2017-05-08,38.40395642201835,24.663321865443425,10.928038990825687,4.6981566820276495,8.871559633027523,7.383962868117798
2017-05-09,38.4019495412844,24.661601681957187,10.919724770642201,4.701612903225806,8.874713302752294,7.387308184143222
2017-05-10,38.40080275229358,24.665042048929664,10.909403669724771,4.7050691244239635,8.874713302752294,7.386813537675606
2017-05-11,38.398509174311926,24.662748470948014,10.90137614678899,4.709677419354839,8.87586009174312,7.3901466836734695
2017-05-12,38.398509174311926,24.662748470948014,10.90137614678899,4.709677419354839,8.87586009174312,7.3901466836734695
2017-05-13,38.3973623853211,24.660454892966364,10.89334862385321,4.711981566820277,8.879300458715596,7.390923566878981
2017-05-14,38.3973623853211,24.660454892966364,10.89334862385321,4.711981566820277,8.879300458715596,7.390923566878981
2017-05-15,38.40011481056257,24.655472636815922,10.888633754305395,4.71280276816609,8.881458094144662,7.390923566878981
2017-05-16,38.39896670493685,24.65662074244164,10.87715269804822,4.717416378316032,8.882606199770379,7.394243002544529
2017-05-17,38.398509174311926,24.65816131498471,10.872706422018348,4.721198156682028,8.881594036697248,7.393742058449809
2017-05-18,38.398509174311926,24.654720948012233,10.865825688073395,4.726958525345622,8.880447247706423,7.395780456852792
2017-05-19,38.39805269186712,24.65740740740741,10.861397479954181,4.7307249712313,8.880584192439862,7.395278833967047
2017-05-20,38.39805269186712,24.65511645666285,10.853379152348225,4.734177215189874,8.881729667812142,7.396044303797468
2017-05-21,38.39805269186712,24.65511645666285,10.853379152348225,4.734177215189874,8.881729667812142,7.396044303797468
2017-05-22,38.399770904925546,24.65168003054601,10.84306987399771,4.739355581127733,8.88516609392898,7.3968078381795195
2017-05-23,38.402061855670105,24.65053455517373,10.832760595647194,4.745109321058688,8.88631156930126,7.396306818181818
2017-05-24,38.40137614678899,24.644399847094803,10.829128440366972,4.745967741935484,8.888474770642201,7.396306818181818
2017-05-25,38.40137614678899,24.644399847094803,10.829128440366972,4.745967741935484,8.888474770642201,7.396306818181818
2017-05-26,38.399770904925546,24.645952653684613,10.825887743413517,4.750863060989643,8.887457044673539,7.397068095838588
2017-05-27,38.39747995418099,24.642516227567775,10.81901489117984,4.755466052934407,8.888602520045819,7.397827455919395
2017-05-28,38.39747995418099,24.642516227567775,10.81901489117984,4.755466052934407,8.888602520045819,7.397827455919395
2017-05-29,38.39576174112256,24.639079801450936,10.809851088201604,4.7623705408515535,8.892038946162657,7.399842767295597
2017-05-30,38.39621559633027,24.636372324159023,10.806192660550458,4.763248847926267,8.893061926605505,7.399842767295597
2017-05-31,38.39576174112256,24.636788850706377,10.801832760595648,4.768124280782509,8.892038946162657,7.399340452261306
2017-06-01,38.39461626575029,24.62877052310042,10.79610538373425,4.775028768699655,8.893184421534936,7.400094102885822
2017-06-02,38.39530892448513,24.62919527078566,10.791762013729977,4.778735632183908,8.893306636155607,7.400845864661654
2017-06-03,38.39302059496568,24.628051106025936,10.7837528604119,4.782183908045977,8.894450800915331,7.401595744680851
2017-06-04,38.391179839633445,24.623043146239024,10.780068728522338,4.783084004602992,8.896620847651775,7.401595744680851
2017-06-05,38.393922018348626,24.618023700305812,10.777522935779816,4.782834101382488,8.898795871559633,7.401595744680851
2017-06-06,38.39420871559633,24.61171636085627,10.769495412844037,4.787730414746544,8.903096330275229,7.40234375
2017-06-07,38.39490263459336,24.61101565483009,10.766323024054984,4.791426927502877,8.902061855670103,7.401841448189763
2017-06-08,38.3926116838488,24.604142802596414,10.759450171821307,4.798331415420023,8.903207331042383,7.403834164588528
2017-06-09,38.3926116838488,24.604142802596414,10.759450171821307,4.798331415420023,8.903207331042383,7.403834164588528
2017-06-10,38.391466208476515,24.600706376479575,10.75372279495991,4.8017836593785965,8.904352806414662,7.404576587795765
2017-06-11,38.391466208476515,24.600706376479575,10.75372279495991,4.8017836593785965,8.904352806414662,7.404576587795765
2017-06-12,38.390446224256294,24.599446987032803,10.748855835240274,4.806609195402299,8.90675057208238,7.406560945273632
2017-06-13,38.38701372997712,24.596014492753625,10.743135011441648,4.81235632183908,8.90675057208238,7.406055900621118
2017-06-14,38.38701372997712,24.596014492753625,10.743135011441648,4.81235632183908,8.90675057208238,7.406055900621118
2017-06-15,38.38771428571429,24.595333333333336,10.738857142857142,4.817164179104478,8.905714285714286,7.406792803970223
2017-06-16,38.38771428571429,24.595333333333336,10.738857142857142,4.817164179104478,8.905714285714286,7.406792803970223
2017-06-17,38.38841324200913,24.595795281582955,10.73458904109589,4.81966743119266,8.905821917808218,7.407527881040892
2017-06-18,38.38841324200913,24.595795281582955,10.73458904109589,4.81966743119266,8.905821917808218,7.407527881040892
2017-06-19,38.38841324200913,24.595795281582955,10.73458904109589,4.81966743119266,8.905821917808218,7.407527881040892
2017-06-20,38.38825541619156,24.595686050931207,10.730045610034207,4.825315005727377,8.90678449258837,7.407951732673268
2017-06-21,38.38895216400911,24.59386864085042,10.726936218678816,4.828947368421052,8.908029612756264,7.407447466007417
2017-06-22,38.38597491448119,24.58884454580008,10.725484606613454,4.829896907216495,8.911345496009123,7.407447466007417
2017-06-23,38.386674259681094,24.589312832194384,10.72238041002278,4.833524027459954,8.911446469248292,7.406944444444444
2017-06-24,38.38553530751708,24.585895975702357,10.715546697038725,4.836956521739131,8.9125854214123,7.407675709001233
2017-06-25,38.384834663625995,24.582003040668948,10.711801596351197,4.837915234822451,8.914766248574686,7.407675709001233
2017-06-26,38.384834663625995,24.582003040668948,10.711801596351197,4.837915234822451,8.914766248574686,7.407675709001233
2017-06-27,38.379133409350054,24.583143291524138,10.702109464082097,4.8459335624284074,8.915906499429875,7.409020935960591
2017-06-28,38.37799315849487,24.577442037248197,10.696408209806158,4.849369988545246,8.919327251995439,7.408517835178352
2017-06-29,38.37571265678449,24.571740782972256,10.691847206385404,4.853951890034364,8.922748004561003,7.4080159705159705
2017-06-30,38.37571265678449,24.571740782972256,10.691847206385404,4.853951890034364,8.922748004561003,7.4080159705159705
2017-07-01,38.37343215507411,24.56946028126188,10.685005701254276,4.859679266895761,8.923888255416191,7.4075153374233125
2017-07-02,38.37343215507411,24.56946028126188,10.685005701254276,4.859679266895761,8.923888255416191,7.4075153374233125
2017-07-03,38.370581527936146,24.566039528696315,10.675313568985176,4.865406643757159,8.92787913340935,7.409466911764706
2017-07-04,38.36529680365297,24.567827245053273,10.671518264840183,4.867545871559633,8.928938356164384,7.409466911764706
2017-07-05,38.36602052451539,24.566039528696315,10.668472063854049,4.871134020618556,8.929019384264539,7.408965728274174
2017-07-06,38.36259977194983,24.56261877613075,10.663340935005701,4.876861397479955,8.93072976054732,7.40968826405868
2017-07-07,38.36446469248292,24.561977980258163,10.660307517084282,4.880434782608695,8.930808656036447,7.409188034188034
2017-07-08,38.35876993166287,24.561977980258163,10.654612756264237,4.885011441647597,8.933086560364465,7.4086890243902435
2017-07-09,38.35876993166287,24.561977980258163,10.654612756264237,4.885011441647597,8.933086560364465,7.4086890243902435
2017-07-10,38.35307517084282,24.559700075930145,10.64607061503417,4.890732265446224,8.935933940774488,7.411236297198538
2017-07-11,38.35136674259681,24.555713743356115,10.639236902050113,4.894736842105263,8.937642369020502,7.411952554744525
2017-07-12,38.34720638540479,24.55292664386165,10.635404789053592,4.895761741122566,8.940992018244014,7.411952554744525
2017-07-13,38.34417808219178,24.5478500761035,10.632705479452055,4.896788990825688,8.944349315068493,7.411952554744525
2017-07-14,38.34417808219178,24.5478500761035,10.632705479452055,4.896788990825688,8.944349315068493,7.411952554744525
2017-07-15,38.340753424657535,24.54556697108067,10.626997716894977,4.900229357798165,8.946632420091325,7.412667071688943
2017-07-16,38.340753424657535,24.54556697108067,10.626997716894977,4.900229357798165,8.946632420091325,7.412667071688943
2017-07-17,38.33809523809524,24.542380952380956,10.622,4.900114810562572,8.95,7.412667071688943
2017-07-18,38.335523809523814,24.542380952380956,10.612571428571428,4.90556831228473,8.951428571428572,7.413986650485437
2017-07-19,38.335523809523814,24.53666666666667,10.604571428571429,4.910160734787601,8.954857142857144,7.413484848484848
2017-07-20,38.335523809523814,24.53666666666667,10.604571428571429,4.910160734787601,8.954857142857144,7.413484848484848
2017-07-21,38.33742389649924,24.53605403348554,10.601598173515981,4.913704128440367,8.95376712328767,7.414194915254237
2017-07-22,38.33399923896499,24.53377092846271,10.594748858447488,4.9182912844036695,8.956050228310502,7.414903264812575
2017-07-23,38.33209523809524,24.52866666666667,10.589714285714285,4.919345579793341,8.959428571428571,7.414903264812575
2017-07-24,38.33209523809524,24.52866666666667,10.589714285714285,4.919345579793341,8.959428571428571,7.414903264812575
2017-07-25,38.328095238095244,24.52866666666667,10.58,4.92451205510907,8.96342857142857,7.4168176328502415
2017-07-26,38.3292380952381,24.52066666666667,10.572,4.92910447761194,8.966857142857142,7.416314837153196
2017-07-27,38.33114535768646,24.51893074581431,10.56906392694064,4.932626146788991,8.965753424657533,7.418222891566265
2017-07-28,38.33114535768646,24.51893074581431,10.56906392694064,4.932626146788991,8.965753424657533,7.418222891566265
2017-07-29,38.328862252663626,24.515506088280063,10.56107305936073,4.937213302752293,8.968036529680365,7.4201263537906135
2017-07-30,38.328862252663626,24.515506088280063,10.56107305936073,4.937213302752293,8.968036529680365,7.4201263537906135
2017-07-31,38.328095238095244,24.510380952380956,10.556,4.938289322617681,8.971428571428572,7.4201263537906135
2017-08-01,38.3212380952381,24.509809523809526,10.548,4.945177956371986,8.974857142857143,7.422626201923077
2017-08-02,38.323154490106546,24.506944444444446,10.545091324200913,4.94868119266055,8.973744292237443,7.423319327731092
2017-08-03,38.3212380952381,24.504095238095243,10.538857142857143,4.949770378874857,8.976,7.423319327731092
2017-08-04,38.3212380952381,24.504095238095243,10.538857142857143,4.949770378874857,8.976,7.423319327731092
2017-08-05,38.31780952380953,24.49952380952381,10.530857142857142,4.9543628013777266,8.980571428571428,7.424010791366906
2017-08-06,38.31780952380953,24.49952380952381,10.530857142857142,4.9543628013777266,8.980571428571428,7.424010791366906
2017-08-07,38.31438095238096,24.495714285714286,10.521142857142857,4.958955223880597,8.985714285714286,7.425898203592815
2017-08-08,38.311308161708624,24.494565217391305,10.516018306636155,4.959482758620689,8.988272311212814,7.425898203592815
2017-08-09,38.31073607932876,24.48941647597254,10.508009153318078,4.9623563218390805,8.991132723112129,7.426584928229665
2017-08-10,38.30880106911035,24.48310423825888,10.504009163802978,4.963463751438435,8.994558991981672,7.426584928229665
2017-08-11,38.31073607932876,24.482551487414188,10.501144164759726,4.966954022988506,8.993421052631579,7.4272700119474315
2017-08-12,38.30730358504958,24.47911899313501,10.493135011441648,4.971551724137931,8.996853546910755,7.427953460620525
2017-08-13,38.30730358504958,24.47911899313501,10.493135011441648,4.971551724137931,8.996853546910755,7.427953460620525
2017-08-14,38.30536464299351,24.475085910652922,10.487972508591065,4.9715189873417724,8.99914089347079,7.427953460620525
2017-08-15,38.301928216876675,24.475085910652922,10.47766323024055,4.9772727272727275,9.00028636884307,7.4310190703218115
2017-08-16,38.30021000381825,24.469931271477662,10.469644902634593,4.982451093210587,9.00315005727377,7.43110119047619
2017-08-17,38.30021000381825,24.469931271477662,10.469644902634593,4.982451093210587,9.00315005727377,7.43110119047619
2017-08-18,38.30021000381825,24.469931271477662,10.469644902634593,4.982451093210587,9.00315005727377,7.43110119047619
2017-08-19,38.299064528445975,24.466494845360824,10.461626575028637,4.98590333716916,9.005441008018328,7.430588585017836
2017-08-20,38.29596712538227,24.46473623853211,10.456422018348624,4.985887096774194,9.007740825688073,7.430588585017836
2017-08-21,38.29596712538227,24.46473623853211,10.456422018348624,4.985887096774194,9.007740825688073,7.430588585017836
2017-08-22,38.29453363914374,24.463589449541285,10.447534403669724,4.992223502304148,9.008314220183486,7.431858669833729
2017-08-23,38.29224006116208,24.46129587155963,10.436066513761467,4.996831797235023,9.010607798165138,7.4337188612099645
2017-08-24,38.288799694189606,24.454415137614678,10.429185779816514,5.002592165898617,9.01290137614679,7.436759478672986
2017-08-25,38.28961435662467,24.45160366552119,10.426403207331042,5.007192174913694,9.012886597938145,7.438609467455621
2017-08-26,38.28732340588011,24.447021764032073,10.417239404352806,5.012945914844649,9.014032073310425,7.43927304964539
2017-08-27,38.28732340588011,24.447021764032073,10.417239404352806,5.012945914844649,9.014032073310425,7.43927304964539
2017-08-28,38.28535932721713,24.444094036697248,10.410837155963304,5.012960829493087,9.017488532110091,7.43927304964539
2017-08-29,38.28191896024465,24.444094036697248,10.399942660550458,5.0175691244239635,9.019782110091743,7.442296340023613
2017-08-30,38.279625382263,24.44294724770642,10.388474770642201,5.02102534562212,9.022075688073395,7.444133254716981
2017-08-31,38.27815960290187,24.441294387170675,10.38573883161512,5.024453394706559,9.022050400916381,7.448321554770318
2017-09-01,38.27898550724638,24.43850114416476,10.383009153318078,5.030172413793103,9.022025171624714,7.448970588235294
2017-09-02,38.27784134248665,24.433924485125857,10.373855835240274,5.034770114942528,9.02316933638444,7.449618096357227
2017-09-03,38.27784134248665,24.433924485125857,10.373855835240274,5.034770114942528,9.02316933638444,7.449618096357227
2017-09-04,38.27383676582762,24.431064073226544,10.362986270022883,5.038793103448276,9.026601830663616,7.453198356807512
2017-09-05,38.27214585719741,24.43012600229095,10.357388316151203,5.037686996547756,9.029495990836198,7.453198356807512
2017-09-06,38.27212051868803,24.429061784897026,10.354405034324943,5.042241379310345,9.028890160183066,7.454425556858148
2017-09-07,38.269832189168575,24.42219679633867,10.346967963386728,5.047701149425287,9.031464530892448,7.456820843091335
2017-09-08,38.268952380952385,24.42,10.344285714285714,5.052238805970149,9.032,7.458625730994152
2017-09-09,38.26552380952381,24.41657142857143,10.336285714285713,5.055683122847302,9.034285714285714,7.460426401869159
2017-09-10,38.26468344774981,24.413615560640732,10.332093821510297,5.055747126436781,9.035469107551487,7.460426401869159
2017-09-11,38.259534706331046,24.41304347826087,10.322940503432495,5.060344827586207,9.038329519450802,7.464556592765461
2017-09-12,38.259534706331046,24.41304347826087,10.322940503432495,5.060344827586207,9.038329519450802,7.464556592765461
2017-09-13,38.257246376811594,24.40732265446224,10.314931350114417,5.064942528735632,9.040617848970252,7.466346153846154
2017-09-14,38.255809523809525,24.402285714285714,10.311714285714286,5.070034443168772,9.040571428571429,7.47162398137369
2017-09-15,38.25323439878235,24.40068493150685,10.309075342465754,5.075688073394495,9.040525114155251,7.474563953488372
2017-09-16,38.2498097412481,24.39611872146119,10.301084474885844,5.080275229357798,9.043949771689498,7.478658536585366
2017-09-17,38.2498097412481,24.39611872146119,10.301084474885844,5.080275229357798,9.043949771689498,7.478658536585366
2017-09-18,38.24724439376663,24.39338654503991,10.297320410490308,5.084765177548682,9.046180159635119,7.482743619489559
2017-09-19,38.242968453059675,24.391676168757126,10.289338654503991,5.09049255441008,9.047890535917903,7.48508111239861
2017-09-20,38.23982115677322,24.388698630136986,10.285102739726028,5.091743119266055,9.049086757990867,7.48508111239861
2017-09-21,38.23783732421133,24.38568985176739,10.282497149372862,5.096792668957617,9.048745724059293,7.488570601851852
2017-09-22,38.23443432042521,24.38268792710706,10.279612756264237,5.10183066361556,9.049829157175399,7.492919075144509
2017-09-23,38.23356138350437,24.380843785632837,10.274230330672747,5.101947308132875,9.05102622576967,7.492919075144509
2017-09-24,38.23356138350437,24.380843785632837,10.274230330672747,5.101947308132875,9.05102622576967,7.492919075144509
2017-09-25,38.23268645357687,24.378995433789953,10.26769406392694,5.102064220183486,9.053367579908675,7.492919075144509
2017-09-26,38.22952380952381,24.38057142857143,10.263428571428571,5.101033295063146,9.053428571428572,7.492919075144509
2017-09-27,38.22952380952381,24.38057142857143,10.263428571428571,5.101033295063146,9.053428571428572,7.492919075144509
2017-09-28,38.22520976353928,24.377574370709382,10.25858123569794,5.102298850574712,9.056350114416476,7.492919075144509
2017-09-29,38.21809523809524,24.373714285714286,10.259428571428572,5.1079219288174516,9.057428571428572,7.498123556581986
2017-09-30,38.20895238095238,24.368,10.254857142857142,5.114810562571757,9.059714285714286,7.503316032295271
2017-10-01,38.20072298325723,24.364155251141554,10.254566210045661,5.122706422018348,9.059646118721462,7.5096486175115205
2017-10-02,38.19866666666667,24.36304761904762,10.24990476190476,5.1224646000765395,9.062380952380952,7.5148500576701265
2017-10-03,38.19631960335622,24.36231884057971,10.244469870327993,5.122605363984674,9.064168573607933,7.5148500576701265
2017-10-04,38.189238095238096,24.357333333333333,10.244190476190475,5.129353233830845,9.065238095238096,7.520017281105991
2017-10-05,38.189238095238096,24.357333333333333,10.244190476190475,5.129353233830845,9.065238095238096,7.520017281105991
2017-10-06,38.189238095238096,24.357333333333333,10.244190476190475,5.129353233830845,9.065238095238096,7.520017281105991
2017-10-07,38.18066666666667,24.352476190476192,10.23847619047619,5.135380788365862,9.06895238095238,7.529617895545314
2017-10-08,38.18087337909993,24.350591151792525,10.23302822273074,5.1355363984674325,9.072463768115941,7.532535563244905
2017-10-09,38.18087337909993,24.350591151792525,10.23302822273074,5.1355363984674325,9.072463768115941,7.532535563244905
2017-10-10,38.16943173150267,24.349446987032803,10.227307398932112,5.14243295019157,9.074752097635393,7.545222991157247
2017-10-11,38.16238095238096,24.344476190476193,10.228190476190475,5.149158055874473,9.074666666666666,7.550355222734255
2017-10-12,38.153238095238095,24.335904761904764,10.223619047619048,5.157194795254496,9.078666666666667,7.559571812596006
2017-10-13,38.14507229832572,24.33209665144597,10.224505327245053,5.163895259938837,9.079718417047184,7.564681626390486
2017-10-14,38.13479832572298,24.325247336377476,10.21993911719939,5.171922782874617,9.08314307458143,7.576189106252397
2017-10-15,38.134952380952384,24.323333333333334,10.213333333333333,5.172120168388824,9.08552380952381,7.581461213517665
2017-10-16,38.12794901065449,24.320110350076106,10.21251902587519,5.1776567278287455,9.085426179604262,7.5876965861143075
2017-10-17,38.12695238095238,24.32161904761905,10.208190476190476,5.1778606965174125,9.086666666666666,7.5929819508448535
2017-10-18,38.11780952380953,24.314761904761905,10.203619047619046,5.185897435897435,9.08895238095238,7.603350614439324
2017-10-19,38.1092380952381,24.30904761904762,10.196761904761905,5.1933601224645995,9.09352380952381,7.614295314900153
2017-10-20,38.101122526636225,24.305270167427704,10.197678843226788,5.201165902140672,9.09341704718417,7.619342155734561
2017-10-21,38.09541476407915,24.29842085235921,10.19197108066971,5.208046636085626,9.095700152207002,7.630849635596471
2017-10-22,38.09541476407915,24.29842085235921,10.19197108066971,5.208046636085626,9.095700152207002,7.630849635596471
2017-10-23,38.09590476190477,24.297238095238097,10.18647619047619,5.208668197474168,9.097714285714286,7.636184715821813
2017-10-24,38.09008751902588,24.293474124809745,10.185121765601217,5.214162844036697,9.098744292237443,7.642357115458381
2017-10-25,38.08314329152414,24.290003800836185,10.184625617635879,5.221363115693013,9.099201824401367,7.646791187739463
2017-10-26,38.08095509893456,24.286910197869105,10.1802701674277,5.221616972477064,9.102739726027398,7.6521384733410045
2017-10-27,38.07516153553782,24.283162295705058,10.181204865070315,5.22709049255441,9.102622576966933,7.65713601532567
2017-10-28,38.06717977955151,24.278601292284307,10.175503610794374,5.235108820160367,9.103762827822122,7.668630268199234
2017-10-29,38.06839802130899,24.27549467275495,10.16999619482496,5.236525229357798,9.106164383561644,7.6740026850786345
2017-10-30,38.06033827442038,24.271759787153176,10.169802356518433,5.243127147766323,9.107183580387685,7.680124521072797
2017-10-31,38.05812404870625,24.27321156773212,10.1654299847793,5.244552752293578,9.10730593607306,7.686660912926735
2017-11-01,38.050133181126334,24.26750380517504,10.162005327245053,5.2525802752293576,9.10958904109589,7.695866896816264
2017-11-02,38.04904761904763,24.26409523809524,10.157904761904762,5.254018369690011,9.112,7.70127688172043
2017-11-03,38.04904761904763,24.26409523809524,10.157904761904762,5.254018369690011,9.112,7.70127688172043
2017-11-04,38.039904761904765,24.258380952380953,10.153333333333332,5.260907003444317,9.115428571428572,7.7116455453149
2017-11-05,38.039904761904765,24.258380952380953,10.153333333333332,5.260907003444317,9.115428571428572,7.7116455453149
2017-11-06,38.0330098934551,24.254661339421617,10.153158295281582,5.267488532110092,9.115296803652969,7.716580360567702
2017-11-07,38.02387747336378,24.250380517503807,10.148021308980212,5.273795871559633,9.118721461187215,7.728519370924434
2017-11-08,38.02387747336378,24.250380517503807,10.148021308980212,5.273795871559633,9.118721461187215,7.728519370924434
2017-11-09,38.01132039573821,24.243531202435314,10.144596651445966,5.282970183486238,9.122146118721462,7.741177598772535
2017-11-10,38.01132039573821,24.243531202435314,10.144596651445966,5.282970183486238,9.122146118721462,7.741177598772535
2017-11-11,37.99990487062406,24.237823439878238,10.141171993911719,5.290997706422019,9.125570776255708,7.753835826620636
2017-11-12,37.99876190476191,24.236952380952385,10.136761904761904,5.29247990815155,9.128,7.759312596006144
2017-11-13,37.98961904761905,24.232380952380954,10.132190476190475,5.301664753157291,9.129142857142858,7.769681259600614
2017-11-14,37.982781582952825,24.227549467275498,10.13089802130898,5.307626146788991,9.130707762557078,7.776275412351361
2017-11-15,37.982781582952825,24.227549467275498,10.13089802130898,5.307626146788991,9.130707762557078,7.776275412351361
2017-11-16,37.97022450532725,24.22184170471842,10.127473363774733,5.315653669724771,9.13527397260274,7.786632144227081
2017-11-17,37.96337519025876,24.216133942161342,10.125190258751902,5.322534403669724,9.137557077625571,7.7946873801304175
2017-11-18,37.95310121765602,24.210426179604266,10.121765601217655,5.328268348623853,9.139840182648403,7.807345607978519
2017-11-19,37.95310121765602,24.210426179604266,10.121765601217655,5.328268348623853,9.139840182648403,7.807345607978519
2017-11-20,37.9447298325723,24.203576864535773,10.117579908675799,5.3359136085626915,9.143264840182649,7.817318757192175
2017-11-21,37.93274353120244,24.200152207001526,10.113869863013699,5.343367737003058,9.146974885844749,7.829976985040276
2017-11-22,37.9292380952381,24.196952380952382,10.109428571428571,5.344910065059319,9.150571428571428,7.835541474654378
2017-11-23,37.917809523809524,24.188952380952383,10.106,5.35409491006506,9.155142857142858,7.845910138248848
2017-11-24,37.917809523809524,24.188952380952383,10.106,5.35409491006506,9.155142857142858,7.845910138248848
2017-11-25,37.90866666666667,24.184380952380955,10.102571428571428,5.359835438193648,9.15857142857143,7.855126728110599
2017-11-26,37.90866666666667,24.184380952380955,10.102571428571428,5.359835438193648,9.15857142857143,7.855126728110599
2017-11-27,37.9012380952381,24.178095238095242,10.099142857142857,5.365575966322235,9.161428571428571,7.865495391705069
2017-11-28,37.89883676582762,24.178299008390546,10.095823798627002,5.365996168582376,9.161613272311213,7.872260668973472
2017-11-29,37.89883676582762,24.178299008390546,10.095823798627002,5.365996168582376,9.161613272311213,7.872260668973472
2017-11-30,37.88968344774981,24.17315026697178,10.0912471395881,5.372892720306513,9.163901601830664,7.882641291810842
2017-12-01,37.88968344774981,24.17315026697178,10.0912471395881,5.372892720306513,9.163901601830664,7.882641291810842
2017-12-02,37.88053012967201,24.168573607932878,10.087814645308924,5.377490421455939,9.166189931350115,7.894175317185698
2017-12-03,37.88053012967201,24.168573607932878,10.087814645308924,5.377490421455939,9.166189931350115,7.894175317185698
2017-12-04,37.8713768115942,24.163424866514113,10.084954233409611,5.3820881226053645,9.167906178489703,7.905132641291811
2017-12-05,37.86165141113654,24.1605644546148,10.079519450800916,5.387835249042146,9.172196796338673,7.916955017301038
2017-12-06,37.86165141113654,24.1605644546148,10.079519450800916,5.387835249042146,9.172196796338673,7.916955017301038
2017-12-07,37.85135392829901,24.1559877955759,10.076086956521738,5.392432950191571,9.175629290617849,7.9228110599078345
2017-12-08,37.84466666666667,24.15466666666667,10.078285714285714,5.395426712590892,9.175428571428572,7.927502876869966
2017-12-09,37.835523809523814,24.15009523809524,10.074857142857143,5.40116724071948,9.177714285714286,7.939010356731876
2017-12-10,37.82980952380953,24.143238095238097,10.070285714285715,5.405759663222351,9.18,7.949367088607595
2017-12-11,37.82980952380953,24.143238095238097,10.070285714285715,5.405759663222351,9.18,7.949367088607595
2017-12-12,37.818380952380956,24.143238095238097,10.065142857142858,5.41035208572522,9.182857142857143,7.962600690448792
2017-12-13,37.818380952380956,24.143238095238097,10.065142857142858,5.41035208572522,9.182857142857143,7.962600690448792
2017-12-14,37.80695238095238,24.136380952380954,10.064,5.416092613853809,9.185714285714285,7.974108170310702
2017-12-15,37.80695238095238,24.136380952380954,10.064,5.416092613853809,9.185714285714285,7.974108170310702
2017-12-16,37.7972380952381,24.131809523809526,10.062285714285714,5.419536930730961,9.188571428571429,7.9861910241657075
2017-12-17,37.79471777269261,24.13081617086194,10.056636155606407,5.421168582375479,9.191075514874141,7.991935483870968
2017-12-18,37.79471777269261,24.13081617086194,10.056636155606407,5.421168582375479,9.191075514874141,7.991935483870968
2017-12-19,37.78327612509535,24.129672006102215,10.052059496567505,5.425766283524904,9.193363844393593,8.005760368663594
2017-12-20,37.778445971744944,24.1286750668194,10.047537227949599,5.42740698120445,9.195876288659793,8.005760368663594
2017-12-21,37.77412280701755,24.125095347063315,10.049199084668192,5.432662835249043,9.195652173913043,8.009205983889528
2017-12-22,37.77412280701755,24.125095347063315,10.049199084668192,5.432662835249043,9.195652173913043,8.009205983889528
2017-12-23,37.76382532418002,24.119088482074755,10.047196796338673,5.438697318007663,9.197940503432495,8.021288837744533
2017-12-24,37.76382532418002,24.119088482074755,10.047196796338673,5.438697318007663,9.197940503432495,8.021288837744533
2017-12-25,37.76240931653303,24.116933944253535,10.042668957617412,5.439202148062908,9.200458190148911,8.027073732718893
2017-12-26,37.75869648318043,24.11936162079511,10.036983944954128,5.439708141321045,9.200688073394495,8.034025374855824
2017-12-27,37.75439098892707,24.113497518136697,10.039232531500573,5.442654392021481,9.20160366552119,8.038594470046084
2017-12-28,37.75105122324159,24.1115252293578,10.035646024464832,5.442972350230415,9.204892966360857,8.044213763936948
2017-12-29,37.75105122324159,24.1115252293578,10.035646024464832,5.442972350230415,9.204892966360857,8.044213763936948
2017-12-30,37.74732108687332,24.109357060849597,10.033390738614619,5.4434832756632066,9.207424416379641,8.052347959969207
2017-12-31,37.74732108687332,24.109357060849597,10.033390738614619,5.4434832756632066,9.207424416379641,8.052347959969207
2018-01-01,37.74588122605364,24.10756704980843,10.028448275862068,5.443995381062356,9.209195402298851,8.058574181117534
2018-01-02,37.73611111111111,24.103544061302685,10.023850574712643,5.449769053117783,9.21264367816092,8.071290944123314
2018-01-03,37.7295254496747,24.098832759280523,10.024971297359357,5.453863898500576,9.213547646383468,8.078137028483448
2018-01-04,37.72034060466896,24.093092231151935,10.022675086107922,5.459630911188005,9.215843857634903,8.089684372594304
2018-01-05,37.72034060466896,24.093092231151935,10.022675086107922,5.459630911188005,9.215843857634903,8.089684372594304
2018-01-06,37.71230386528894,24.087351703023348,10.021526980482204,5.463091118800461,9.21699196326062,8.101231716705158
2018-01-07,37.708046636085626,24.082664373088686,10.023795871559633,5.467165898617512,9.216743119266056,8.103421760861208
2018-01-08,37.700592507645254,24.07521024464832,10.018061926605505,5.472926267281106,9.221330275229358,8.115532487504806
2018-01-09,37.69680443934175,24.07759280520475,10.015786452353616,5.473471741637832,9.22158438576349,8.122594303310239
2018-01-10,37.69185823754789,24.07653256704981,10.011206896551725,5.475173210161663,9.224137931034482,8.129672447013489
2018-01-11,37.69185823754789,24.07653256704981,10.011206896551725,5.475173210161663,9.224137931034482,8.129672447013489
2018-01-12,37.69185823754789,24.07653256704981,10.011206896551725,5.475173210161663,9.224137931034482,8.129672447013489
2018-01-13,37.68496168582375,24.071934865900385,10.008908045977012,5.478637413394919,9.22528735632184,8.141233140655107
2018-01-14,37.68496168582375,24.071934865900385,10.008908045977012,5.478637413394919,9.22528735632184,8.141233140655107
2018-01-15,37.677203065134094,24.06417624521073,10.004310344827585,5.484699769053118,9.229022988505747,8.152215799614645
2018-01-16,37.67337936325278,24.066551591868052,10.000863060989643,5.485260115606937,9.230437284234753,8.159336419753087
2018-01-17,37.66839477726574,24.064324116743474,9.997407834101383,5.4858217592592595,9.233006912442397,8.159336419753087
2018-01-18,37.66148233486943,24.053955453149005,9.995103686635945,5.489293981481482,9.236463133640553,8.163776493256263
2018-01-19,37.65611814345991,24.049290372075184,9.99741081703107,5.492196531791907,9.237341772151899,8.168206312548115
2018-01-20,37.64806290755658,24.04468738013042,9.993958573072497,5.495664739884393,9.239643268124281,8.180908391070055
2018-01-21,37.642309167625626,24.035481396240893,9.991657077100115,5.499132947976879,9.241944764096663,8.192455735180909
2018-01-22,37.63812260536399,24.027394636015327,9.99396551724138,5.5020207852194,9.24396551724138,8.198000768935024
2018-01-23,37.628352490421456,24.021647509578546,9.989367816091955,5.5077944572748265,9.248563218390805,8.210688196847366
2018-01-24,37.628352490421456,24.021647509578546,9.989367816091955,5.5077944572748265,9.248563218390805,8.210688196847366
2018-01-25,37.61858237547893,24.015900383141766,9.986781609195402,5.513568129330254,9.251149425287357,8.21505376344086
2018-01-26,37.61858237547893,24.015900383141766,9.986781609195402,5.513568129330254,9.251149425287357,8.21505376344086
2018-01-27,37.61053639846743,24.010153256704985,9.98448275862069,5.51703233256351,9.25344827586207,8.226574500768049
2018-01-28,37.61053639846743,24.010153256704985,9.98448275862069,5.51703233256351,9.25344827586207,8.226574500768049
2018-01-29,37.604501915708816,24.000670498084293,9.9816091954023,5.521651270207852,9.25632183908046,8.238095238095239
2018-01-30,37.60174530111239,24.001822017644805,9.978135788262371,5.522254335260116,9.25776754890679,8.244136870434449
2018-01-31,37.596678187403995,24.000672043010756,9.975806451612904,5.522858796296297,9.259216589861751,8.244136870434449
2018-02-01,37.587461597542244,23.992607526881724,9.973502304147466,5.528645833333333,9.262672811059907,8.250768049155146
2018-02-02,37.57988108937476,23.986862293824323,9.978135788262371,5.530346820809249,9.264672036823935,8.257383966244726
2018-02-03,37.571825853471424,23.98225930187956,9.97698504027618,5.533815028901734,9.266973532796317,8.271192942079018
2018-02-04,37.571825853471424,23.98225930187956,9.97698504027618,5.533815028901734,9.266973532796317,8.271192942079018
2018-02-05,37.56348293057154,23.972861526658996,9.975546605293442,5.538631984585742,9.2692750287687,8.284618335251247
2018-02-06,37.56067588325653,23.973694316436255,9.971774193548388,5.537519290123457,9.271313364055299,8.291282642089094
2018-02-07,37.56067588325653,23.973694316436255,9.971774193548388,5.537519290123457,9.271313364055299,8.291282642089094
2018-02-08,37.5497311827957,23.96620583717358,9.972350230414747,5.541570216049383,9.271889400921658,8.303955453149003
2018-02-09,37.542194092827,23.95934023782125,9.975834292289989,5.546724470134875,9.272727272727273,8.309359416954354
2018-02-10,37.535289604909856,23.953586497890296,9.974683544303797,5.551348747591523,9.273878020713465,8.319716148830073
2018-02-11,37.53360215053763,23.952380952380953,9.97004608294931,5.5508294753086425,9.276497695852534,8.325844854070661
2018-02-12,37.524357499041045,23.943805140007672,9.973532796317606,5.556551059730251,9.279056386651323,8.333525124664366
2018-02-13,37.52035330261137,23.946044546851,9.972350230414747,5.557195216049383,9.278225806451612,8.339669738863288
2018-02-14,37.51633986928105,23.943675509419457,9.970588235294118,5.557261490923136,9.280276816608996,8.345828527489427
2018-02-15,37.51113671274962,23.93452380952381,9.974078341013826,5.561246141975309,9.28225806451613,8.353494623655914
2018-02-16,37.51113671274962,23.93452380952381,9.974078341013826,5.561246141975309,9.28225806451613,8.353494623655914
2018-02-17,37.50480030721966,23.928187403993856,9.975230414746544,5.564718364197531,9.28225806451613,8.365591397849464
2018-02-18,37.503075740099966,23.92579777008843,9.971741637831602,5.565372730784087,9.283737024221454,8.371780084582854
2018-02-19,37.49673579109063,23.91609062980031,9.975230414746544,5.569347993827161,9.285714285714286,8.380568356374809
2018-02-20,37.493848519800075,23.9159938485198,9.97318339100346,5.569428350714562,9.286908881199539,8.386197616301423
2018-02-21,37.48979984603541,23.91301000769823,9.973152424942263,5.569508894044858,9.28839491916859,8.392417244033872
2018-02-22,37.48577470203768,23.90503652441369,9.97549019607843,5.573483970645037,9.28921568627451,8.398885044213765
2018-02-23,37.48003072196621,23.897369431643625,9.977822580645162,5.578028549382716,9.290322580645162,8.404761904761905
2018-02-24,37.473118279569896,23.888728878648234,9.978398617511521,5.58323688271605,9.29147465437788,8.417434715821813
2018-02-25,37.47135717031911,23.883986928104576,9.97722029988466,5.58507145616068,9.292964244521338,8.423683198769705
2018-02-26,37.46270665128797,23.873029603998464,9.978373702422145,5.589706450366937,9.296424452133795,8.438677431757018
2018-02-27,37.46093148575828,23.871728252501924,9.979503464203233,5.589230471771075,9.295612009237875,8.444957659738261
2018-02-28,37.457996146435455,23.86695568400771,9.979479768786128,5.589914827719706,9.297109826589596,8.451830443159924
2018-03-01,37.451059730250485,23.857707129094415,9.979479768786128,5.593399148277197,9.298265895953758,8.464547206165705
2018-03-02,37.451059730250485,23.857707129094415,9.979479768786128,5.593399148277197,9.298265895953758,8.464547206165705
2018-03-03,37.446050096339114,23.846531791907516,9.98102119460501,5.598819202477738,9.300192678227361,8.476107899807323
2018-03-04,37.446050096339114,23.846531791907516,9.98102119460501,5.598819202477738,9.300192678227361,8.476107899807323
2018-03-05,37.43969171483622,23.83728323699422,9.984489402697497,5.604045683313975,9.300770712909442,8.488824662813103
2018-03-06,37.43788580246913,23.83478009259259,9.983314043209877,5.603585271317829,9.301118827160494,8.4945987654321
2018-03-07,37.43646195442256,23.83033989957513,9.985225955967556,5.603317811408615,9.30166087292391,8.49903437620703
2018-03-08,37.43406805877804,23.82743619489559,9.985982211910288,5.603438228438228,9.302010827532868,8.504060324825986
2018-03-09,37.43406805877804,23.82743619489559,9.985982211910288,5.603438228438228,9.302010827532868,8.504060324825986
2018-03-10,37.42893008883739,23.821842410196986,9.988315952105062,5.606228172293364,9.302819621475473,8.509269988412514
2018-03-11,37.42496141975309,23.815104166666668,9.991801697530866,5.610174418604651,9.303626543209877,8.513310185185185
2018-03-12,37.42496141975309,23.815104166666668,9.991801697530866,5.610174418604651,9.303626543209877,8.513310185185185
2018-03-13,37.41868978805395,23.807803468208093,9.992967244701351,5.614692218350755,9.30674373795761,8.520809248554913
2018-03-14,37.41868978805395,23.807803468208093,9.992967244701351,5.614692218350755,9.30674373795761,8.520809248554913
2018-03-15,37.41222993827161,23.805266203703702,9.996431327160495,5.617732558139535,9.305941358024691,8.52488425925926
2018-03-16,37.40597302504817,23.799710982658958,9.998747591522159,5.621660859465737,9.307899807321773,8.530057803468209
2018-03-17,37.394990366088635,23.791618497109827,10.003371868978807,5.628048780487805,9.309055876685933,8.538728323699422
2018-03-18,37.394990366088635,23.791618497109827,10.003371868978807,5.628048780487805,9.309055876685933,8.538728323699422
2018-03-19,37.389660493827165,23.79021990740741,10.005690586419755,5.629941860465117,9.309413580246913,8.542824074074074
2018-03-20,37.383429672447015,23.782947976878614,10.006262042389212,5.635017421602788,9.31252408477842,8.55028901734104
2018-03-21,37.37952270977675,23.77742494226328,10.007409545804466,5.64008120649652,9.313317936874519,8.55484988452656
2018-03-22,37.37447135717032,23.771337946943483,10.009131103421762,5.6445538818076475,9.314109957708574,8.559976931949251
2018-03-23,37.37447135717032,23.771337946943483,10.009131103421762,5.6445538818076475,9.314109957708574,8.559976931949251
2018-03-24,37.363514033064206,23.763840830449826,10.013744713571704,5.65034762456547,9.315840061514802,8.568627450980392
2018-03-25,37.363514033064206,23.763840830449826,10.013744713571704,5.65034762456547,9.315840061514802,8.568627450980392
2018-03-26,37.357910906298,23.756048387096776,10.014304915514595,5.655381944444445,9.318932411674346,8.576036866359447
2018-03-27,37.349096501345635,23.75576701268743,10.016628219915418,5.65845886442642,9.320453671664744,8.579008073817763
2018-03-28,37.34314857582756,23.75375288683603,10.018379522709779,5.660962877030163,9.320823710546573,8.583429561200925
2018-03-29,37.34314857582756,23.75375288683603,10.018379522709779,5.660962877030163,9.320823710546573,8.583429561200925
2018-03-30,37.34314857582756,23.75375288683603,10.018379522709779,5.660962877030163,9.320823710546573,8.583429561200925
2018-03-31,37.333333333333336,23.74566974595843,10.021843725943034,5.667343387470997,9.321401077752117,8.59093533487298
2018-04-01,37.333333333333336,23.74566974595843,10.021843725943034,5.667343387470997,9.321401077752117,8.59093533487298
2018-04-02,37.327938342967244,23.74364161849711,10.023025048169558,5.669860627177701,9.321772639691714,8.59393063583815
2018-04-03,37.3140655105973,23.736705202312137,10.025337186897882,5.676829268292683,9.326396917148362,8.604335260115606
2018-04-04,37.3140655105973,23.736705202312137,10.025337186897882,5.676829268292683,9.326396917148362,8.604335260115606
2018-04-05,37.309083910700544,23.730080831408777,10.027617397998462,5.68068445475638,9.327174749807543,8.610565819861431
2018-04-06,37.309083910700544,23.730080831408777,10.027617397998462,5.68068445475638,9.327174749807543,8.610565819861431
2018-04-07,37.29869130100077,23.72257505773672,10.030504234026175,5.687064965197216,9.327752117013087,8.619803695150116
2018-04-08,37.29210019267823,23.719942196531793,10.03053949903661,5.689605110336817,9.328709055876686,8.62514450867052
2018-04-09,37.29210019267823,23.719942196531793,10.03053949903661,5.689605110336817,9.328709055876686,8.62514450867052
2018-04-10,37.27996146435453,23.711271676300576,10.034007707129096,5.694831591173054,9.332177263969172,8.636994219653179
2018-04-11,37.27996146435453,23.711271676300576,10.034007707129096,5.694831591173054,9.332177263969172,8.636994219653179
2018-04-12,37.27681327160494,23.70746527777778,10.035204475308644,5.6968023255813955,9.332561728395062,8.641203703703704
2018-04-13,37.271868978805394,23.702023121387285,10.039788053949906,5.699477351916376,9.332177263969172,8.646242774566474
2018-04-14,37.26319845857418,23.693352601156068,10.041522157996148,5.706445993031359,9.333911368015414,8.65549132947977
2018-04-15,37.26319845857418,23.693352601156068,10.041522157996148,5.706445993031359,9.333911368015414,8.65549132947977
2018-04-16,37.26319845857418,23.693352601156068,10.041522157996148,5.706445993031359,9.333911368015414,8.65549132947977
2018-04-17,37.25105973025048,23.685549132947976,10.043834296724471,5.7125435540069684,9.336223506743737,8.667341040462428
2018-04-18,37.25105973025048,23.685549132947976,10.043834296724471,5.7125435540069684,9.336223506743737,8.667341040462428
2018-04-19,37.2449961508853,23.67782909930716,10.04609314857583,5.7175174013921115,9.33698999230177,8.674653579676674
2018-04-20,37.2449961508853,23.67782909930716,10.04609314857583,5.7175174013921115,9.33698999230177,8.674653579676674
2018-04-21,37.23460354118553,23.669745958429562,10.049557351809085,5.724477958236659,9.339299461123941,8.683891454965359
2018-04-22,37.23460354118553,23.669745958429562,10.049557351809085,5.724477958236659,9.339299461123941,8.683891454965359
2018-04-23,37.230872741253364,23.66320645905421,10.052960399846214,5.7282734646581694,9.340061514801999,8.687716262975778
2018-04-24,37.218762014609766,23.65455594002307,10.055555555555557,5.735515643105446,9.341791618608227,8.70040369088812
2018-04-25,37.20953479430988,23.648212226066896,10.056708958093042,5.743626882966396,9.341791618608227,8.709630911188004
2018-04-26,37.204003079291766,23.645496535796767,10.057929176289456,5.746809744779583,9.342186297151654,8.71391454965358
2018-04-27,37.199730872741256,23.639561707035757,10.060745866974242,5.749420625724218,9.343521722414456,8.71885813148789
2018-04-28,37.19050365244137,23.629757785467127,10.063629373317957,5.756373117033604,9.345251826220684,8.728085351787774
2018-04-29,37.19050365244137,23.629757785467127,10.063629373317957,5.756373117033604,9.345251826220684,8.728085351787774
2018-04-30,37.180123029604,23.620530565167243,10.064206074586698,5.762166859791425,9.347558631295655,8.740772779700116
2018-05-01,37.17571208622017,23.620092378752886,10.06543494996151,5.764211136890951,9.346805234795996,8.745092378752886
2018-05-02,37.17571208622017,23.620092378752886,10.06543494996151,5.764211136890951,9.346805234795996,8.745092378752886
2018-05-03,37.17571208622017,23.620092378752886,10.06543494996151,5.764211136890951,9.346805234795996,8.745092378752886
2018-05-04,37.17571208622017,23.620092378752886,10.06543494996151,5.764211136890951,9.346805234795996,8.745092378752886
2018-05-05,37.16762894534257,23.611431870669747,10.067167051578139,5.770591647331787,9.347959969207082,8.754907621247114
2018-05-06,37.16762894534257,23.611431870669747,10.067167051578139,5.770591647331787,9.347959969207082,8.754907621247114
2018-05-07,37.16319845857418,23.609826589595375,10.06840077071291,5.772648083623693,9.348362235067437,8.759248554913295
2018-05-08,37.15337186897881,23.601156069364162,10.070134874759153,5.77787456445993,9.349229287090559,8.771676300578035
2018-05-09,37.14742109314858,23.594688221709006,10.073518090839109,5.780452436194896,9.348826020015396,8.778868360277137
2018-05-10,37.14181117533719,23.593063583815027,10.073603082851639,5.783681765389082,9.349229287090559,8.784393063583815
2018-05-11,37.14181117533719,23.593063583815027,10.073603082851639,5.783681765389082,9.349229287090559,8.784393063583815
2018-05-12,37.13198458574181,23.583815028901736,10.076493256262044,5.79006968641115,9.350385356454721,8.79421965317919
2018-05-13,37.13198458574181,23.583815028901736,10.076493256262044,5.79006968641115,9.350385356454721,8.79421965317919
2018-05-14,37.12663587374904,23.57621247113164,10.07813702848345,5.792633410672853,9.352290223248653,8.801963048498845
2018-05-15,37.12302504816956,23.573410404624276,10.077938342967245,5.794715447154472,9.352408477842003,8.806936416184971
2018-05-16,37.12302504816956,23.573410404624276,10.077938342967245,5.794715447154472,9.352408477842003,8.806936416184971
2018-05-17,37.113391136801546,23.56377649325626,10.082562620423893,5.801296941540844,9.352408477842003,8.816377649325625
2018-05-18,37.10979599692071,23.55966127790608,10.084776751347192,5.803847641144626,9.352001539645881,8.82236335642802
2018-05-19,37.10055812163203,23.549846035411854,10.088818321785991,5.809648105181748,9.352578906851424,8.832178598922248
2018-05-20,37.10055812163203,23.549846035411854,10.088818321785991,5.809648105181748,9.352578906851424,8.832178598922248
2018-05-21,37.09431599229288,23.549325626204237,10.087764932562623,5.8123306233062335,9.352408477842003,8.837764932562619
2018-05-22,37.088638117283956,23.549961419753085,10.08786651234568,5.815600775193799,9.351658950617283,8.842206790123456
2018-05-23,37.07648533950618,23.54012345679012,10.089602623456791,5.8214147286821705,9.353973765432098,8.85551697530864
2018-05-24,37.07648533950618,23.54012345679012,10.089602623456791,5.8214147286821705,9.353973765432098,8.85551697530864
2018-05-25,37.07648533950618,23.54012345679012,10.089602623456791,5.8214147286821705,9.353973765432098,8.85551697530864
2018-05-26,37.066068672839506,23.529706790123456,10.094232253086421,5.827228682170543,9.356288580246913,8.865933641975309
2018-05-27,37.05565200617284,23.5216049382716,10.097704475308644,5.83187984496124,9.356867283950617,8.87577160493827
2018-05-28,37.048764001545,23.519891850135185,10.097817690227888,5.835176561893675,9.357280803398995,8.881421398223251
2018-05-29,37.036017767477794,23.511780610274233,10.1007145616068,5.8409972836631745,9.359598300502125,8.893588258014677
2018-05-30,37.036017767477794,23.511780610274233,10.1007145616068,5.8409972836631745,9.359598300502125,8.893588258014677
2018-05-31,37.03025908739366,23.510054137664344,10.101991492652747,5.843142968142969,9.358855375096674,8.899265274555297
2018-06-01,37.03025908739366,23.510054137664344,10.101991492652747,5.843142968142969,9.358855375096674,8.899265274555297
2018-06-02,37.01981825212684,23.501933488012373,10.106051817478733,5.847222222222222,9.36059551430781,8.909706109822118
2018-06-03,37.01981825212684,23.501933488012373,10.106051817478733,5.847222222222222,9.36059551430781,8.909706109822118
2018-06-04,37.008217324052595,23.49207269914926,10.108372003093582,5.851884226884227,9.36291569992266,8.9230471771075
2018-06-05,37.008217324052595,23.49207269914926,10.108372003093582,5.851884226884227,9.36291569992266,8.9230471771075
2018-06-06,37.003000387146734,23.48974061169183,10.107917150600079,5.854045118630883,9.363337204800619,8.928184281842817
2018-06-07,36.99718992248062,23.485658914728678,10.10920542635659,5.856211059190032,9.364922480620155,8.93391472868217
2018-06-08,36.99254742547426,23.481610530391016,10.112562911343401,5.858712563204979,9.36566008517228,8.938637243515291
2018-06-09,36.9826751838947,23.474061169183116,10.116047231900891,5.8639634383508366,9.367402245451025,8.948509485094851
2018-06-10,36.9826751838947,23.474061169183116,10.116047231900891,5.8639634383508366,9.367402245451025,8.948509485094851
2018-06-11,36.9826751838947,23.474061169183116,10.116047231900891,5.8639634383508366,9.367402245451025,8.948509485094851
2018-06-12,36.9757347254447,23.46655065738592,10.117072699149267,5.8664529914529915,9.37045630317092,8.956689868522814
2018-06-13,36.9757347254447,23.46655065738592,10.117072699149267,5.8664529914529915,9.37045630317092,8.956689868522814
2018-06-14,36.968810351487065,23.460216299729623,10.120413286983393,5.868936748156772,9.371185786017767,8.963692545384317
2018-06-15,36.968810351487065,23.460216299729623,10.120413286983393,5.868936748156772,9.371185786017767,8.963692545384317
2018-06-16,36.96344521604939,23.453125,10.122974537037036,5.8725775193798455,9.37114197530864,8.969907407407407
2018-06-17,36.96344521604939,23.453125,10.122974537037036,5.8725775193798455,9.37114197530864,8.969907407407407
2018-06-18,36.96344521604939,23.453125,10.122974537037036,5.8725775193798455,9.37114197530864,8.969907407407407
2018-06-19,36.94839891975309,23.447337962962962,10.124131944444445,5.8760658914728685,9.373456790123456,8.983796296296296
2018-06-20,36.943834296724475,23.444508670520232,10.12514450867052,5.880274874177314,9.373603082851638,8.988439306358382
2018-06-21,36.943834296724475,23.444508670520232,10.12514450867052,5.880274874177314,9.373603082851638,8.988439306358382
2018-06-22,36.943834296724475,23.444508670520232,10.12514450867052,5.880274874177314,9.373603082851638,8.988439306358382
2018-06-23,36.93697074672826,23.43822170900693,10.12730946882217,5.883894044856922,9.374326404926865,8.996535796766743
2018-06-24,36.92369130100077,23.428983833718245,10.131928406466512,5.8896945088940456,9.374326404926865,9.008083140877599
2018-06-25,36.92369130100077,23.428983833718245,10.131928406466512,5.8896945088940456,9.374326404926865,9.008083140877599
2018-06-26,36.909834488067744,23.424942263279444,10.133083140877599,5.894334880123743,9.375481139337952,9.020785219399539
2018-06-27,36.89944187836797,23.41570438799076,10.13770207852194,5.898975251353442,9.376635873749038,9.032332563510392
2018-06-28,36.89944187836797,23.41570438799076,10.13770207852194,5.898975251353442,9.376635873749038,9.032332563510392
2018-06-29,36.8937908496732,23.409457900807382,10.142156862745098,5.902568559289302,9.377354863514032,9.038062283737025
2018-06-30,36.881680123029604,23.401384083044984,10.145617070357554,5.908941676322905,9.377931564782775,9.049019607843137
2018-07-01,36.87692455735181,23.39838337182448,10.145785219399539,5.9111562258314,9.377790608160122,9.05484988452656
2018-07-02,36.87692455735181,23.39838337182448,10.145785219399539,5.9111562258314,9.377790608160122,9.05484988452656
2018-07-03,36.86422247882987,23.393764434180138,10.14809468822171,5.915796597061099,9.378945342571209,9.068129330254042
2018-07-04,36.86422247882987,23.393764434180138,10.14809468822171,5.915796597061099,9.378945342571209,9.068129330254042
2018-07-05,36.84921093148576,23.386836027713628,10.153868360277137,5.920436968290797,9.377790608160122,9.081986143187066
2018-07-06,36.84921093148576,23.386836027713628,10.153868360277137,5.920436968290797,9.377790608160122,9.081986143187066
2018-07-07,36.83650885296382,23.376443418013857,10.15906466512702,5.926817478731632,9.376635873749038,9.09526558891455
2018-07-08,36.83650885296382,23.376443418013857,10.15906466512702,5.926817478731632,9.376635873749038,9.09526558891455
2018-07-09,36.82149730561971,23.367205542725173,10.162528868360278,5.933197989172467,9.378945342571209,9.110854503464203
2018-07-10,36.81666666666667,23.365895953757224,10.16300578034682,5.934572202864886,9.378805394990366,9.116763005780347
2018-07-11,36.81666666666667,23.365895953757224,10.16300578034682,5.934572202864886,9.378805394990366,9.116763005780347
2018-07-12,36.80879522709777,23.35854503464203,10.165127020785219,5.938128383604022,9.37952270977675,9.125866050808314
2018-07-13,36.8020953479431,23.352364475201846,10.16955017301038,5.9393588258014685,9.381391772395231,9.132641291810842
2018-07-14,36.7899846212995,23.342560553633216,10.173587081891581,5.943993820007726,9.381968473663974,9.14648212226067
2018-07-15,36.78512317167052,23.33891454965358,10.174364896073904,5.945668986852282,9.382986913010008,9.152424942263279
2018-07-16,36.77614379084967,23.331603229527104,10.17762399077278,5.949787562765547,9.383698577470202,9.162053056516724
2018-07-17,36.764033064206075,23.32641291810842,10.179354094579008,5.955581305523369,9.383986928104575,9.174163783160322
2018-07-18,36.764033064206075,23.32641291810842,10.179354094579008,5.955581305523369,9.383986928104575,9.174163783160322
2018-07-19,36.757409545804464,23.323325635103927,10.18013856812933,5.95784996133024,9.385007698229407,9.18013856812933
2018-07-20,36.757409545804464,23.323325635103927,10.18013856812933,5.95784996133024,9.385007698229407,9.18013856812933
2018-07-21,36.74413010007699,23.31581986143187,10.184180138568129,5.963070378963651,9.385007698229407,9.19284064665127
2018-07-22,36.738631984585744,23.313872832369942,10.184971098265896,5.965350367789393,9.385452793834297,9.197687861271676
2018-07-23,36.738631984585744,23.313872832369942,10.184971098265896,5.965350367789393,9.385452793834297,9.197687861271676
2018-07-24,36.72360308285164,23.30693641618497,10.187283236994219,5.971157568718545,9.38718689788054,9.213294797687862
2018-07-25,36.718653549382715,23.302662037037038,10.188657407407407,5.973449612403101,9.387635030864196,9.218171296296296
2018-07-26,36.71088631984586,23.296531791907515,10.194219653179191,5.975803329461867,9.386030828516377,9.226011560693642
2018-07-27,36.71088631984586,23.296531791907515,10.194219653179191,5.975803329461867,9.386030828516377,9.226011560693642
2018-07-28,36.697591522158,23.28843930635838,10.198265895953757,5.981610530391019,9.386608863198457,9.23815028901734
2018-07-29,36.697591522158,23.28843930635838,10.198265895953757,5.981610530391019,9.386608863198457,9.23815028901734
2018-07-30,36.69261188271605,23.285300925925927,10.199652777777779,5.983914728682171,9.38647762345679,9.243055555555555
2018-07-31,36.678722993827165,23.27835648148148,10.201967592592593,5.989728682170543,9.387056327160494,9.258680555555555
2018-08-01,36.671001926782274,23.271098265895954,10.205202312138729,5.994386372435153,9.38776493256262,9.266473988439307
2018-08-02,36.66214395688991,23.265011547344113,10.210739030023095,5.995552977571539,9.387317167051577,9.27540415704388
2018-08-03,36.66214395688991,23.265011547344113,10.210739030023095,5.995552977571539,9.387317167051577,9.27540415704388
2018-08-04,36.65001924557352,23.2580831408776,10.21420323325635,6.0013534416086625,9.386162432640491,9.286374133949192
2018-08-05,36.644990366088635,23.25606936416185,10.214450867052022,6.003677893921797,9.385452793834297,9.291329479768786
2018-08-06,36.644990366088635,23.25606936416185,10.214450867052022,6.003677893921797,9.385452793834297,9.291329479768786
2018-08-07,36.633429672447015,23.247976878612718,10.217341040462427,6.008904374758034,9.386608863198457,9.305202312138729
2018-08-08,36.62953317901235,23.244212962962962,10.21701388888889,6.01124031007752,9.387056327160494,9.310185185185185
2018-08-09,36.62215140981074,23.243337195828506,10.217265353418309,6.013581684128832,9.3863460795674,9.316338354577058
2018-08-10,36.615644290123456,23.23726851851852,10.222800925925926,6.015891472868217,9.385898919753085,9.324074074074074
2018-08-11,36.60349151234568,23.22974537037037,10.228587962962964,6.02170542635659,9.385320216049381,9.33449074074074
2018-08-12,36.60349151234568,23.22974537037037,10.228587962962964,6.02170542635659,9.385320216049381,9.33449074074074
2018-08-13,36.59868675164156,23.22798377752028,10.22827346465817,6.024058983313931,9.385766705291617,9.339223638470452
2018-08-14,36.58478176902279,23.22276940903824,10.23117033603708,6.029297632906481,9.386925453843181,9.353128621089224
2018-08-15,36.57831790123457,23.21903935185185,10.233796296296296,6.0327519379844965,9.38647762345679,9.359085648148149
2018-08-16,36.57435303205871,23.21581691772885,10.234067207415992,6.03511835467598,9.386925453843181,9.364136732329085
2018-08-17,36.57435303205871,23.21581691772885,10.234067207415992,6.03511835467598,9.386925453843181,9.364136732329085
2018-08-18,36.56276554654307,23.208285052143683,10.239860950173812,6.04093907644548,9.3863460795674,9.375144843568945
2018-08-19,36.56276554654307,23.208285052143683,10.239860950173812,6.04093907644548,9.3863460795674,9.375144843568945
2018-08-20,36.55761794276876,23.206786542923435,10.238979118329466,6.043317793317794,9.38621423047177,9.38022041763341
2018-08-21,36.543696829079664,23.200406032482597,10.243039443155453,6.0503108003108,9.387374323279195,9.391821345707656
2018-08-22,36.53735965931088,23.199477351916375,10.242160278745645,6.05270322831583,9.38782423538521,9.39808362369338
2018-08-23,36.52861562258314,23.19344547563805,10.246519721577727,6.054972804972805,9.387374323279195,9.406902552204176
2018-08-24,36.52861562258314,23.19344547563805,10.246519721577727,6.054972804972805,9.387374323279195,9.406902552204176
2018-08-25,36.514694508894046,23.187645011600928,10.252320185614849,6.0613830613830615,9.386794276875483,9.417343387470998
2018-08-26,36.514694508894046,23.187645011600928,10.252320185614849,6.0613830613830615,9.386794276875483,9.417343387470998
2018-08-27,36.50948509485095,23.184959349593495,10.252613240418118,6.063788409179308,9.38782423538521,9.421893147502903
2018-08-28,36.493224932249326,23.177409988385598,10.257839721254355,6.070789576040451,9.388404955478126,9.435249709639953
2018-08-29,36.493224932249326,23.177409988385598,10.257839721254355,6.070789576040451,9.388404955478126,9.435249709639953
2018-08-30,36.487984496124035,23.17529069767442,10.258139534883721,6.073208722741433,9.387693798449611,9.44156976744186
2018-08-31,36.481610530391016,23.169279907084785,10.262485481997677,6.0754570206145475,9.386082075106465,9.45034843205575
2018-09-01,36.46883468834689,23.1623112659698,10.267131242740998,6.080707895760405,9.384339914827718,9.462543554006968
2018-09-02,36.46883468834689,23.1623112659698,10.267131242740998,6.080707895760405,9.384339914827718,9.462543554006968
2018-09-03,36.45431668602401,23.15301974448316,10.270034843205575,6.087125632049786,9.384339914827718,9.476480836236934
2018-09-04,36.44903100775194,23.15184108527132,10.270736434108526,6.089174454828661,9.384011627906977,9.481686046511628
2018-09-05,36.44903100775194,23.15184108527132,10.270736434108526,6.089174454828661,9.384011627906977,9.481686046511628
2018-09-06,36.44037940379404,23.145857530003873,10.275067750677506,6.091404122909374,9.38472706155633,9.489256678281068
2018-09-07,36.44037940379404,23.145857530003873,10.275067750677506,6.091404122909374,9.38472706155633,9.489256678281068
2018-09-08,36.427603561749905,23.135985288424315,10.280294231513743,6.098405289770518,9.38472706155633,9.500290360046458
2018-09-09,36.427603561749905,23.135985288424315,10.280294231513743,6.098405289770518,9.38472706155633,9.500290360046458
2018-09-10,36.427603561749905,23.135985288424315,10.280294231513743,6.098405289770518,9.38472706155633,9.500290360046458
2018-09-11,36.413085559427024,23.127855207123503,10.284649632210606,6.104239595488138,9.384436701509872,9.513937282229966
2018-09-12,36.413085559427024,23.127855207123503,10.284649632210606,6.104239595488138,9.384436701509872,9.513937282229966
2018-09-13,36.4077519379845,23.125678294573646,10.284980620155038,6.1072819314641755,9.384883720930233,9.519186046511628
2018-09-14,36.40030971738289,23.12204800619435,10.29161827332559,6.108323609490471,9.383275261324043,9.525551684088269
2018-09-15,36.387533875338754,23.11391792489354,10.295683313975996,6.114741345779853,9.383275261324043,9.536004645760743
2018-09-16,36.387533875338754,23.11391792489354,10.295683313975996,6.114741345779853,9.383275261324043,9.536004645760743
2018-09-17,36.37301587301587,23.10520712349981,10.298006194347657,6.121742512640997,9.385017421602788,9.550522648083623
2018-09-18,36.36082075106466,23.101142082849403,10.302071234998063,6.126993387786854,9.383855981416957,9.560975609756097
2018-09-19,36.35542635658915,23.09777131782946,10.302422480620153,6.129478193146418,9.384302325581395,9.566279069767441
2018-09-20,36.34572202864886,23.09068912117693,10.307878435927215,6.132827693504474,9.385017421602788,9.576074332171894
2018-09-21,36.335460170146945,23.08304331013148,10.312741686001546,6.137334887334888,9.386890951276103,9.585266821345707
2018-09-22,36.32037896365043,23.07492266047951,10.318542150038668,6.144327894327895,9.387470997679815,9.596287703016241
2018-09-23,36.32037896365043,23.07492266047951,10.318542150038668,6.144327894327895,9.387470997679815,9.596287703016241
2018-09-24,36.304137664346484,23.065641918020113,10.323762567672079,6.151320901320902,9.389211136890951,9.610208816705336
2018-09-25,36.297522260936894,23.065718157181575,10.32413859852884,6.153831194087904,9.388501742160278,9.615563298490128
2018-09-26,36.297522260936894,23.065718157181575,10.32413859852884,6.153831194087904,9.388501742160278,9.615563298490128
2018-09-27,36.28126209833527,23.0552651955091,10.329945799457994,6.159665499805524,9.388501742160278,9.631823461091754
2018-09-28,36.27165506573859,23.048240525908742,10.337683681361174,6.1618104118104124,9.389211136890951,9.639211136890951
2018-09-29,36.25483372003094,23.04011987625677,10.345804331013147,6.168220668220669,9.389791183294664,9.650812064965198
2018-09-30,36.24990321331785,23.03958575300039,10.346205962059619,6.169583819525477,9.389082462253194,9.655632984901278
2018-10-01,36.23248161053039,23.031455671699575,10.351432442895856,6.1765849863866205,9.39082462253194,9.670150987224158
2018-10-02,36.22751937984496,23.02887596899225,10.351259689922479,6.178835669781932,9.391279069767442,9.675
2018-10-03,36.22751937984496,23.02887596899225,10.351259689922479,6.178835669781932,9.391279069767442,9.675
2018-10-04,36.22751937984496,23.02887596899225,10.351259689922479,6.178835669781932,9.391279069767442,9.675
2018-10-05,36.22751937984496,23.02887596899225,10.351259689922479,6.178835669781932,9.391279069767442,9.675
2018-10-06,36.21298449612403,23.01899224806202,10.3593992248062,6.184676791277259,9.392441860465116,9.68546511627907
2018-10-07,36.21298449612403,23.01899224806202,10.3593992248062,6.184676791277259,9.392441860465116,9.68546511627907
2018-10-08,36.21298449612403,23.01899224806202,10.3593992248062,6.184676791277259,9.392441860465116,9.68546511627907
2018-10-09,36.19554263565892,23.009399224806206,10.364922480620153,6.1913940809968855,9.394186046511628,9.700581395348838
2018-10-10,36.19554263565892,23.009399224806206,10.364922480620153,6.1913940809968855,9.394186046511628,9.700581395348838
2018-10-11,36.178682170542636,22.99777131782946,10.372480620155038,6.198403426791278,9.394186046511628,9.71453488372093
2018-10-12,36.178682170542636,22.99777131782946,10.372480620155038,6.198403426791278,9.394186046511628,9.71453488372093
2018-10-13,36.162403100775194,22.9890503875969,10.381782945736433,6.204244548286605,9.394186046511628,9.725581395348836
2018-10-14,36.162403100775194,22.9890503875969,10.381782945736433,6.204244548286605,9.394186046511628,9.725581395348836
2018-10-15,36.15648040357004,22.987873496313547,10.382227396197127,6.206530214424952,9.39464493597206,9.730209545983701
2018-10-16,36.1407644547924,22.975067908420648,10.390376406674426,6.212962962962964,9.396391152502911,9.745343422584401
2018-10-17,36.1407644547924,22.975067908420648,10.390376406674426,6.212962962962964,9.396391152502911,9.745343422584401
2018-10-18,36.13013565891473,22.967538759689926,10.398062015503875,6.217095015576325,9.39593023255814,9.75203488372093
2018-10-19,36.11953155245838,22.95712349980643,10.40921409214092,6.219175418125244,9.396631823461092,9.759291521486643
2018-10-20,36.10327138985676,22.94492837785521,10.420828493999224,6.225593154414625,9.396051103368176,9.770905923344948
2018-10-21,36.09757751937985,22.942538759689924,10.420155038759688,6.229361370716512,9.396511627906976,9.776453488372093
2018-10-22,36.09757751937985,22.942538759689924,10.420155038759688,6.229361370716512,9.396511627906976,9.776453488372093
2018-10-23,36.08013565891473,22.93323643410853,10.430620155038758,6.2352024922118385,9.397093023255813,9.790406976744187
2018-10-24,36.08013565891473,22.93323643410853,10.430620155038758,6.2352024922118385,9.397093023255813,9.790406976744187
2018-10-25,36.075572370974,22.930830422972452,10.429957314707023,6.237816764132554,9.396391152502911,9.797147846332946
2018-10-26,36.075572370974,22.930830422972452,10.429957314707023,6.237816764132554,9.396391152502911,9.797147846332946
2018-10-27,36.05811020566551,22.918606907256503,10.441016686069071,6.244249512670566,9.39755529685681,9.808789289871944
2018-10-28,36.05811020566551,22.918606907256503,10.441016686069071,6.244249512670566,9.39755529685681,9.808789289871944
2018-10-29,36.04006596818006,22.906674427629028,10.45149398525417,6.250682261208578,9.39930151338766,9.821885913853318
2018-10-30,36.03574203574204,22.904234654234656,10.451728826728825,6.252732240437159,9.3997668997669,9.826631701631701
2018-10-31,36.03574203574204,22.904234654234656,10.451728826728825,6.252732240437159,9.3997668997669,9.826631701631701
2018-11-01,36.03228315830416,22.900622325943214,10.45108907040062,6.255373192653381,9.400233372228705,9.831096849474912
2018-11-02,36.03228315830416,22.900622325943214,10.45108907040062,6.255373192653381,9.400233372228705,9.831096849474912
2018-11-03,36.017113963438355,22.88720342279269,10.46567483469467,6.260062524423604,9.399649941656943,9.840431738623105
2018-11-04,36.01246105919003,22.884735202492216,10.466218847352023,6.262715179968702,9.400116822429906,9.84608644859813
2018-11-05,35.99902761571373,22.873784519642165,10.476176584986385,6.267096522078938,9.40198366394399,9.85385064177363
2018-11-06,35.99435358255452,22.872468847352028,10.476732866043612,6.269757433489828,9.401285046728972,9.858352803738319
2018-11-07,35.99435358255452,22.872468847352028,10.476732866043612,6.269757433489828,9.401285046728972,9.858352803738319
2018-11-08,35.99435358255452,22.872468847352028,10.476732866043612,6.269757433489828,9.401285046728972,9.858352803738319
2018-11-09,35.98385842084792,22.862115908206928,10.490178918708672,6.272958186791716,9.400816802800467,9.86318553092182
2018-11-10,35.96752236483859,22.85161415791521,10.504181252430959,6.2764751856193834,9.399649941656943,9.873687281213536
2018-11-11,35.957070707070706,22.841297591297593,10.518745143745143,6.279664324746292,9.39918414918415,9.877331002331003
2018-11-12,35.940753690753695,22.82789432789433,10.530400155400153,6.285519125683061,9.3997668997669,9.889568764568764
2018-11-13,35.940753690753695,22.82789432789433,10.530400155400153,6.285519125683061,9.3997668997669,9.889568764568764
2018-11-14,35.940753690753695,22.82789432789433,10.530400155400153,6.285519125683061,9.3997668997669,9.889568764568764
2018-11-15,35.92918121847109,22.81761738455569,10.544916569654635,6.287524366471736,9.39930151338766,9.894353899883585
2018-11-16,35.92918121847109,22.81761738455569,10.544916569654635,6.287524366471736,9.39930151338766,9.894353899883585
2018-11-17,35.915211486224294,22.80539386883974,10.558886301901435,6.292787524366473,9.39813736903376,9.903084982537834
2018-11-18,35.915211486224294,22.80539386883974,10.558886301901435,6.292787524366473,9.39813736903376,9.903084982537834
2018-11-19,35.90065968180055,22.79200620876989,10.569363601086533,6.299805068226122,9.39930151338766,9.914144353899884
2018-11-20,35.8982128982129,22.791763791763795,10.570027195027194,6.302498048399689,9.398601398601398,9.91637529137529
2018-11-21,35.8951769739401,22.788020225593158,10.569525476468298,6.305783509183275,9.39906651108518,9.920945157526255
2018-11-22,35.8951769739401,22.788020225593158,10.569525476468298,6.305783509183275,9.39906651108518,9.920945157526255
2018-11-23,35.884809634809635,22.777777777777782,10.582847707847707,6.30776736924278,9.398601398601398,9.928030303030303
2018-11-24,35.87024087024087,22.76554001554002,10.59683372183372,6.314793130366901,9.396853146853147,9.936771561771561
2018-11-25,35.87024087024087,22.76554001554002,10.59683372183372,6.314793130366901,9.396853146853147,9.936771561771561
2018-11-26,35.860496701590996,22.755335661622045,10.606616220411329,6.317348927875244,9.39755529685681,9.94383003492433
2018-11-27,35.85683760683761,22.754176379176382,10.60732323232323,6.319769711163154,9.397435897435898,9.946969696969697
2018-11-28,35.85683760683761,22.754176379176382,10.60732323232323,6.319769711163154,9.397435897435898,9.946969696969697
2018-11-29,35.8476911136981,22.74398525417152,10.619421808304228,6.3229044834308,9.39580908032596,9.952852153667054
2018-11-30,35.83856589147287,22.73730620155039,10.629166666666665,6.326616043613708,9.395348837209303,9.956976744186047
2018-12-01,35.82519379844961,22.72509689922481,10.640213178294573,6.332457165109035,9.393604651162791,9.966860465116278
2018-12-02,35.820915793558406,22.722448583624374,10.639794334497477,6.3351851851851855,9.39464493597206,9.971478463329452
2018-12-03,35.80752813348855,22.711389212262322,10.649107489328676,6.341617933723198,9.39580908032596,9.981955762514552
2018-12-04,35.80752813348855,22.711389212262322,10.649107489328676,6.341617933723198,9.39580908032596,9.981955762514552
2018-12-05,35.80752813348855,22.711389212262322,10.649107489328676,6.341617933723198,9.39580908032596,9.981955762514552
2018-12-06,35.79646876212651,22.698001552192476,10.659584788513774,6.346296296296297,9.39580908032596,9.991268917345751
2018-12-07,35.78856589147287,22.687887596899227,10.672771317829456,6.348228193146418,9.394186046511628,9.994767441860466
2018-12-08,35.77693798449612,22.67625968992248,10.683236434108526,6.3540693146417455,9.394186046511628,10.002906976744185
2018-12-09,35.77143965851766,22.674718665114476,10.682867675591773,6.357992202729045,9.39464493597206,10.00756693830035
2018-12-10,35.761544431509506,22.662495149398527,10.691016686069071,6.36384015594542,9.39464493597206,10.01688009313155
2018-12-11,35.75543900543901,22.66210178710179,10.691822066822066,6.366608118657299,9.395104895104895,10.02039627039627
2018-12-12,35.75543900543901,22.66210178710179,10.691822066822066,6.366608118657299,9.395104895104895,10.02039627039627
2018-12-13,35.745532245532246,22.649864024864026,10.701728826728825,6.373048399687745,9.394522144522144,10.02972027972028
2018-12-14,35.73884361660846,22.64095847885138,10.711389212262318,6.373781676413256,9.39406286379511,10.035506402793946
2018-12-15,35.728366317423365,22.629317035312383,10.722448583624368,6.379629629629631,9.392898719441211,10.042491268917345
2018-12-16,35.72222222222222,22.627719502719504,10.723290598290596,6.383001561280251,9.393356643356643,10.047202797202797
2018-12-17,35.72222222222222,22.627719502719504,10.723290598290596,6.383001561280251,9.393356643356643,10.047202797202797
2018-12-18,35.70823620823621,22.618395493395496,10.732614607614606,6.389441842310696,9.393939393939394,10.056526806526806
2018-12-19,35.70439517697394,22.614449630493976,10.732302605989887,6.392243063696757,9.394399066511085,10.06242707117853
2018-12-20,35.6965811965812,22.607323232323235,10.741938616938615,6.3947111631537865,9.393939393939394,10.067016317016318
2018-12-21,35.6965811965812,22.607323232323235,10.741938616938615,6.3947111631537865,9.393939393939394,10.067016317016318
2018-12-22,35.68453768453769,22.59489121989122,10.752816627816626,6.4013466042154565,9.393550893550893,10.076340326340326
2018-12-23,35.68453768453769,22.59489121989122,10.752816627816626,6.4013466042154565,9.393550893550893,10.076340326340326
2018-12-24,35.679502139245436,22.592084791909762,10.753695060287825,6.4041617819460726,9.394010112796577,10.081680280046674
2018-12-25,35.67328660436137,22.591608255451714,10.753407320872274,6.408157276995305,9.394470404984425,10.086448598130842
2018-12-26,35.67328660436137,22.591608255451714,10.753407320872274,6.408157276995305,9.394470404984425,10.086448598130842
2018-12-27,35.67328660436137,22.591608255451714,10.753407320872274,6.408157276995305,9.394470404984425,10.086448598130842
2018-12-28,35.67328660436137,22.591608255451714,10.753407320872274,6.408157276995305,9.394470404984425,10.086448598130842
2018-12-29,35.6682261208577,22.58879142300195,10.753118908382065,6.412162162162162,9.394931773879142,10.092397660818714
2018-12-30,35.66315378610461,22.587138953942233,10.75282982045277,6.415588235294118,9.395394223263077,10.097189695550352
2018-12-31,35.66315378610461,22.587138953942233,10.75282982045277,6.415588235294118,9.395394223263077,10.097189695550352
2019-01-01,35.65719030871434,22.58548261039469,10.75254005470887,6.419316843345112,9.396150840171943,10.101992966002344
2019-01-02,35.65719030871434,22.58548261039469,10.75254005470887,6.419316843345112,9.396150840171943,10.101992966002344
2019-01-03,35.65150625978091,22.58264866979656,10.752836463223787,6.4227594339622645,9.396028951486699,10.10856807511737
2019-01-04,35.64370847987495,22.57375928096913,10.761332551778038,6.426972909305065,9.396737006643221,10.113130128956623
2019-01-05,35.63432981633451,22.56086361860102,10.771883548261039,6.432862190812721,9.396737006643221,10.121336459554513
2019-01-06,35.63432981633451,22.56086361860102,10.771883548261039,6.432862190812721,9.396737006643221,10.121336459554513
2019-01-07,35.62920579029734,22.556827073552427,10.772789514866979,6.435731132075472,9.398376369327075,10.127347417840376
2019-01-08,35.615121283255085,22.547437402190926,10.781005477308293,6.443691037735849,9.398963223787169,10.13849765258216
2019-01-09,35.615121283255085,22.547437402190926,10.781005477308293,6.443691037735849,9.398963223787169,10.13849765258216
2019-01-10,35.60736615865573,22.53858929269246,10.791813208284486,6.446702002355712,9.398495506057055,10.143024618991793
2019-01-11,35.59962919594067,22.528590944574553,10.803766588602654,6.448529411764706,9.398028883684622,10.147540983606557
2019-01-12,35.588505074160814,22.516881342701016,10.81371975019516,6.455,9.396272443403591,10.156908665105387
2019-01-13,35.588505074160814,22.516881342701016,10.81371975019516,6.455,9.396272443403591,10.156908665105387
2019-01-14,35.57562451209993,22.50517174082748,10.822501951600312,6.462058823529412,9.398028883684622,10.168032786885245
2019-01-15,35.566920672137556,22.5057639703009,10.823466197733488,6.466136631330977,9.397323173114499,10.17409144196952
2019-01-16,35.566920672137556,22.5057639703009,10.823466197733488,6.466136631330977,9.397323173114499,10.17409144196952
2019-01-17,35.566920672137556,22.5057639703009,10.823466197733488,6.466136631330977,9.397323173114499,10.17409144196952
2019-01-18,35.566920672137556,22.5057639703009,10.823466197733488,6.466136631330977,9.397323173114499,10.17409144196952
2019-01-19,35.55402500976945,22.494040640875344,10.833431027745211,6.472614840989399,9.396737006643221,10.183470105509965
2019-01-20,35.55402500976945,22.494040640875344,10.833431027745211,6.472614840989399,9.396737006643221,10.183470105509965
2019-01-21,35.54230168034389,22.48055881203595,10.845154357170768,6.480270906949352,9.396737006643221,10.193434935521688
2019-01-22,35.53354851330204,22.47877543035994,10.847320031298905,6.483195754716981,9.397202660406887,10.199530516431924
2019-01-23,35.52239827856025,22.467625195618155,10.856709702660407,6.489681603773585,9.396615805946793,10.208920187793428
2019-01-24,35.515338022665105,22.458284486127393,10.866842516608049,6.4932273262661955,9.395564673700665,10.213364595545135
2019-01-25,35.51005074160812,22.44838017174083,10.877537080405933,6.495,9.395101483216237,10.216627634660421
2019-01-26,35.49775565964091,22.434328649492585,10.889832162373144,6.502058823529412,9.395101483216237,10.225409836065573
2019-01-27,35.49775565964091,22.434328649492585,10.889832162373144,6.502058823529412,9.395101483216237,10.225409836065573
2019-01-28,35.491325536062384,22.42563352826511,10.898148148148147,6.504994124559342,9.3958089668616,10.22982456140351
2019-01-29,35.483704137392664,22.422619047619047,10.899492583918812,6.508529411764706,9.396272443403591,10.235655737704919
2019-01-30,35.483704137392664,22.422619047619047,10.899492583918812,6.508529411764706,9.396272443403591,10.235655737704919
2019-01-31,35.483704137392664,22.422619047619047,10.899492583918812,6.508529411764706,9.396272443403591,10.235655737704919
2019-02-01,35.483704137392664,22.422619047619047,10.899492583918812,6.508529411764706,9.396272443403591,10.235655737704919
2019-02-02,35.471409055425454,22.409153005464482,10.909445745511318,6.516176470588236,9.395101483216237,10.246779859484777
2019-02-03,35.471409055425454,22.409153005464482,10.909445745511318,6.516176470588236,9.395101483216237,10.246779859484777
2019-02-04,35.464927706135214,22.40494333724111,10.910511918718248,6.520318021201414,9.395564673700665,10.254103165298945
2019-02-05,35.45164126611958,22.392047674872998,10.920476748729971,6.5265999214762465,9.397713950762016,10.264067995310668
2019-02-06,35.45164126611958,22.392047674872998,10.920476748729971,6.5265999214762465,9.397713950762016,10.264067995310668
2019-02-07,35.445129107981224,22.388986697965574,10.921557120500783,6.529579402515723,9.398180751173708,10.271420187793428
2019-02-08,35.438745603751464,22.381496678389997,10.932200078155528,6.531311346682371,9.397713950762016,10.273446658851114
2019-02-09,35.42643610785463,22.36977334896444,10.941578741695974,6.537789556340793,9.397127784290738,10.283411488862837
2019-02-10,35.42643610785463,22.36977334896444,10.941578741695974,6.537789556340793,9.397127784290738,10.283411488862837
2019-02-11,35.41949648711944,22.36172911787666,10.950429352068696,6.540098039215686,9.398419203747073,10.287763466042154
2019-02-12,35.411781946072686,22.35922235248144,10.951543571707697,6.543973301923832,9.398593200468934,10.293962485345839
2019-02-13,35.411781946072686,22.35922235248144,10.951543571707697,6.543973301923832,9.398593200468934,10.293962485345839
2019-02-14,35.39654161781946,22.349843688940993,10.963266901133254,6.551040439733019,9.397420867526378,10.303341148886284
2019-02-15,35.39654161781946,22.349843688940993,10.963266901133254,6.551040439733019,9.397420867526378,10.303341148886284
2019-02-16,35.38071512309496,22.340465025400547,10.973817897616255,6.558107577542206,9.396248534583822,10.312133645955452
2019-02-17,35.38071512309496,22.340465025400547,10.973817897616255,6.558107577542206,9.396248534583822,10.312133645955452
2019-02-18,35.3689917936694,22.332258694802658,10.979679562329034,6.565174715351393,9.395662368112545,10.321512309495898
2019-02-19,35.35609613130129,22.325224697147323,10.989644392340757,6.571063996859049,9.393317702227433,10.331477139507621
2019-02-20,35.350645539906104,22.323258998435055,10.99080594679186,6.575275157232704,9.392605633802816,10.335387323943662
2019-02-21,35.33656103286385,22.315043035993742,11.00136932707355,6.581171383647798,9.39143192488263,10.342429577464788
2019-02-22,35.33147713950762,22.306467370066432,11.011918718249316,6.58166470357283,9.390973036342322,10.345545134818288
2019-02-23,35.31682297772567,22.297674872997266,11.022469714732317,6.5887318413820175,9.38862837045721,10.3531652989449
2019-02-24,35.31682297772567,22.297674872997266,11.022469714732317,6.5887318413820175,9.38862837045721,10.3531652989449
2019-02-25,35.31682297772567,22.297674872997266,11.022469714732317,6.5887318413820175,9.38862837045721,10.3531652989449
2019-02-26,35.30363423212192,22.291813208284488,11.028917545916373,6.596093443266588,9.38862837045721,10.361957796014067
2019-02-27,35.30363423212192,22.291813208284488,11.028917545916373,6.596093443266588,9.38862837045721,10.361957796014067
2019-02-28,35.29859484777518,22.28444574551132,11.037080405932864,6.598921568627451,9.38817330210773,10.366217798594848
2019-03-01,35.29859484777518,22.28444574551132,11.037080405932864,6.598921568627451,9.38817330210773,10.366217798594848
2019-03-02,35.28454332552693,22.276249024199846,11.04527712724434,6.604803921568627,9.389344262295081,10.374414519906324
2019-03-03,35.27719298245614,22.270077972709554,11.050487329434697,6.608793576184881,9.390058479532163,10.379239766081872
2019-03-04,35.266666666666666,22.25955165692008,11.062183235867446,6.615256560908734,9.388304093567251,10.38391812865497
2019-03-05,35.259953161592506,22.256635441061672,11.064012490241998,6.61892156862745,9.389051522248243,10.38817330210773
2019-03-06,35.259953161592506,22.256635441061672,11.064012490241998,6.61892156862745,9.389051522248243,10.38817330210773
2019-03-07,35.259953161592506,22.256635441061672,11.064012490241998,6.61892156862745,9.389051522248243,10.38817330210773
2019-03-08,35.259953161592506,22.256635441061672,11.064012490241998,6.61892156862745,9.389051522248243,10.38817330210773
2019-03-09,35.249414519906324,22.24609679937549,11.073965651834504,6.625392156862745,9.388466042154567,10.394028103044496
2019-03-10,35.249414519906324,22.24609679937549,11.073965651834504,6.625392156862745,9.388466042154567,10.394028103044496
2019-03-11,35.242086752637746,22.2452129738179,11.076983196561155,6.630251276010993,9.388921453692848,10.395076201641267
2019-03-12,35.23153575615475,22.2346619773349,11.085775693630323,6.638496270121712,9.388921453692848,10.402696365767879
2019-03-13,35.23153575615475,22.2346619773349,11.085775693630323,6.638496270121712,9.388921453692848,10.402696365767879
2019-03-14,35.21864009378663,22.224697147323173,11.096912856584602,6.644385551629368,9.388921453692848,10.409144196951935
2019-03-15,35.21370023419204,22.217408274785324,11.10616705698673,6.645980392156862,9.387295081967213,10.411007025761124
2019-03-16,35.20316159250586,22.206284153005466,11.116705698672911,6.65421568627451,9.384953161592506,10.416276346604215
2019-03-17,35.19929660023447,22.203008987885894,11.116842516608049,6.658519827247742,9.384818288393904,10.418522860492379
2019-03-18,35.192622950819676,22.195745511319284,11.12431693989071,6.661274509803921,9.384367681498828,10.423302107728338
2019-03-19,35.18464243845252,22.194802657288005,11.126807346619772,6.666764821358461,9.38599062133646,10.424970691676435
2019-03-20,35.17781690140845,22.192683881064163,11.12930359937402,6.672268081761006,9.385269953051644,10.426643192488262
2019-03-21,35.17057444314185,22.18776865963267,11.13853067604533,6.6750098154691795,9.383645955451348,10.428487690504102
2019-03-22,35.17057444314185,22.18776865963267,11.13853067604533,6.6750098154691795,9.383645955451348,10.428487690504102
2019-03-23,35.158264947245016,22.178976162563504,11.148495506057053,6.6826658814291315,9.382473622508792,10.432590855803047
2019-03-24,35.158264947245016,22.178976162563504,11.148495506057053,6.6826658814291315,9.382473622508792,10.432590855803047
2019-03-25,35.152582159624416,22.177425665101723,11.149256651017213,6.687598270440251,9.383509389671362,10.435446009389672
2019-03-26,35.14712778429074,22.16959749902306,11.156701836654943,6.6903219473890845,9.38305978898007,10.439038686987104
2019-03-27,35.14110070257611,22.16471506635441,11.165886026541763,6.692450980392157,9.382025761124122,10.440866510538642
2019-03-28,35.128220140515225,22.153005464480877,11.1775956284153,6.699509803921568,9.383196721311476,10.44672131147541
2019-03-29,35.12016412661196,22.150840171942168,11.178976162563501,6.705045151158225,9.384818288393904,10.449589683470105
2019-03-30,35.11299765807963,22.143637782982047,11.187548790007806,6.708333333333333,9.383782201405152,10.451990632318502
2019-03-31,35.107268464243845,22.141461508401722,11.188940992575224,6.713879073419709,9.384232121922626,10.45369284876905
2019-04-01,35.10070257611241,22.134855581576893,11.196330991412959,6.717745098039216,9.383196721311476,10.457259953161593
2019-04-02,35.09495896834701,22.13384134427511,11.197733489644392,6.7221240675304275,9.383645955451348,10.460140679953106
2019-04-03,35.09495896834701,22.13384134427511,11.197733489644392,6.7221240675304275,9.383645955451348,10.460140679953106
2019-04-04,35.0884074941452,22.12665886026542,11.20686963309914,6.725392156862744,9.382611241217798,10.462529274004684
2019-04-05,35.0884074941452,22.12665886026542,11.20686963309914,6.725392156862744,9.382611241217798,10.462529274004684
2019-04-06,35.074355971896956,22.11787665886027,11.218579234972676,6.732450980392157,9.382025761124122,10.468384074941453
2019-04-07,35.074355971896956,22.11787665886027,11.218579234972676,6.732450980392157,9.382025761124122,10.468384074941453
2019-04-08,35.06819069949199,22.114693239546696,11.220593982024228,6.737043580683157,9.382669011332553,10.471864009378663
2019-04-09,35.054122704181324,22.104728409534975,11.232317311449785,6.746466431095406,9.382082844861275,10.478898007033997
2019-04-10,35.054122704181324,22.104728409534975,11.232317311449785,6.746466431095406,9.382082844861275,10.478898007033997
2019-04-11,35.04773082942097,22.10015649452269,11.234350547730829,6.751474056603773,9.383118153364633,10.482981220657276
2019-04-12,35.039468542399376,22.094177413051973,11.244626807346618,6.752944640753828,9.382669011332553,10.485932004689332
2019-04-13,35.02598671355999,22.084212583040248,11.25517780382962,6.760600706713781,9.382082844861275,10.492966002344666
2019-04-14,35.02598671355999,22.084212583040248,11.25517780382962,6.760600706713781,9.382082844861275,10.492966002344666
2019-04-15,35.01367721766315,22.074247753028526,11.264556467370065,6.7688457008244995,9.382082844861275,10.5
2019-04-16,35.0066510172144,22.07316118935837,11.266040688575899,6.774469339622642,9.382531298904539,10.50293427230047
2019-04-17,34.99960922235248,22.066041422430636,11.277452129738178,6.775912838633687,9.380910511918719,10.505861664712778
2019-04-18,34.99375487900078,22.061865729898514,11.285323965651834,6.778529411764706,9.379293520686964,10.508196721311476
2019-04-19,34.99375487900078,22.061865729898514,11.285323965651834,6.778529411764706,9.379293520686964,10.508196721311476
2019-04-20,34.978532396565186,22.05366900858704,11.29703356752537,6.784411764705882,9.379293520686964,10.515222482435597
2019-04-21,34.978532396565186,22.05366900858704,11.29703356752537,6.784411764705882,9.379293520686964,10.515222482435597
2019-04-22,34.970370370370375,22.047758284600388,11.306042884990253,6.787015276145711,9.377680311890838,10.518128654970761
2019-04-23,34.95750487329435,22.038986354775826,11.314814814814815,6.795534665099883,9.378849902534114,10.52514619883041
2019-04-24,34.950429352068696,22.03551912568306,11.316354410616706,6.8,9.379293520686964,10.52927400468384
2019-04-25,34.950429352068696,22.03551912568306,11.316354410616706,6.8,9.379293520686964,10.52927400468384
2019-04-26,34.950429352068696,22.03551912568306,11.316354410616706,6.8,9.379293520686964,10.52927400468384
2019-04-27,34.9352068696331,22.02615144418423,11.326893052302887,6.808235294117647,9.380464480874318,10.536299765807962
2019-04-28,34.9352068696331,22.02615144418423,11.326893052302887,6.808235294117647,9.380464480874318,10.536299765807962
2019-04-29,34.919398907103826,22.0167837626854,11.338017174082747,6.814705882352941,9.380464480874318,10.542740046838407
2019-04-30,34.91227041813208,22.01563110590074,11.340758108636185,6.819199057714958,9.379738178976163,10.545720984759672
2019-05-01,34.91227041813208,22.01563110590074,11.340758108636185,6.819199057714958,9.379738178976163,10.545720984759672
2019-05-02,34.89703008987886,22.006252442360296,11.352481438061742,6.820588235294117,9.380910511918719,10.55158264947245
2019-05-03,34.89703008987886,22.006252442360296,11.352481438061742,6.820588235294117,9.380910511918719,10.55158264947245
2019-05-04,34.88178976162563,21.998046111762406,11.363032434544744,6.82764705882353,9.380910511918719,10.558616647127785
2019-05-05,34.87578247261346,21.99452269170579,11.364632237871675,6.832744405182567,9.380183881064163,10.562793427230046
2019-05-06,34.868894099257524,21.98632278233685,11.3747557639703,6.834117647058823,9.379738178976163,10.565650644783119
2019-05-07,34.853946854239936,21.976357952325127,11.386772176631496,6.840882352941176,9.379738178976163,10.574150058616647
2019-05-08,34.853946854239936,21.976357952325127,11.386772176631496,6.840882352941176,9.379738178976163,10.574150058616647
2019-05-09,34.83987885892927,21.965806955842126,11.396150840171941,6.846764705882353,9.380910511918719,10.582356389214537
2019-05-10,34.8258108636186,21.955255959359125,11.407874169597498,6.851470588235294,9.380910511918719,10.591735052754983
2019-05-11,34.81898907103825,21.948282591725214,11.416764246682279,6.853995299647473,9.380464480874318,10.594555035128806
2019-05-12,34.81174286830793,21.94587729581868,11.419597499023055,6.859117647058824,9.379152012504886,10.598182883939039
2019-05-13,34.79679562329035,21.9347401328644,11.43190699491989,6.865882352941177,9.379738178976163,10.606975381008207
2019-05-14,34.78834115805947,21.933489827856025,11.433587636932707,6.871613663133098,9.379010172143975,10.612382629107982
2019-05-15,34.78834115805947,21.933489827856025,11.433587636932707,6.871613663133098,9.379010172143975,10.612382629107982
2019-05-16,34.7810419114767,21.928711320015665,11.43409714061888,6.871613663133098,9.38063063063063,10.617802585193889
2019-05-17,34.7810419114767,21.928711320015665,11.43409714061888,6.871613663133098,9.38063063063063,10.617802585193889
2019-05-18,34.766940853897374,21.91813552683118,11.443497845671757,6.878680800942285,9.38063063063063,10.62485311398355
2019-05-19,34.766940853897374,21.91813552683118,11.443497845671757,6.878680800942285,9.38063063063063,10.62485311398355
2019-05-20,34.752252252252255,21.90990990990991,11.455248726987858,6.885747938751472,9.379455542499022,10.630141010575793
2019-05-21,34.73697610654133,21.899921660791225,11.46406188797493,6.895170789163722,9.379455542499022,10.639541715628672
2019-05-22,34.73078431372549,21.895098039215686,11.464607843137253,6.900943396226415,9.379901960784315,10.643823529411765
2019-05-23,34.72522522522522,21.88993341167254,11.47111241676459,6.903415783274441,9.378867998433217,10.646592244418331
2019-05-24,34.72522522522522,21.88993341167254,11.47111241676459,6.903415783274441,9.378867998433217,10.646592244418331
2019-05-25,34.711124167645906,21.87935761848805,11.47933803368586,6.910482921083628,9.378867998433217,10.6548178613396
2019-05-26,34.711124167645906,21.87935761848805,11.47933803368586,6.910482921083628,9.378867998433217,10.6548178613396
2019-05-27,34.70324726134585,21.873630672926446,11.48699139280125,6.911764705882353,9.377249608763695,10.657570422535212
2019-05-28,34.68740219092332,21.86365414710485,11.496381064162753,6.920588235294118,9.377249608763695,10.66637323943662
2019-05-29,34.67998433215825,21.8611437524481,11.498726987857422,6.9263839811542995,9.377105366235801,10.669506462984724
2019-05-30,34.67137254901961,21.857450980392155,11.49813725490196,6.9263839811542995,9.378725490196079,10.675
2019-05-31,34.67137254901961,21.857450980392155,11.49813725490196,6.9263839811542995,9.378725490196079,10.675
2019-06-01,34.654901960784315,21.844509803921568,11.514019607843137,6.932273262661956,9.376960784313725,10.682058823529411
2019-06-02,34.654901960784315,21.844509803921568,11.514019607843137,6.932273262661956,9.376960784313725,10.682058823529411
2019-06-03,34.635882352941174,21.832549019607846,11.53186274509804,6.939340400471142,9.375,10.689705882352941
2019-06-04,34.628975265017665,21.827640361209266,11.5342559874362,6.943396226415095,9.376030624263839,10.694051825677267
2019-06-05,34.628975265017665,21.827640361209266,11.5342559874362,6.943396226415095,9.376030624263839,10.694051825677267
2019-06-06,34.610129564193166,21.812917157440125,11.5531016882607,6.944051825677267,9.37485276796231,10.702296819787986
2019-06-07,34.60141509433962,21.809158805031448,11.556112421383649,6.949882075471698,9.375294811320755,10.706662735849056
2019-06-08,34.590694935217904,21.79760502552022,11.574303101688262,6.951118963486454,9.373085983510013,10.708186101295642
2019-06-09,34.590694935217904,21.79760502552022,11.574303101688262,6.951118963486454,9.373085983510013,10.708186101295642
2019-06-10,34.590694935217904,21.79760502552022,11.574303101688262,6.951118963486454,9.373085983510013,10.708186101295642
2019-06-11,34.57823529411765,21.787254901960786,11.59186274509804,6.9535294117647055,9.370882352941177,10.711470588235294
2019-06-12,34.57823529411765,21.787254901960786,11.59186274509804,6.9535294117647055,9.370882352941177,10.711470588235294
2019-06-13,34.57823529411765,21.787254901960786,11.59186274509804,6.9535294117647055,9.370882352941177,10.711470588235294
2019-06-14,34.57823529411765,21.787254901960786,11.59186274509804,6.9535294117647055,9.370882352941177,10.711470588235294
2019-06-15,34.566392479435954,21.775166470818647,11.609968664316492,6.955346650998825,9.369271445358402,10.7141598119859
2019-06-16,34.566392479435954,21.775166470818647,11.609968664316492,6.955346650998825,9.369271445358402,10.7141598119859
2019-06-17,34.566392479435954,21.775166470818647,11.609968664316492,6.955346650998825,9.369271445358402,10.7141598119859
2019-06-18,34.555164319248824,21.764866979655714,11.625684663536777,6.957746478873239,9.368838028169014,10.717429577464788
2019-06-19,34.54641598119859,21.763415589502547,11.627594986290639,6.963572267920094,9.366921269095181,10.724148061104582
2019-06-20,34.54641598119859,21.763415589502547,11.627594986290639,6.963572267920094,9.366921269095181,10.724148061104582
2019-06-21,34.5387323943662,21.753129890453835,11.643877151799687,6.964201877934272,9.364730046948356,10.726232394366198
2019-06-22,34.52813599062134,21.741695974990233,11.66070730754201,6.964830011723329,9.363130128956623,10.729484173505275
2019-06-23,34.52813599062134,21.741695974990233,11.66070730754201,6.964830011723329,9.363130128956623,10.729484173505275
2019-06-24,34.51877934272301,21.739045383411582,11.66383020344288,6.970657276995305,9.362969483568076,10.733274647887324
2019-06-25,34.49970657276995,21.728188575899846,11.68114241001565,6.976819248826291,9.361208920187794,10.742957746478874
2019-06-26,34.49206815511163,21.72316882099491,11.683117900509206,6.9814923619271445,9.362808460634547,10.748531139835487
2019-06-27,34.482100938967136,21.712930359937403,11.698748043818467,6.983861502347418,9.360035211267606,10.75
2019-06-28,34.47209165687426,21.7102428515472,11.701919310614963,6.988542890716804,9.360458284371328,10.754406580493537
2019-06-29,34.462147887323944,21.699432707355243,11.718114241001565,6.989730046948357,9.358861502347418,10.757042253521126
2019-06-30,34.462147887323944,21.699432707355243,11.718114241001565,6.989730046948357,9.358861502347418,10.757042253521126
2019-07-01,34.45339976553341,21.689234075810866,11.732512700273546,6.990914419695193,9.357268464243845,10.76084407971864
2019-07-02,34.44454225352113,21.688869327073554,11.734546165884195,6.994424882629108,9.356514084507042,10.76643192488263
2019-07-03,34.43448883666275,21.687328632980808,11.736584410497455,6.999706227967097,9.356933019976498,10.77027027027027
2019-07-04,34.415099882491184,21.67322757540149,11.754798276537407,7.004994124559342,9.356933019976498,10.77849588719154
2019-07-05,34.406176470588235,21.670490196078433,11.758039215686276,7.008529411764706,9.35735294117647,10.782941176470588
2019-07-06,34.39629847238543,21.659714061887975,11.773599686643166,7.009106933019977,9.356345475910693,10.785546415981198
2019-07-07,34.39629847238543,21.659714061887975,11.773599686643166,7.009106933019977,9.356345475910693,10.785546415981198
2019-07-08,34.387352941176474,21.657549019607846,11.775686274509805,7.013529411764706,9.356176470588235,10.790588235294118
2019-07-09,34.36970588235294,21.647549019607844,11.792156862745099,7.0194117647058825,9.354411764705882,10.8
2019-07-10,34.36970588235294,21.647549019607844,11.792156862745099,7.0194117647058825,9.354411764705882,10.8
2019-07-11,34.36970588235294,21.647549019607844,11.792156862745099,7.0194117647058825,9.354411764705882,10.8
2019-07-12,34.361896348645466,21.643600314095014,11.794267765999216,7.022968197879859,9.354829210836279,10.80565371024735
2019-07-13,34.35205882352941,21.634607843137257,11.809215686274511,7.023529411764706,9.353823529411764,10.808235294117647
2019-07-14,34.34305064782097,21.631821751079702,11.811346682371418,7.028268551236749,9.354829210836279,10.812720848056538
2019-07-15,34.33323529411765,21.622843137254904,11.82450980392157,7.030588235294117,9.354411764705882,10.816470588235294
2019-07-16,34.32449941107185,21.62004318806439,11.826364350215941,7.034746760895171,9.355123674911662,10.822143698468787
2019-07-17,34.32449941107185,21.62004318806439,11.826364350215941,7.034746760895171,9.355123674911662,10.822143698468787
2019-07-18,34.316627358490564,21.616057389937108,11.826159591194969,7.039504716981132,9.356721698113208,10.827830188679245
2019-07-19,34.30247641509434,21.60190644654088,11.843848270440253,7.045400943396227,9.35436320754717,10.834905660377359
2019-07-20,34.293875147232036,21.592363564978406,11.856988614055753,7.047114252061249,9.353356890459365,10.836866902237928
2019-07-21,34.28596698113208,21.588345125786166,11.859178459119498,7.05247641509434,9.35377358490566,10.841391509433961
2019-07-22,34.2791519434629,21.577640361209266,11.871711817824893,7.053592461719671,9.352179034157833,10.845700824499412
2019-07-23,34.26266195524146,21.565861798193954,11.889379662347862,7.0583038869257955,9.349823321554771,10.85394581861013
2019-07-24,34.24911660777385,21.553494307027876,11.904691794267766,7.0630153121319195,9.349234393404005,10.860424028268552
2019-07-25,34.239411764705885,21.543431372549023,11.921274509803922,7.065294117647059,9.34764705882353,10.861764705882353
2019-07-26,34.23262661955241,21.53818217510797,11.923537495092265,7.070082449941107,9.346878680800943,10.86866902237927
2019-07-27,34.22352941176471,21.52872549019608,11.937156862745098,7.0723529411764705,9.34470588235294,10.871176470588235
2019-07-28,34.22352941176471,21.52872549019608,11.937156862745098,7.0723529411764705,9.34470588235294,10.871176470588235
2019-07-29,34.216136631330976,21.524636827640364,11.938849627012171,7.077149587750294,9.345700824499412,10.87514723203769
2019-07-30,34.19846878680801,21.512269336474287,11.955928543384374,7.081861012956419,9.34452296819788,10.885159010600706
2019-07-31,34.19846878680801,21.512269336474287,11.955928543384374,7.081861012956419,9.34452296819788,10.885159010600706
2019-08-01,34.17962308598351,21.498135060855912,11.974774244208874,7.087750294464075,9.34334511189635,10.893404004711424
2019-08-02,34.17158018867924,21.494005503144656,11.977102987421384,7.091391509433962,9.34257075471698,10.899174528301886
2019-08-03,34.16254416961131,21.484000785237537,11.99008637612878,7.093639575971731,9.340989399293287,10.902237926972909
2019-08-04,34.16254416961131,21.484000785237537,11.99008637612878,7.093639575971731,9.340989399293287,10.902237926972909
2019-08-05,34.15470588235294,21.472254901960785,12.003627450980392,7.095882352941176,9.340588235294117,10.907058823529411
2019-08-06,34.14487632508834,21.469866509619163,12.005987436199451,7.099528857479387,9.341872791519435,10.91283863368669
2019-08-07,34.136792452830186,21.465113993710695,12.008942610062894,7.102004716981132,9.342275943396226,10.918632075471699
2019-08-08,34.136792452830186,21.465113993710695,12.008942610062894,7.102004716981132,9.342275943396226,10.918632075471699
2019-08-09,34.12146226415094,21.449783805031448,12.027810534591195,7.105542452830188,9.33991745283019,10.92688679245283
2019-08-10,34.111896348645466,21.439831173930116,12.041323125245388,7.10718492343934,9.338928150765607,10.929917550058892
2019-08-11,34.111896348645466,21.439831173930116,12.041323125245388,7.10718492343934,9.338928150765607,10.929917550058892
2019-08-12,34.103183962264154,21.437106918238996,12.043435534591195,7.111438679245283,9.339622641509434,10.934846698113208
2019-08-13,34.08608490566038,21.42295597484277,12.060534591194969,7.116155660377358,9.338443396226415,10.944870283018869
2019-08-14,34.08608490566038,21.42295597484277,12.060534591194969,7.116155660377358,9.338443396226415,10.944870283018869
2019-08-15,34.077922077922075,21.418732782369148,12.061786698150335,7.121015348288076,9.340023612750885,10.94952774498229
2019-08-16,34.06973995271868,21.41449960598897,12.065405831363279,7.124704491725768,9.340425531914894,10.955378250591016
2019-08-17,34.06021251475797,21.405155450609996,12.07831562377017,7.126328217237308,9.339433293978749,10.958382526564344
2019-08-18,34.05200945626478,21.402088258471238,12.08136327817179,7.131205673758865,9.33983451536643,10.962470449172576
2019-08-19,34.05200945626478,21.402088258471238,12.08136327817179,7.131205673758865,9.33983451536643,10.962470449172576
2019-08-20,34.03486997635934,21.389085894405046,12.099684791174154,7.135933806146572,9.338652482269504,10.971335697399526
2019-08-21,34.02127659574468,21.375492513790388,12.116233254531128,7.139479905437352,9.337470449172576,10.97901891252955
2019-08-22,34.01180637544274,21.366784730421095,12.131444313262495,7.139315230224321,9.334710743801653,10.98258559622196
2019-08-23,34.004728132387704,21.362490149724195,12.133963750985028,7.143026004728132,9.335106382978724,10.987293144208039
2019-08-24,33.99586776859504,21.35438803620622,12.146792601338056,7.144628099173554,9.33353010625738,10.99025974025974
2019-08-25,33.99586776859504,21.35438803620622,12.146792601338056,7.144628099173554,9.33353010625738,10.99025974025974
2019-08-26,33.98643867924528,21.344536163522015,12.160770440251573,7.14563679245283,9.33195754716981,10.99498820754717
2019-08-27,33.97815820543093,21.34110586383314,12.164207005116097,7.14935064935065,9.332349468713105,11.0
2019-08-28,33.97815820543093,21.34110586383314,12.164207005116097,7.14935064935065,9.332349468713105,11.0
2019-08-29,33.96867612293144,21.337962962962965,12.166174152876282,7.153664302600473,9.33274231678487,11.005910165484634
2019-08-30,33.9603550295858,21.334812623274164,12.167554240631164,7.157396449704142,9.333136094674556,11.011834319526628
2019-08-31,33.9533096926714,21.327324665090625,12.179767533490939,7.15839243498818,9.330378250591016,11.01418439716312
2019-09-01,33.9533096926714,21.327324665090625,12.179767533490939,7.15839243498818,9.330378250591016,11.01418439716312
2019-09-02,33.935579196217496,21.31786840031521,12.196315996847913,7.164302600472813,9.326832151300236,11.02304964539007
2019-09-03,33.927218934911245,21.314694280078896,12.20009861932939,7.166863905325444,9.327218934911242,11.028994082840237
2019-09-04,33.91824644549763,21.309142969984205,12.203297788309637,7.169431279620853,9.328791469194313,11.034952606635072
2019-09-05,33.910650887573965,21.301084812623277,12.216666666666667,7.168639053254438,9.32603550295858,11.038461538461538
2019-09-06,33.90225118483412,21.29788704581359,12.219293048973144,7.17239336492891,9.326421800947868,11.044431279620854
2019-09-07,33.895266272189346,21.29102564102564,12.23086785009862,7.172781065088757,9.323668639053254,11.04733727810651
2019-09-08,33.895266272189346,21.29102564102564,12.23086785009862,7.172781065088757,9.323668639053254,11.04733727810651
2019-09-09,33.88625592417062,21.287223538704584,12.233807266982623,7.175947867298579,9.324644549763033,11.053613744075829
2019-09-10,33.8696682464455,21.274782780410742,12.248025276461297,7.1795023696682465,9.324052132701421,11.066054502369669
2019-09-11,33.8696682464455,21.274782780410742,12.248025276461297,7.1795023696682465,9.324052132701421,11.066054502369669
2019-09-12,33.86120996441281,21.27036378015026,12.2495057334915,7.184460260972717,9.324436536180308,11.072064056939501
2019-09-13,33.84341637010676,21.259687623566627,12.266113088177146,7.186832740213523,9.324436536180308,11.079181494661922
2019-09-14,33.83590047393365,21.252863349131122,12.277053712480253,7.187796208530806,9.321682464454977,11.083234597156398
2019-09-15,33.83590047393365,21.252863349131122,12.277053712480253,7.187796208530806,9.321682464454977,11.083234597156398
2019-09-16,33.816943127962084,21.2413112164297,12.291864139020538,7.192535545023697,9.319905213270141,11.095082938388625
2019-09-17,33.8112426035503,21.233925049309665,12.303353057199212,7.1923076923076925,9.318343195266273,11.098520710059171
2019-09-18,33.802725118483416,21.229462875197473,12.306082148499211,7.196090047393365,9.318720379146919,11.104561611374407
2019-09-19,33.79467455621302,21.220907297830376,12.318737672583827,7.197041420118343,9.31715976331361,11.107988165680473
2019-09-20,33.78495260663507,21.216429699842024,12.32266982622433,7.200829383886256,9.317535545023697,11.115225118483412
2019-09-21,33.77810650887574,21.209072978303748,12.333530571992112,7.201775147928994,9.315384615384616,11.118047337278107
2019-09-22,33.77810650887574,21.209072978303748,12.333530571992112,7.201775147928994,9.315384615384616,11.118047337278107
2019-09-23,33.768912529550825,21.200551615445235,12.344956658786447,7.202718676122932,9.313829787234043,11.123817966903074
2019-09-24,33.759171597633134,21.198422090729785,12.347731755424064,7.206508875739645,9.314201183431953,11.129881656804734
2019-09-25,33.74940758293839,21.195102685624015,12.351698262243287,7.2114928909952605,9.314573459715639,11.135367298578199
2019-09-26,33.74940758293839,21.195102685624015,12.351698262243287,7.2114928909952605,9.314573459715639,11.135367298578199
2019-09-27,33.73281990521327,21.18088467614534,12.371840442338073,7.213862559241706,9.312203791469194,11.146030805687204
2019-09-28,33.72485207100592,21.172978303747534,12.383234714003946,7.214792899408284,9.310059171597633,11.149408284023668
2019-09-29,33.72485207100592,21.172978303747534,12.383234714003946,7.214792899408284,9.310059171597633,11.149408284023668
2019-09-30,33.707692307692305,21.160552268244576,12.397435897435898,7.220710059171598,9.308284023668639,11.160650887573965
2019-10-01,33.697867298578196,21.157187993680886,12.40027646129542,7.223341232227488,9.309834123222748,11.167950236966824
2019-10-02,33.68890865954923,21.15233293792013,12.40342032423883,7.225978647686833,9.31049822064057,11.174673784104389
2019-10-03,33.68022565320665,21.14657561361837,12.40627474267617,7.230997624703088,9.310866983372922,11.18081947743468
2019-10-04,33.67152199762188,21.141993658343242,12.409135949266746,7.234839476813318,9.311236623067776,11.186979785969084
2019-10-05,33.66419239904988,21.13410530482977,12.419932699920825,7.235748218527316,9.309085510688837,11.190320665083135
2019-10-06,33.66419239904988,21.13410530482977,12.419932699920825,7.235748218527316,9.309085510688837,11.190320665083135
2019-10-07,33.65546967895363,21.130103051922315,12.422810146650813,7.240190249702735,9.309453032104637,11.19589774078478
2019-10-08,33.637633769322235,21.117617915180343,12.43648434403488,7.245243757431629,9.309453032104637,11.207193816884661
2019-10-09,33.637633769322235,21.117617915180343,12.43648434403488,7.245243757431629,9.309453032104637,11.207193816884661
2019-10-10,33.62217598097503,21.104538248117322,12.451942132382085,7.248810939357908,9.309453032104637,11.216706302021404
2019-10-11,33.613392857142856,21.099900793650797,12.454861111111112,7.2526785714285715,9.311011904761905,11.222916666666666
2019-10-12,33.60612366230678,21.0914585810543,12.466210860087198,7.252972651605232,9.309453032104637,11.225624256837099
2019-10-13,33.59791666666667,21.086805555555557,12.46795634920635,7.258035714285715,9.310416666666667,11.231845238095238
2019-10-14,33.59791666666667,21.086805555555557,12.46795634920635,7.258035714285715,9.310416666666667,11.231845238095238
2019-10-15,33.58125,21.074900793650794,12.481646825396826,7.262202380952381,9.30922619047619,11.244940476190477
2019-10-16,33.57639714625446,21.06886642885454,12.494748315497425,7.261296076099881,9.306480380499405,11.247027348394768
2019-10-17,33.56977434679335,21.06047110055424,12.506037212984957,7.260985748218527,9.304928741092636,11.250296912114015
2019-10-18,33.56435349940688,21.052095689996047,12.519671807038355,7.2594899169632265,9.303380782918149,11.252372479240806
2019-10-19,33.54893238434164,21.039640173981812,12.532720442862793,7.264827995255041,9.302787663107948,11.26067615658363
2019-10-20,33.540083135391924,21.03493665874901,12.536322248614411,7.269893111638955,9.302553444180523,11.266923990498812
2019-10-21,33.540083135391924,21.03493665874901,12.536322248614411,7.269893111638955,9.302553444180523,11.266923990498812
2019-10-22,33.52226840855107,21.022466349960414,12.551167854315123,7.274049881235155,9.302553444180523,11.27998812351544
2019-10-23,33.514565992865634,21.01773682124455,12.554201347602062,7.27794292508918,9.302913198573128,11.286266349583828
2019-10-24,33.514565992865634,21.01773682124455,12.554201347602062,7.27794292508918,9.302913198573128,11.286266349583828
2019-10-25,33.50684523809524,21.012996031746034,12.557242063492064,7.283035714285714,9.302083333333334,11.292559523809524
2019-10-26,33.50148632580262,21.00525168450258,12.566091954022989,7.283888228299643,9.301129607609989,11.295184304399525
2019-10-27,33.50148632580262,21.00525168450258,12.566091954022989,7.283888228299643,9.301129607609989,11.295184304399525
2019-10-28,33.492559523809526,21.002876984126985,12.566765873015873,7.287797619047619,9.301488095238096,11.302678571428572
2019-10-29,33.47410714285714,20.98978174603175,12.58343253968254,7.293154761904762,9.300892857142857,11.313988095238095
2019-10-30,33.47410714285714,20.98978174603175,12.58343253968254,7.293154761904762,9.300892857142857,11.313988095238095
2019-10-31,33.465137067938024,20.985001986491856,12.585319825188718,7.297079856972586,9.30005959475566,11.321513706793802
2019-11-01,33.457338902147974,20.980210819411298,12.58840493237868,7.301014319809069,9.300417661097852,11.329057279236277
2019-11-02,33.45023837902264,20.972487087802943,12.596046881207787,7.302443384982122,9.300655542312276,11.332240762812873
2019-11-03,33.45023837902264,20.972487087802943,12.596046881207787,7.302443384982122,9.300655542312276,11.332240762812873
2019-11-04,33.4323599523242,20.959972189114026,12.609157727453319,7.306615017878427,9.301251489868891,11.344755661501788
2019-11-05,33.42452267303103,20.95873110580748,12.611077963404933,7.308174224343675,9.301610978520287,11.352326968973747
2019-11-06,33.41517323775388,20.953006770211072,12.615093588211868,7.310931899641577,9.301971326164875,11.359916367980883
2019-11-07,33.398446833930706,20.93866985264835,12.628235762644366,7.3157108721624855,9.301971326164875,11.370669056152927
2019-11-08,33.382915173237755,20.924332935085626,12.643767423337316,7.318100358422939,9.303166069295102,11.381421744324971
2019-11-09,33.374105011933175,20.916666666666668,12.65194908512331,7.320704057279237,9.303997613365155,11.383949880668258
2019-11-10,33.374105011933175,20.916666666666668,12.65194908512331,7.320704057279237,9.303997613365155,11.383949880668258
2019-11-11,33.374105011933175,20.916666666666668,12.65194908512331,7.320704057279237,9.303997613365155,11.383949880668258
2019-11-12,33.356801909307876,20.906821797931585,12.664180588703262,7.323090692124105,9.304295942720763,11.39618138424821
2019-11-13,33.356801909307876,20.906821797931585,12.664180588703262,7.323090692124105,9.304295942720763,11.39618138424821
2019-11-14,33.34684147794994,20.89978148589591,12.675307906237585,7.322705601907032,9.303933253873659,11.399284862932062
2019-11-15,33.33890214797136,20.894888623707242,12.678500397772474,7.324284009546539,9.304295942720763,11.406921241050119
2019-11-16,33.33075089392133,20.88905442987684,12.68543901470004,7.325685339690107,9.305125148986889,11.409415971394518
2019-11-17,33.32159904534606,20.88414876690533,12.688643595863168,7.3284606205250595,9.306085918854416,11.41706443914081
2019-11-18,33.30369928400955,20.875198886237072,12.701770087509946,7.331443914081145,9.306085918854416,11.428997613365155
2019-11-19,33.29116945107398,20.862072394590296,12.71549323786794,7.333233890214797,9.30489260143198,11.440334128878282
2019-11-20,33.29116945107398,20.862072394590296,12.71549323786794,7.333233890214797,9.30489260143198,11.440334128878282
2019-11-21,33.29116945107398,20.862072394590296,12.71549323786794,7.333233890214797,9.30489260143198,11.440334128878282
2019-11-22,33.2831541218638,20.857128634010355,12.71873755475906,7.336021505376344,9.304062126642771,11.448028673835125
2019-11-23,33.275656324582336,20.849542561654737,12.7280230708035,7.338007159904534,9.303699284009546,11.449880668257757
2019-11-24,33.275656324582336,20.849542561654737,12.7280230708035,7.338007159904534,9.303699284009546,11.449880668257757
2019-11-25,33.275656324582336,20.849542561654737,12.7280230708035,7.338007159904534,9.303699284009546,11.449880668257757
2019-11-26,33.25894988066826,20.838206046141607,12.742342879872714,7.341587112171838,9.303699284009546,11.461217183770882
2019-11-27,33.25894988066826,20.838206046141607,12.742342879872714,7.341587112171838,9.303699284009546,11.461217183770882
2019-11-28,33.24970131421745,20.833233771405816,12.744424532058941,7.34557945041816,9.302867383512545,11.470131421744325
2019-11-29,33.23416965352449,20.818896853843093,12.759956192751892,7.3479689366786145,9.304062126642771,11.480884109916367
2019-11-30,33.22732696897375,20.811356404136834,12.769789180588704,7.348747016706444,9.30310262529833,11.483293556085918
2019-12-01,33.218040621266425,20.807546794105935,12.773695738749502,7.352150537634409,9.301672640382318,11.491636798088411
2019-12-02,33.21002386634845,20.798826571201275,12.784108989657916,7.353520286396181,9.301312649164677,11.49582338902148
2019-12-03,33.19331742243437,20.788086714399366,12.79604216388226,7.358293556085919,9.300119331742243,11.507756563245824
2019-12-04,33.18339307048984,20.781859816806055,12.799382716049383,7.361111111111111,9.301075268817204,11.516726403823178
2019-12-05,33.16547192353644,20.767522899243332,12.814914376742335,7.365890083632019,9.29868578255675,11.528673835125447
2019-12-06,33.157296650717704,20.76246012759171,12.818281499202552,7.36872009569378,9.299043062200957,11.536483253588516
2019-12-07,33.151135005973714,20.75378335324572,12.828056551174832,7.370669056152927,9.297491039426523,11.538829151732378
2019-12-08,33.151135005973714,20.75378335324572,12.828056551174832,7.370669056152927,9.297491039426523,11.538829151732378
2019-12-09,33.13679808841099,20.740641178813224,12.840601354042215,7.376045400238949,9.296296296296296,11.551373954599761
2019-12-10,33.12739234449761,20.73793859649123,12.843999202551835,7.3788875598086126,9.295454545454545,11.560406698564593
2019-12-11,33.116766467065865,20.734031936127746,12.847405189620758,7.381736526946108,9.295808383233533,11.569461077844311
2019-12-12,33.10944976076555,20.72597687400319,12.857157097288678,7.382476076555024,9.294258373205741,11.573564593301436
2019-12-13,33.092703349282296,20.71281897926635,12.872707336523126,7.38726076555024,9.293062200956937,11.58433014354067
2019-12-14,33.08661887694146,20.704798884906413,12.88241736360016,7.388590203106332,9.292712066905615,11.586021505376344
2019-12-15,33.08661887694146,20.704798884906413,12.88241736360016,7.388590203106332,9.292712066905615,11.586021505376344
2019-12-16,33.07168458781362,20.691059338908804,12.89615690959777,7.392771804062127,9.292712066905615,11.598566308243727
2019-12-17,33.061004784689,20.68829744816587,12.899621212121213,7.395633971291866,9.291866028708133,11.607655502392344
2019-12-18,33.052694610778445,20.68313373253493,12.901896207584832,7.398502994011976,9.291017964071857,11.615568862275449
2019-12-19,33.037724550898204,20.669960079840322,12.913872255489023,7.402095808383233,9.290419161676647,11.62874251497006
2019-12-20,33.02937649880096,20.665967226219028,12.916167066346922,7.406175059952038,9.28956834532374,11.636690647482014
2019-12-21,33.02275449101796,20.657984031936127,12.925848303393215,7.40748502994012,9.288622754491017,11.638922155688622
2019-12-22,33.02275449101796,20.657984031936127,12.925848303393215,7.40748502994012,9.288622754491017,11.638922155688622
2019-12-23,33.010791366906474,20.653976818545164,12.92935651478817,7.411570743405276,9.288968824940047,11.648081534772182
2019-12-24,32.99400479616307,20.641986410871304,12.941346922462031,7.417565947242206,9.286570743405276,11.661270983213429
2019-12-25,32.99400479616307,20.641986410871304,12.941346922462031,7.417565947242206,9.286570743405276,11.661270983213429
2019-12-26,32.99400479616307,20.641986410871304,12.941346922462031,7.417565947242206,9.286570743405276,11.661270983213429
2019-12-27,32.99400479616307,20.641986410871304,12.941346922462031,7.417565947242206,9.286570743405276,11.661270983213429
2019-12-28,32.983193277310924,20.635554221688675,12.944877951180473,7.421668667466987,9.285714285714286,11.671668667466987
2019-12-29,32.97235576923077,20.629707532051285,12.94901842948718,7.42578125,9.28545673076923,11.681490384615385
2019-12-30,32.96149217809867,20.626855194544728,12.95136381869234,7.429903730445247,9.28459687123947,11.690734055354994
2019-12-31,32.96149217809867,20.626855194544728,12.95136381869234,7.429903730445247,9.28459687123947,11.690734055354994
2020-01-01,32.952409638554215,20.620983935742974,12.95491967871486,7.432228915662651,9.28433734939759,11.7
2020-01-02,32.94270205066345,20.61690792119019,12.957277844792923,7.433956574185766,9.284680337756333,11.70928829915561
2020-01-03,32.924607961399275,20.60243264977885,12.96934057096904,7.439987937273824,9.283474065138721,11.721351025331725
2020-01-04,32.924607961399275,20.60243264977885,12.96934057096904,7.439987937273824,9.283474065138721,11.721351025331725
2020-01-05,32.91364734299517,20.59712157809984,12.973530595813205,7.444142512077295,9.283212560386474,11.731884057971014
2020-01-06,32.908926417370324,20.587957378367513,12.983815842380379,7.446019300361882,9.28226779252111,11.734620024125451
2020-01-07,32.89915458937198,20.58383655394525,12.987419484702095,7.448973429951691,9.281400966183575,11.743961352657005
2020-01-08,32.888149939540504,20.57970576380492,12.991031841999195,7.451934703748488,9.281741233373639,11.753325272067714
2020-01-09,32.871221281741235,20.565195485691255,13.005542120112858,7.457980652962515,9.280532043530835,11.765417170495768
2020-01-10,32.8589588377724,20.561037126715096,13.009180790960453,7.462167070217918,9.279661016949152,11.776029055690072
2020-01-11,32.85247883917775,20.551894397420398,13.01944780330512,7.464026602176542,9.278718258766625,11.778113663845224
2020-01-12,32.85247883917775,20.551894397420398,13.01944780330512,7.464026602176542,9.278718258766625,11.778113663845224
2020-01-13,32.842009685230025,20.545903954802263,13.023708635996773,7.468220338983051,9.278450363196125,11.788740920096853
2020-01-14,32.823849878934624,20.53319209039548,13.037025827280065,7.474878934624697,9.2772397094431,11.803268765133172
2020-01-15,32.81272727272727,20.528989898989902,13.03949494949495,7.477878787878788,9.277575757575757,11.812727272727273
2020-01-16,32.80569007263922,20.521085552865216,13.051553672316384,7.477300242130751,9.2772397094431,11.815375302663439
2020-01-17,32.79333333333334,20.516868686868687,13.055252525252525,7.4815151515151515,9.277575757575757,11.826060606060606
2020-01-18,32.7863196125908,20.508979015334948,13.065476190476192,7.48274818401937,9.2772397094431,11.828087167070217
2020-01-19,32.77393939393939,20.504141414141415,13.06919191919192,7.486969696969697,9.276969696969697,11.838787878787878
2020-01-20,32.77393939393939,20.504141414141415,13.06919191919192,7.486969696969697,9.276969696969697,11.838787878787878
2020-01-21,32.75757575757576,20.490808080808083,13.082525252525253,7.491212121212121,9.277575757575757,11.853333333333333
2020-01-22,32.75757575757576,20.490808080808083,13.082525252525253,7.491212121212121,9.277575757575757,11.853333333333333
2020-01-23,32.74939467312349,20.482949959644877,13.095742534301857,7.49182808716707,9.276029055690072,11.85593220338983
2020-01-24,32.736969696969695,20.47868686868687,13.09949494949495,7.496060606060606,9.275151515151515,11.865454545454545
2020-01-25,32.73002421307506,20.469632768361585,13.110270379338177,7.497881355932203,9.275423728813559,11.867433414043584
2020-01-26,32.73002421307506,20.469632768361585,13.110270379338177,7.497881355932203,9.275423728813559,11.867433414043584
2020-01-27,32.71125907990315,20.458736884584344,13.122376916868443,7.503329297820823,9.274818401937045,11.880750605326876
2020-01-28,32.698787878787876,20.455656565656568,13.126161616161617,7.506363636363637,9.275151515151515,11.89151515151515
2020-01-29,32.69370460048426,20.447841000807102,13.138720742534302,7.506961259079903,9.27360774818402,11.892857142857142
2020-01-30,32.68242424242424,20.443535353535356,13.141313131313131,7.511212121212121,9.273939393939393,11.902424242424242
2020-01-31,32.68242424242424,20.443535353535356,13.141313131313131,7.511212121212121,9.273939393939393,11.902424242424242
2020-02-01,32.663636363636364,20.43080808080808,13.154646464646465,7.516666666666667,9.272727272727273,11.913939393939394
2020-02-02,32.65351941747573,20.425869741100325,13.157261326860842,7.520327669902913,9.273058252427184,11.923543689320388
2020-02-03,32.64787878787879,20.41686868686869,13.167979797979799,7.522121212121212,9.271515151515151,11.926060606060606
2020-02-04,32.63622572815534,20.411913430420714,13.172127831715212,7.525485436893204,9.27123786407767,11.936589805825243
2020-02-05,32.63622572815534,20.411913430420714,13.172127831715212,7.525485436893204,9.27123786407767,11.936589805825243
2020-02-06,32.61802184466019,20.397350323624597,13.186690938511328,7.530339805825243,9.27123786407767,11.94993932038835
2020-02-07,32.59981796116505,20.3852144012945,13.201254045307444,7.532766990291262,9.27123786407767,11.962075242718447
2020-02-08,32.594242424242424,20.37747474747475,13.213131313131314,7.533333333333333,9.270909090909091,11.959696969696969
2020-02-09,32.5886803874092,20.370964487489914,13.221347861178371,7.533898305084746,9.270581113801454,11.963377723970945
2020-02-10,32.5886803874092,20.370964487489914,13.221347861178371,7.533898305084746,9.270581113801454,11.963377723970945
2020-02-11,32.57173123486683,20.357949959644877,13.235573042776434,7.538740920096853,9.270278450363197,11.975786924939467
2020-02-12,32.56030303030303,20.352323232323233,13.23949494949495,7.541818181818182,9.26939393939394,11.986666666666666
2020-02-13,32.5523607748184,20.347054075867636,13.250100887812753,7.541162227602905,9.26906779661017,11.98910411622276
2020-02-14,32.54212121212121,20.342626262626265,13.254040404040405,7.545454545454546,9.268181818181818,11.998787878787878
2020-02-15,32.53601694915254,20.335552865213884,13.264628732849072,7.543583535108959,9.26906779661017,12.0
2020-02-16,32.525151515151514,20.331717171717173,13.26858585858586,7.547878787878788,9.26878787878788,12.00909090909091
2020-02-17,32.525151515151514,20.331717171717173,13.26858585858586,7.547878787878788,9.26878787878788,12.00909090909091
2020-02-18,32.50878787878788,20.32020202020202,13.28010101010101,7.550909090909091,9.266969696969698,12.023636363636363
2020-02-19,32.49121212121212,20.30868686868687,13.293434343434344,7.555757575757576,9.26878787878788,12.034545454545455
2020-02-20,32.49121212121212,20.30868686868687,13.293434343434344,7.555757575757576,9.26878787878788,12.034545454545455
2020-02-21,32.480885922330096,20.3042071197411,13.296217637540455,7.560072815533981,9.267900485436893,12.044296116504855
2020-02-22,32.474242424242426,20.297171717171718,13.306767676767677,7.5593939393939396,9.26878787878788,12.044242424242425
2020-02-23,32.474242424242426,20.297171717171718,13.306767676767677,7.5593939393939396,9.26878787878788,12.044242424242425
2020-02-24,32.463288834951456,20.29267799352751,13.310173948220065,7.56371359223301,9.268507281553399,12.052791262135923
2020-02-25,32.445691747572816,20.281148867313917,13.324737055016183,7.567354368932039,9.269114077669903,12.06371359223301
2020-02-26,32.445691747572816,20.281148867313917,13.324737055016183,7.567354368932039,9.269114077669903,12.06371359223301
2020-02-27,32.43408262454435,20.274807614418794,13.328169299311464,7.571688942891859,9.270048602673148,12.073511543134872
2020-02-28,32.42366180048662,20.269059205190594,13.331001622060016,7.576034063260341,9.269160583941606,12.083333333333334
2020-02-29,32.41707168894289,20.263872012960714,13.343965168084246,7.572904009720535,9.270048602673148,12.080801944106925
2020-03-01,32.39884568651276,20.25415147833131,13.358545970028352,7.575334143377885,9.270656136087485,12.091130012150668
2020-03-02,32.39884568651276,20.25415147833131,13.358545970028352,7.575334143377885,9.270656136087485,12.091130012150668
2020-03-03,32.380619684082625,20.2435196435804,13.374645605508304,7.5765492102065615,9.271567436208992,12.102976913730256
2020-03-04,32.36891727493917,20.238949716139498,13.378751013787511,7.580900243309002,9.271897810218977,12.112834549878345
2020-03-05,32.36239368165249,20.233799108950993,13.390441474281086,7.578979343863913,9.271567436208992,12.11269744835966
2020-03-06,32.34538274605103,20.224078574321588,13.406237343053869,7.580194410692588,9.270352369380316,12.12363304981774
2020-03-07,32.33768203883495,20.21773867313916,13.419093851132686,7.578276699029126,9.27123786407767,12.122269417475728
2020-03-08,32.3188713592233,20.208636731391586,13.434263754045308,7.581917475728155,9.27002427184466,12.131978155339805
2020-03-09,32.31181818181818,20.202929292929294,13.444646464646466,7.580606060606061,9.27030303030303,12.134242424242425
2020-03-10,32.30248786407767,20.198321197411005,13.448826860841425,7.58373786407767,9.269417475728156,12.144114077669903
2020-03-11,32.30248786407767,20.198321197411005,13.448826860841425,7.58373786407767,9.269417475728156,12.144114077669903
2020-03-12,32.29191980558931,20.19127176994735,13.453017415957879,7.588092345078979,9.269744835965978,12.152794653705953
2020-03-13,32.282542579075425,20.18542173560422,13.457218167072183,7.592457420924574,9.268856447688565,12.160279805352799
2020-03-14,32.276731470230864,20.17972863507493,13.466990684487648,7.591130012150669,9.268529769137302,12.160692588092346
2020-03-15,32.269160583941606,20.175689375506895,13.470600162206003,7.595498783454988,9.267031630170317,12.168187347931873
2020-03-16,32.264580801944106,20.16879303361685,13.482179019846093,7.594167679222357,9.267314702308626,12.169198055893075
2020-03-17,32.2551703163017,20.164132197891323,13.486415247364153,7.597323600973236,9.266423357664234,12.177919708029197
2020-03-18,32.24573690621194,20.15946000812018,13.49066179455948,7.600487210718636,9.266747868453105,12.185444579780755
2020-03-19,32.24300486618005,20.15196674776967,13.502230332522304,7.599756690997567,9.266423357664234,12.18278588807786
2020-03-20,32.23355663824604,20.146061713357696,13.507714169711734,7.604141291108404,9.265529841656516,12.191534713763703
2020-03-21,32.230839416058394,20.140409570154098,13.516220600162207,7.603406326034063,9.265206812652067,12.190085158150852
2020-03-22,32.230839416058394,20.140409570154098,13.516220600162207,7.603406326034063,9.265206812652067,12.190085158150852
2020-03-23,32.22414841849148,20.129460665044608,13.528994322789943,7.605231143552311,9.261557177615572,12.197384428223843
2020-03-24,32.21589524969549,20.123528217620787,13.534510759236705,7.608404384896468,9.261875761266747,12.203714981729599
2020-03-25,32.20249695493301,20.113174989849778,13.550345107592367,7.610840438489647,9.260657734470158,12.21163215590743
2020-03-26,32.19640682095006,20.102212748680472,13.560089321965084,7.613276492082826,9.259439707673568,12.215286236297198
2020-03-27,32.190316686967115,20.090032480714576,13.575923670320748,7.6144945188794155,9.257003654080389,12.220158343483556
2020-03-28,32.19251824817518,20.086273317112735,13.581305758313059,7.612530413625304,9.256082725060827,12.217457420924575
2020-03-29,32.18544457978076,20.080897279740157,13.585667884693464,7.615712545676005,9.256394640682094,12.22442143727162
2020-03-30,32.18544457978076,20.080897279740157,13.585667884693464,7.615712545676005,9.256394640682094,12.22442143727162
2020-03-31,32.181790499390985,20.06871701177426,13.59541209906618,7.617539585870889,9.25456760048721,12.230511571254567
2020-04-01,32.181790499390985,20.06871701177426,13.59541209906618,7.617539585870889,9.25456760048721,12.230511571254567
2020-04-02,32.18400243309002,20.063767234387672,13.605636658556367,7.614355231143552,9.251824817518248,12.22779805352798
2020-04-03,32.17813641900122,20.056536743808365,13.611246447421845,7.617539585870889,9.250913520097441,12.234165651644336
2020-04-04,32.181569343065696,20.053426601784267,13.615369018653691,7.615571776155718,9.25,12.231447688564478
2020-04-05,32.17570036540804,20.047401542833946,13.620381648396265,7.618757612667479,9.249695493300853,12.23721071863581
2020-04-06,32.17570036540804,20.03522127486805,13.630734876167276,7.618757612667479,9.247259439707674,12.240864799025578
2020-04-07,32.16859756097561,20.03038617886179,13.633943089430895,7.623170731707317,9.246341463414634,12.247256097560976
2020-04-08,32.16859756097561,20.03038617886179,13.633943089430895,7.623170731707317,9.246341463414634,12.247256097560976
2020-04-09,32.16432926829268,20.021239837398376,13.645528455284554,7.623170731707317,9.24390243902439,12.25091463414634
2020-04-10,32.15964590964591,20.013939763939767,13.64997964997965,7.626373626373627,9.242979242979242,12.257326007326007
2020-04-11,32.1655487804878,20.010264227642278,13.652845528455286,7.623780487804878,9.242073170731707,12.254573170731707
2020-04-12,32.1655487804878,20.010264227642278,13.652845528455286,7.623780487804878,9.242073170731707,12.254573170731707
2020-04-13,32.16208791208791,20.004782254782256,13.656084656084657,7.627594627594628,9.241758241758241,12.25915750915751
2020-04-14,32.163919413919416,19.995014245014247,13.662189662189663,7.628815628815629,9.239926739926739,12.264652014652015
2020-04-15,32.163919413919416,19.995014245014247,13.662189662189663,7.628815628815629,9.239926739926739,12.264652014652015
2020-04-16,32.171036585365854,19.991361788617887,13.668699186991871,7.625609756097561,9.237195121951219,12.260670731707316
2020-04-17,32.16636141636142,19.985246235246237,13.673178673178674,7.628815628815629,9.236263736263735,12.265873015873016
2020-04-18,32.173475609756096,19.981605691056913,13.675406504065041,7.626829268292683,9.234756097560975,12.2625
2020-04-19,32.16941391941392,19.976088726088726,13.67989417989418,7.62942612942613,9.233821733821733,12.267704517704518
2020-04-20,32.16941391941392,19.976088726088726,13.67989417989418,7.62942612942613,9.233821733821733,12.267704517704518
2020-04-21,32.17246642246642,19.965099715099715,13.685999185999187,7.631868131868132,9.231990231990231,12.271978021978022
2020-04-22,32.16656479217604,19.96016707416463,13.689282803585982,7.635085574572127,9.232273838630807,12.277200488997556
2020-04-23,32.16656479217604,19.96016707416463,13.689282803585982,7.635085574572127,9.232273838630807,12.277200488997556
2020-04-24,32.169621026894866,19.947942135289324,13.699674001629992,7.636919315403423,9.229828850855746,12.277200488997556
2020-04-25,32.177350427350426,19.943121693121693,13.701261701261702,7.634920634920635,9.228937728937728,12.274420024420024
2020-04-26,32.17512224938875,19.938162184189082,13.705786471067645,7.636919315403423,9.22677261613692,12.277200488997556
2020-04-27,32.18223443223443,19.933353683353683,13.708587708587709,7.634920634920635,9.225274725274724,12.274420024420024
2020-04-28,32.18223443223443,19.921754171754174,13.715913715913716,7.637362637362638,9.224053724053723,12.278693528693529
2020-04-29,32.18223443223443,19.921754171754174,13.715913715913716,7.637362637362638,9.224053724053723,12.278693528693529
2020-04-30,32.173899755501225,19.914323553382236,13.721678891605542,7.641809290953545,9.224327628361857,12.283924205378973
2020-05-01,32.16799265605875,19.90809873521012,13.72623419012648,7.6450428396572825,9.224602203182375,12.289167686658507
2020-05-02,32.17451100244499,19.903321108394458,13.727180114099431,7.643031784841075,9.223716381418093,12.287591687041564
2020-05-03,32.171052631578945,19.898918808649533,13.731742146062832,7.646266829865361,9.222766217870257,12.289779681762546
2020-05-04,32.172888616891065,19.88667890656875,13.74031007751938,7.64749082007344,9.220930232558139,12.29345165238678
2020-05-05,32.172888616891065,19.88667890656875,13.74031007751938,7.64749082007344,9.220930232558139,12.29345165238678
2020-05-06,32.16544117647059,19.88102532679739,13.745200163398694,7.651041666666667,9.220894607843137,12.298713235294118
2020-05-07,32.16789215686274,19.869995915032682,13.755004084967322,7.651041666666667,9.220894607843137,12.298713235294118
2020-05-08,32.161963190184046,19.862474437627814,13.76083844580777,7.654294478527607,9.22116564417178,12.30521472392638
2020-05-09,32.1703431372549,19.857741013071898,13.761744281045752,7.651654411764706,9.21905637254902,12.30361519607843
2020-05-10,32.16748466257669,19.8538854805726,13.76758691206544,7.653680981595092,9.217484662576688,12.306441717791412
2020-05-11,32.16748466257669,19.8538854805726,13.76758691206544,7.653680981595092,9.217484662576688,12.306441717791412
2020-05-12,32.16564417177914,19.84161554192229,13.77556237218814,7.655521472392638,9.215644171779141,12.311349693251534
2020-05-13,32.16564417177914,19.84161554192229,13.77556237218814,7.655521472392638,9.215644171779141,12.311349693251534
2020-05-14,32.16441717791411,19.829345603271985,13.786605316973416,7.6579754601226995,9.214417177914111,12.312576687116565
2020-05-15,32.16441717791411,19.81707566462168,13.796421267893662,7.65920245398773,9.211963190184049,12.315030674846625
2020-05-16,32.17279411764706,19.811785130718956,13.797896241830067,7.657169117647059,9.210477941176471,12.31219362745098
2020-05-17,32.16993865030675,19.807259713701434,13.80316973415133,7.659815950920246,9.210122699386503,12.31441717791411
2020-05-18,32.17585784313726,19.80014297385621,13.808312908496733,7.657781862745098,9.208026960784315,12.31219362745098
2020-05-19,32.16748466257669,19.794989775051125,13.812985685071576,7.661042944785276,9.208282208588956,12.319938650306748
2020-05-20,32.16154791154791,19.788595413595417,13.816441441441443,7.66554054054054,9.209766584766585,12.322788697788697
2020-05-21,32.16154791154791,19.788595413595417,13.816441441441443,7.66554054054054,9.209766584766585,12.322788697788697
2020-05-22,32.16277641277641,19.776924651924652,13.827497952497954,7.667383292383293,9.20608108108108,12.324017199017199
2020-05-23,32.17116564417178,19.77167689161554,13.82955010224949,7.6653374233128835,9.204601226993866,12.320552147239264
2020-05-24,32.17116564417178,19.77167689161554,13.82955010224949,7.6653374233128835,9.204601226993866,12.320552147239264
2020-05-25,32.17361963190184,19.761247443762784,13.83997955010225,7.6653374233128835,9.20276073619632,12.319938650306748
2020-05-26,32.16646191646192,19.756040131040134,13.84469696969697,7.669840294840295,9.203009828009828,12.3252457002457
2020-05-27,32.16646191646192,19.756040131040134,13.84469696969697,7.669840294840295,9.203009828009828,12.3252457002457
2020-05-28,32.158056580565805,19.750820008200083,13.849425994259944,7.674354243542435,9.203259532595325,12.329335793357934
2020-05-29,32.16051660516605,19.73728987289873,13.861726117261174,7.674354243542435,9.20079950799508,12.330565805658056
2020-05-30,32.17014742014742,19.732084357084357,13.86373873873874,7.672911547911548,9.198710073710073,12.326474201474202
2020-05-31,32.166666666666664,19.727449774497746,13.869721197211973,7.675584255842558,9.197724477244773,12.329335793357934
2020-06-01,32.158251231527096,19.72218801313629,13.873255336617406,7.6801108374384235,9.197967980295566,12.33466748768473
2020-06-02,32.15886699507389,19.707409688013136,13.883723316912972,7.6807266009852215,9.197352216748769,12.337130541871922
2020-06-03,32.15886699507389,19.707409688013136,13.883723316912972,7.6807266009852215,9.197352216748769,12.337130541871922
2020-06-04,32.15886699507389,19.696325944170773,13.894807060755337,7.683189655172414,9.197352216748769,12.335899014778326
2020-06-05,32.151664611590625,19.689786272092068,13.900842581175505,7.686498150431566,9.197595561035758,12.341245376078914
2020-06-06,32.16009852216749,19.68462643678161,13.902811986863712,7.685036945812808,9.196120689655173,12.335899014778326
2020-06-07,32.15598027127004,19.68053842992191,13.908240854911632,7.68711467324291,9.193896424167693,12.339395807644882
2020-06-08,32.14753086419753,19.675205761316874,13.9130658436214,7.691666666666666,9.192901234567902,12.344753086419754
2020-06-09,32.15474722564735,19.66820797369503,13.917488697081792,7.69019728729963,9.192046855733663,12.34186189889026
2020-06-10,32.15474722564735,19.66820797369503,13.917488697081792,7.69019728729963,9.192046855733663,12.34186189889026
2020-06-11,32.15474722564735,19.66820797369503,13.917488697081792,7.69019728729963,9.192046855733663,12.34186189889026
2020-06-12,32.15474722564735,19.657110563090836,13.931052198931361,7.69019728729963,9.188347718865598,12.34186189889026
2020-06-13,32.16379310344828,19.65075944170772,13.934831691297209,7.688731527093596,9.186268472906404,12.337130541871922
2020-06-14,32.16379310344828,19.65075944170772,13.934831691297209,7.688731527093596,9.186268472906404,12.337130541871922
2020-06-15,32.16379310344828,19.64090722495895,13.94406814449918,7.69057881773399,9.183805418719212,12.338977832512315
2020-06-16,32.16379310344828,19.64090722495895,13.94406814449918,7.69057881773399,9.183805418719212,12.338977832512315
2020-06-17,32.16379310344828,19.64090722495895,13.94406814449918,7.69057881773399,9.183805418719212,12.338977832512315
2020-06-18,32.17343173431734,19.636428864288643,13.949671996719967,7.6866543665436655,9.181119311193111,12.335485854858549
2020-06-19,32.17343173431734,19.636428864288643,13.949671996719967,7.6866543665436655,9.181119311193111,12.335485854858549
2020-06-20,32.18120393120393,19.630118755118758,13.95403357903358,7.68458230958231,9.179668304668304,12.332002457002456
2020-06-21,32.17466174661747,19.62566625666257,13.95889708897089,7.687884378843789,9.17988929889299,12.335793357933579
2020-06-22,32.17997542997543,19.61998361998362,13.96447583947584,7.6858108108108105,9.179054054054054,12.332923832923832
2020-06-23,32.172816728167284,19.615826158261584,13.969352193521935,7.689114391143911,9.178044280442805,12.338253382533825
2020-06-24,32.164408866995075,19.61042692939245,13.973009031198687,7.69365763546798,9.179495073891626,12.342364532019705
2020-06-25,32.17035670356704,19.6059860598606,13.980422304223042,7.690344403444034,9.176814268142682,12.339483394833948
2020-06-26,32.17158671586716,19.596145961459616,13.99149241492415,7.6915744157441575,9.173124231242312,12.340713407134071
2020-06-27,32.17813267813268,19.590499590499594,13.995802620802621,7.689496314496314,9.171683046683047,12.337837837837839
2020-06-28,32.17466174661747,19.588150881508817,14.000717507175073,7.6915744157441575,9.170664206642066,12.338868388683887
2020-06-29,32.17466174661747,19.588150881508817,14.000717507175073,7.6915744157441575,9.170664206642066,12.338868388683887
2020-06-30,32.172816728167284,19.579540795407954,14.009327593275934,7.694034440344404,9.168204182041821,12.340713407134071
2020-07-01,32.172816728167284,19.579540795407954,14.009327593275934,7.694034440344404,9.168204182041821,12.340713407134071
2020-07-02,32.172816728167284,19.56908569085691,14.021627716277164,7.694649446494465,9.166974169741698,12.34009840098401
2020-07-03,32.16564039408867,19.5636288998358,14.026580459770116,7.697967980295567,9.167179802955665,12.344211822660098
2020-07-04,32.17220172201722,19.558015580155804,14.03208282082821,7.695264452644526,9.165744157441575,12.341328413284133
2020-07-05,32.17179802955665,19.554392446633827,14.037664203612481,7.696736453201971,9.164716748768473,12.341133004926109
2020-07-06,32.16584463625154,19.55014385532265,14.04264282778463,7.700061652281135,9.164919852034526,12.344019728729963
2020-07-07,32.17056650246305,19.544540229885058,14.046284893267652,7.699199507389163,9.163485221674877,12.342364532019705
2020-07-08,32.17056650246305,19.544540229885058,14.046284893267652,7.699199507389163,9.163485221674877,12.342364532019705
2020-07-09,32.17056650246305,19.544540229885058,14.046284893267652,7.699199507389163,9.163485221674877,12.342364532019705
2020-07-10,32.17426108374384,19.532224958949097,14.059831691297209,7.699199507389163,9.161022167487685,12.341133004926109
2020-07-11,32.18142681426814,19.525420254202544,14.06467814678147,7.697109471094711,9.158364083640837,12.338253382533825
2020-07-12,32.18819188191882,19.51558015580156,14.07328823288233,7.697109471094711,9.157134071340714,12.335793357933579
2020-07-13,32.18472906403941,19.508825944170773,14.079536124794746,7.698583743842365,9.156711822660098,12.338669950738916
2020-07-14,32.185960591133004,19.49712643678161,14.08754105090312,7.701046798029557,9.154864532019705,12.339901477832512
2020-07-15,32.185960591133004,19.49712643678161,14.08754105090312,7.701046798029557,9.154864532019705,12.339901477832512
2020-07-16,32.18002466091245,19.491574188244968,14.091348129880807,7.704377311960543,9.15628853267571,12.341553637484587
2020-07-17,32.17777777777778,19.486008230452676,14.097633744855967,7.707716049382716,9.155246913580246,12.341975308641976
2020-07-18,32.18495684340321,19.480476777640774,14.101829017673655,7.705610357583231,9.153822441430332,12.338471023427866
2020-07-19,32.18395061728395,19.4761316872428,14.106893004115227,7.707716049382716,9.152777777777779,12.33827160493827
2020-07-20,32.18395061728395,19.4761316872428,14.106893004115227,7.707716049382716,9.152777777777779,12.33827160493827
2020-07-21,32.18518518518518,19.466255144032925,14.114300411522635,7.710802469135802,9.150925925925925,12.337037037037037
2020-07-22,32.192355117139336,19.46136457048911,14.121557747636663,7.708076448828606,9.14889025893958,12.332922318125771
2020-07-23,32.19827586206897,19.454638752052546,14.128797208538588,7.704741379310345,9.146243842364532,12.33128078817734
2020-07-24,32.19482120838471,19.44903411426223,14.135121249486232,7.709309494451294,9.145191122071516,12.331689272503082
2020-07-25,32.20197044334975,19.442323481116585,14.139880952380953,7.707204433497537,9.14378078817734,12.327586206896552
2020-07-26,32.20787207872079,19.436859368593687,14.144628946289464,7.70510455104551,9.142373923739237,12.325953259532595
2020-07-27,32.214637146371466,19.427019270192705,14.154469044690448,7.70510455104551,9.136838868388685,12.32349323493235
2020-07-28,32.21525215252152,19.415949159491596,14.161849118491185,7.7075645756457565,9.135608856088561,12.324723247232471
2020-07-29,32.21525215252152,19.415949159491596,14.161849118491185,7.7075645756457565,9.135608856088561,12.324723247232471
2020-07-30,32.21525215252152,19.415949159491596,14.161849118491185,7.7075645756457565,9.135608856088561,12.324723247232471
2020-07-31,32.218942189421895,19.403649036490368,14.176609266092662,7.7075645756457565,9.134378843788438,12.321033210332104
2020-08-01,32.22604422604422,19.39701064701065,14.181306306306308,7.705466830466831,9.132985257985258,12.315724815724815
2020-08-02,32.231572481572485,19.38902538902539,14.188677313677314,7.704238329238329,9.131142506142506,12.312653562653562
2020-08-03,32.231572481572485,19.38902538902539,14.188677313677314,7.704238329238329,9.131142506142506,12.312653562653562
2020-08-04,32.23433660933661,19.37858312858313,14.196048321048321,7.704238329238329,9.129299754299755,12.31418918918919
2020-08-05,32.228474784747846,19.37289872898729,14.202439524395245,7.7075645756457565,9.128228782287822,12.315805658056581
2020-08-06,32.23093480934809,19.360598605986063,14.21227962279623,7.70879458794588,9.125768757687577,12.317035670356704
2020-08-07,32.22752463054187,19.354885057471265,14.217467159277504,7.713362068965517,9.124692118226601,12.317426108374384
2020-08-08,32.234624846248465,19.34829848298483,14.222119721197213,7.711254612546125,9.123308733087331,12.312115621156211
2020-08-09,32.24138991389914,19.33907339073391,14.231344813448136,7.710639606396064,9.120848708487085,12.310270602706026
2020-08-10,32.24138991389914,19.33907339073391,14.231344813448136,7.710639606396064,9.120848708487085,12.310270602706026
2020-08-11,32.243234932349324,19.329233292332926,14.238724887248873,7.711254612546125,9.1190036900369,12.31150061500615
2020-08-12,32.247850122850124,19.32760032760033,14.239660114660115,7.710380835380835,9.118857493857494,12.309889434889435
2020-08-13,32.2420049200492,19.32308323083231,14.243644936449366,7.712484624846248,9.120233702337023,12.312730627306273
2020-08-14,32.23737684729064,19.317323481116585,14.248871100164205,7.715825123152709,9.120381773399014,12.314347290640393
2020-08-15,32.2420049200492,19.313243132431325,14.255945059450596,7.713714637146372,9.116543665436655,12.310270602706026
2020-08-16,32.244157441574416,19.307093070930712,14.262710127101272,7.713407134071341,9.114083640836409,12.309963099630997
2020-08-17,32.244157441574416,19.307093070930712,14.262710127101272,7.713407134071341,9.114083640836409,12.309963099630997
2020-08-18,32.245387453874535,19.299712997129973,14.27009020090201,7.713407134071341,9.111623616236162,12.312423124231243
2020-08-19,32.245387453874535,19.299712997129973,14.27009020090201,7.713407134071341,9.111623616236162,12.312423124231243
2020-08-20,32.2512285012285,19.2956592956593,14.2734438984439,7.711302211302211,9.110257985257986,12.309582309582309
2020-08-21,32.24784747847478,19.289872898728987,14.27870028700287,7.714637146371464,9.109163591635916,12.31119311193112
2020-08-22,32.252457002457,19.285831285831286,14.28450040950041,7.711302211302211,9.106572481572481,12.307125307125308
2020-08-23,32.25705521472393,19.283026584867077,14.286605316973416,7.710429447852761,9.10521472392638,12.304294478527607
2020-08-24,32.25675675675676,19.27846027846028,14.290642915642916,7.711916461916462,9.10411547911548,12.305282555282556
2020-08-25,32.257371007371006,19.271089271089274,14.296785421785422,7.712530712530713,9.10411547911548,12.306511056511056
2020-08-26,32.257371007371006,19.271089271089274,14.296785421785422,7.712530712530713,9.10411547911548,12.306511056511056
2020-08-27,32.26441717791411,19.26830265848671,14.302556237218814,7.7098159509202455,9.101533742331288,12.302453987730061
2020-08-28,32.26687116564417,19.258486707566465,14.31237218813906,7.7098159509202455,9.100306748466258,12.3
2020-08-29,32.271446078431374,19.25449346405229,14.31811683006536,7.706495098039215,9.097732843137255,12.295955882352942
2020-08-30,32.276348039215684,19.247140522875817,14.327920751633988,7.705882352941177,9.09405637254902,12.293504901960784
2020-08-31,32.276348039215684,19.247140522875817,14.327920751633988,7.705882352941177,9.09405637254902,12.293504901960784
2020-09-01,32.27818627450981,19.239787581699346,14.337111928104576,7.704656862745098,9.090992647058824,12.293504901960784
2020-09-02,32.27361963190184,19.237627811860943,14.342433537832312,7.705521472392638,9.092331288343559,12.291411042944786
2020-09-03,32.27484662576687,19.229345603271984,14.352249488752557,7.704907975460123,9.090490797546012,12.289877300613497
2020-09-04,32.27272727272727,19.22594185094185,14.35391072891073,7.707002457002457,9.090601965601966,12.289004914004915
2020-09-05,32.277300613496934,19.221983640081802,14.35838445807771,7.703680981595092,9.090490797546012,12.284969325153375
2020-09-06,32.28098159509202,19.215848670756646,14.366973415132925,7.7024539877300615,9.086196319018406,12.283742331288343
2020-09-07,32.27764127764128,19.214885339885342,14.368652743652744,7.704545454545454,9.087530712530713,12.282862407862408
2020-09-08,32.28098159509202,19.210940695296525,14.373108384458078,7.703067484662577,9.086196319018406,12.281288343558282
2020-09-09,32.278869778869776,19.207514332514332,14.376023751023752,7.703931203931204,9.087530712530713,12.280405405405405
2020-09-10,32.278869778869776,19.207514332514332,14.376023751023752,7.703931203931204,9.087530712530713,12.280405405405405
2020-09-11,32.276752767527675,19.20407954079541,14.377716277162772,7.7060270602706025,9.087638376383763,12.280750307503075
2020-09-12,32.28132678132678,19.200143325143326,14.382166257166258,7.702702702702703,9.087530712530713,12.276719901719902
2020-09-13,32.28588957055215,19.197443762781187,14.386605316973416,7.700613496932515,9.086196319018406,12.273926380368097
2020-09-14,32.28624078624079,19.196457821457823,14.388923013923014,7.702702702702703,9.083845208845208,12.273034398034397
2020-09-15,32.285626535626534,19.191543816543817,14.39383701883702,7.702702702702703,9.083230958230958,12.27487714987715
2020-09-16,32.285626535626534,19.191543816543817,14.39383701883702,7.702702702702703,9.083230958230958,12.27487714987715
2020-09-17,32.29079754601227,19.188241308793458,14.400102249488754,7.699386503067485,9.081288343558283,12.272085889570553
2020-09-18,32.28992628992629,19.184787059787062,14.401822276822278,7.701474201474201,9.082616707616708,12.271191646191646
2020-09-19,32.29447852760736,19.17965235173824,14.408691206543969,7.698159509202454,9.081288343558283,12.267791411042944
2020-09-20,32.29484029484029,19.178644553644556,14.411036036036037,7.698402948402949,9.081388206388207,12.266891891891891
2020-09-21,32.29484029484029,19.178644553644556,14.411036036036037,7.698402948402949,9.081388206388207,12.266891891891891
2020-09-22,32.296068796068795,19.172809172809174,14.417792792792794,7.697481572481572,9.08046683046683,12.267506142506143
2020-09-23,32.2939729397294,19.170561705617057,14.419536695366954,7.698339483394834,9.083025830258302,12.265375153751538
2020-09-24,32.289408866995075,19.167077175697866,14.422516420361248,7.699199507389163,9.085591133004925,12.26570197044335
2020-09-25,32.287299630086316,19.16358405260995,14.424270448006578,7.700061652281135,9.086929716399506,12.266029593094945
2020-09-26,32.29064039408867,19.158456486042695,14.432368637110017,7.697967980295567,9.085591133004925,12.262007389162562
2020-09-27,32.29618226600985,19.154146141215108,14.4379105090312,7.696120689655173,9.083743842364532,12.260160098522167
2020-09-28,32.29618226600985,19.154146141215108,14.4379105090312,7.696120689655173,9.083743842364532,12.260160098522167
2020-09-29,32.297413793103445,19.14737274220033,14.44406814449918,7.6955049261083746,9.080665024630543,12.262007389162562
2020-09-30,32.297413793103445,19.14737274220033,14.44406814449918,7.6955049261083746,9.080665024630543,12.262007389162562
2020-10-01,32.300738007380076,19.142271422714227,14.452132021320214,7.693419434194342,9.079335793357934,12.259225092250922
2020-10-02,32.29987684729064,19.138752052545158,14.453920361247949,7.6942733990147785,9.079433497536947,12.260775862068966
2020-10-03,32.30442804428044,19.13366133661337,14.460742107421074,7.692189421894219,9.076875768757688,12.256765067650676
2020-10-04,32.30873308733087,19.12935629356294,14.46689216892169,7.690959409594096,9.076260762607626,12.25369003690037
2020-10-05,32.30873308733087,19.12935629356294,14.46689216892169,7.690959409594096,9.076260762607626,12.25369003690037
2020-10-06,32.31150061500615,19.120131201312013,14.47488724887249,7.689114391143911,9.07380073800738,12.254612546125461
2020-10-07,32.30818965517241,19.117816091954026,14.477935139573072,7.689963054187192,9.073891625615763,12.25615763546798
2020-10-08,32.30733662145499,19.11487875051377,14.479757501027539,7.690813810110974,9.075215782983971,12.255240443896424
2020-10-09,32.31226880394575,19.107480476777642,14.488388820386355,7.689580764488286,9.072749691738593,12.252774352651048
2020-10-10,32.31681034482759,19.102422003284072,14.495176518883417,7.686268472906404,9.071428571428571,12.248768472906404
2020-10-11,32.32050492610838,19.099343185550083,14.502565681444992,7.682573891625616,9.068965517241379,12.243226600985222
2020-10-12,32.32050492610838,19.099343185550083,14.502565681444992,7.682573891625616,9.068965517241379,12.243226600985222
2020-10-13,32.32358374384236,19.09103037766831,14.510262725779969,7.6801108374384235,9.067118226600986,12.24384236453202
2020-10-14,32.32358374384236,19.09103037766831,14.510262725779969,7.6801108374384235,9.067118226600986,12.24384236453202
2020-10-15,32.32687576875769,19.085998359983602,14.517015170151701,7.678044280442805,9.064575645756458,12.24231242312423
2020-10-16,32.32604679802956,19.082409688013136,14.520114942528737,7.6801108374384235,9.064655172413794,12.241379310344827
2020-10-17,32.329950799508,19.078003280032803,14.526240262402625,7.678044280442805,9.062730627306273,12.238007380073801
2020-10-18,32.330357142857146,19.077483579638752,14.528119868637111,7.677647783251231,9.061576354679802,12.236453201970443
2020-10-19,32.32829839704069,19.07511302918208,14.530004110152076,7.677250308261406,9.061652281134402,12.240443896424168
2020-10-20,32.330764488286064,19.068331278257297,14.536169338265516,7.679099876695438,9.061652281134402,12.23612823674476
2020-10-21,32.330764488286064,19.068331278257297,14.536169338265516,7.679099876695438,9.061652281134402,12.23612823674476
2020-10-22,32.330764488286064,19.068331278257297,14.536169338265516,7.679099876695438,9.061652281134402,12.23612823674476
2020-10-23,32.33662145499383,19.060933004521168,14.546033703247021,7.6784833538840935,9.05980271270037,12.230579531442663
2020-10-24,32.34051724137931,19.055931855500823,14.552134646962234,7.676416256157635,9.057881773399014,12.22783251231527
2020-10-25,32.34278668310728,19.05538429921907,14.554048499794494,7.676017262638718,9.05672009864365,12.224414303329223
2020-10-26,32.34278668310728,19.05538429921907,14.554048499794494,7.676017262638718,9.05672009864365,12.224414303329223
2020-10-27,32.34463625154131,19.0473695026716,14.559597205096589,7.6741676942046855,9.054870530209618,12.2268803945746
2020-10-28,32.34463625154131,19.0473695026716,14.559597205096589,7.6741676942046855,9.054870530209618,12.2268803945746
2020-10-29,32.343827160493824,19.044958847736627,14.560288065843622,7.675,9.056172839506173,12.225925925925926
2020-10-30,32.343016069221264,19.040070045323446,14.562216728471364,7.678306551297899,9.056242274412856,12.224969097651421
2020-10-31,32.346296296296295,19.036316872427985,14.56769547325103,7.6762345679012345,9.054938271604938,12.222222222222221
2020-11-01,32.34956843403206,19.031339909576655,14.573160706946158,7.675400739827373,9.053637484586929,12.219482120838471
2020-11-02,32.34917695473251,19.030349794238685,14.575308641975308,7.675617283950618,9.053086419753086,12.218724279835392
2020-11-03,32.35182901767366,19.02599671187834,14.579531442663379,7.6741676942046855,9.052404438964242,12.217221537196878
2020-11-04,32.35182901767366,19.02599671187834,14.579531442663379,7.6741676942046855,9.052404438964242,12.217221537196878
2020-11-05,32.3522633744856,19.023559670781893,14.582716049382716,7.675,9.052469135802468,12.213786008230453
2020-11-06,32.35269880510919,19.01988051091883,14.585908529048208,7.677070457354759,9.052533992583436,12.212814173877216
2020-11-07,32.35720164609054,19.01491769547325,14.590123456790124,7.675,9.051234567901234,12.21008230452675
2020-11-08,32.363991769547326,19.01059670781893,14.596296296296297,7.675,9.048765432098765,12.202674897119342
2020-11-09,32.36893004115227,19.00442386831276,14.602469135802469,7.673765432098765,9.046296296296296,12.200205761316873
2020-11-10,32.371557747636665,19.00010275380189,14.606041923551171,7.672934648581998,9.04438964241677,12.199958898479245
2020-11-11,32.371557747636665,19.00010275380189,14.606041923551171,7.672934648581998,9.04438964241677,12.199958898479245
2020-11-12,32.376026272578,18.995176518883415,14.61268472906404,7.670874384236453,9.041871921182265,12.197249589490971
2020-11-13,32.38095238095239,18.989018883415437,14.622536945812808,7.669642857142857,9.039408866995075,12.19109195402299
2020-11-14,32.38540385403854,18.984112341123414,14.627921279212792,7.666359163591636,9.038130381303812,12.18839688396884
2020-11-15,32.38861588861589,18.979217854217854,14.633292383292384,7.66554054054054,9.036855036855037,12.184479934479937
2020-11-16,32.391553915539156,18.97919229192292,14.63530135301353,7.665129151291513,9.03628536285363,12.181016810168103
2020-11-17,32.394628946289465,18.972427224272245,14.640836408364084,7.666359163591636,9.034440344403444,12.182246822468226
2020-11-18,32.40077900779008,18.967507175071752,14.646986469864698,7.666359163591636,9.033210332103321,12.176711767117673
2020-11-19,32.40004105090312,18.965004105090312,14.649014778325123,7.668411330049261,9.033251231527094,12.175697865353039
2020-11-20,32.39930127414715,18.96126181668722,14.651048088779286,7.670468557336622,9.033292231812577,12.17591450883683
2020-11-21,32.40373563218391,18.957614942528735,14.6564039408867,7.668411330049261,9.030788177339902,12.17200328407225
2020-11-22,32.41112479474549,18.95392036124795,14.66256157635468,7.667179802955665,9.026477832512315,12.165845648604272
2020-11-23,32.41112479474549,18.95392036124795,14.66256157635468,7.667179802955665,9.026477832512315,12.165845648604272
2020-11-24,32.41358784893268,18.94714696223317,14.668103448275861,7.667179802955665,9.022783251231527,12.167077175697868
2020-11-25,32.41358784893268,18.94714696223317,14.668103448275861,7.667179802955665,9.022783251231527,12.167077175697868
2020-11-26,32.41676916769168,18.94229192291923,14.675891758917588,7.666359163591636,9.02029520295203,12.165641656416566
2020-11-27,32.42045920459205,18.936141861418616,14.68450184501845,7.665129151291513,9.017835178351783,12.16318163181632
2020-11-28,32.42608517608518,18.931306306306308,14.692260442260443,7.663083538083538,9.016584766584767,12.156838656838659
2020-11-29,32.43099918099919,18.927006552006553,14.69963144963145,7.663083538083538,9.012899262899262,12.150696150696152
2020-11-30,32.43476482617587,18.92280163599182,14.703067484662578,7.662883435582822,9.010429447852761,12.149284253578733
2020-12-01,32.43376330876331,18.920249795249795,14.705773955773957,7.663697788697789,9.00982800982801,12.150389025389027
2020-12-02,32.43376330876331,18.920249795249795,14.705773955773957,7.663697788697789,9.00982800982801,12.150389025389027
2020-12-03,32.43990581490582,18.91287878787879,14.714373464373464,7.662469287469287,9.007371007371008,12.145475020475022
2020-12-04,32.43921689216892,18.90908159081591,14.716482164821649,7.664514145141451,9.007380073800737,12.145653956539567
2020-12-05,32.443591318591324,18.90427927927928,14.722972972972974,7.662469287469287,9.006142506142506,12.140561015561017
2020-12-06,32.44850532350533,18.898136773136773,14.73034398034398,7.662469287469287,9.002457002457003,12.136875511875513
2020-12-07,32.44850532350533,18.898136773136773,14.73034398034398,7.662469287469287,9.002457002457003,12.136875511875513
2020-12-08,32.45157657657658,18.891380016380015,14.735872235872236,7.6649262899262895,9.00061425061425,12.135647010647013
2020-12-09,32.45157657657658,18.891380016380015,14.735872235872236,7.6649262899262895,9.00061425061425,12.135647010647013
2020-12-10,32.45464782964783,18.88400900900901,14.745700245700245,7.66431203931204,8.998771498771498,12.13257575757576
2020-12-11,32.45520705207053,18.878946289462895,14.747847478474785,7.666359163591636,8.998769987699877,12.132738827388275
2020-12-12,32.460790335790335,18.874180999181,14.754299754299755,7.663083538083538,8.997542997542997,12.127661752661755
2020-12-13,32.466932841932845,18.870495495495497,14.761670761670763,7.661855036855036,8.992628992628992,12.122747747747749
2020-12-14,32.465047150471506,18.866646166461667,14.765067650676507,7.66389913899139,8.992619926199263,12.125358753587538
2020-12-15,32.469389844389845,18.86435298935299,14.767813267813267,7.663083538083538,8.99078624078624,12.122747747747749
2020-12-16,32.47494887525563,18.86145194274029,14.773006134969325,7.662269938650307,8.988343558282208,12.118916155419225
2020-12-17,32.47494887525563,18.86145194274029,14.773006134969325,7.662269938650307,8.988343558282208,12.118916155419225
2020-12-18,32.47430384930385,18.856367731367733,14.776412776412776,7.66431203931204,8.987100737100738,12.120290745290747
2020-12-19,32.478629856850716,18.85286298568507,14.78159509202454,7.662269938650307,8.985889570552148,12.116462167689162
2020-12-20,32.48167485667486,18.850225225225227,14.785012285012286,7.661855036855036,8.984643734643734,12.11353398853399
2020-12-21,32.48167485667486,18.850225225225227,14.785012285012286,7.661855036855036,8.984643734643734,12.11353398853399
2020-12-22,32.48167485667486,18.84408271908272,14.789312039312039,7.66431203931204,8.981572481572481,12.115990990990992
2020-12-23,32.479807298072984,18.84020090200902,14.791512915129152,7.666359163591636,8.981549815498155,12.116133661336615
2020-12-24,32.47793513957308,18.835077996715928,14.79371921182266,7.668411330049261,8.981527093596059,12.117508210180626
2020-12-25,32.47482531853679,18.829942457870942,14.795930949445129,7.67170160295931,8.981504315659679,12.120119194410195
2020-12-26,32.47916666666667,18.82522577996716,14.79987684729064,7.669642857142857,8.981527093596059,12.11627668308703
2020-12-27,32.480990546650226,18.823160706946158,14.803329223181258,7.669852034525277,8.979038224414303,12.115803534730787
2020-12-28,32.480990546650226,18.823160706946158,14.803329223181258,7.669852034525277,8.979038224414303,12.115803534730787
2020-12-29,32.476646090534985,18.818004115226337,14.806790123456791,7.671913580246914,8.979012345679012,12.120884773662553
2020-12-30,32.47476308199423,18.814070869386075,14.80902348578492,7.67274412855377,8.978986402966626,12.124742480428514
2020-12-31,32.474113036303635,18.81012788778878,14.810024752475247,7.674814356435643,8.98019801980198,12.12489686468647
2021-01-01,32.470983064849236,18.80369681949608,14.813506815365551,7.67812887236679,8.980173482032217,12.127529946303182
2021-01-02,32.470983064849236,18.80369681949608,14.813506815365551,7.67812887236679,8.980173482032217,12.127529946303182
2021-01-03,32.470983064849236,18.80369681949608,14.813506815365551,7.67812887236679,8.980173482032217,12.127529946303182
2021-01-04,32.47717885171417,18.797501032631146,14.82094175960347,7.676889714993804,8.975836431226766,12.12505163155721
2021-01-05,32.47841800908716,18.78882693102024,14.828376703841387,7.6775092936802976,8.973977695167287,12.127529946303182
2021-01-06,32.47466914805625,18.784222497932177,14.831885856079404,7.678349875930521,8.97332506203474,12.130789909015718
2021-01-07,32.47466914805625,18.771815550041357,14.84181141439206,7.680831265508685,8.972084367245657,12.129549214226635
2021-01-08,32.47153209109731,18.76656314699793,14.845341614906832,7.68416149068323,8.97080745341615,12.132194616977227
2021-01-09,32.47590984284533,18.76064929693962,14.851736972704714,7.683312655086849,8.969602977667494,12.12706782464847
2021-01-10,32.47590984284533,18.76064929693962,14.851736972704714,7.683312655086849,8.969602977667494,12.12706782464847
2021-01-11,32.47494824016564,18.756935817805385,14.854658385093167,7.685093167701863,8.968012422360248,12.129089026915116
2021-01-12,32.47932175351531,18.752274607113318,14.858560794044665,7.684863523573201,8.96681141439206,12.126447477253931
2021-01-13,32.47932175351531,18.752274607113318,14.858560794044665,7.684863523573201,8.96681141439206,12.126447477253931
2021-01-14,32.47932175351531,18.752274607113318,14.858560794044665,7.684863523573201,8.96681141439206,12.126447477253931
2021-01-15,32.481803143093465,18.742349048800662,14.869727047146402,7.684863523573201,8.965570719602978,12.123966087675766
2021-01-16,32.481803143093465,18.742349048800662,14.869727047146402,7.684863523573201,8.965570719602978,12.123966087675766
2021-01-17,32.48616274266832,18.737711689384554,14.87360594795539,7.684014869888476,8.964374225526642,12.12133415943825
2021-01-18,32.490499793473774,18.730276745146636,14.883106154481618,7.685047501032632,8.960656753407683,12.117203634861628
2021-01-19,32.48738626964434,18.724979321753516,14.886683209263854,7.6871381306865185,8.96060794044665,12.121071133167906
2021-01-20,32.48550724637681,18.720910973084887,14.88902691511387,7.690476190476192,8.96055900621118,12.121221532091095
2021-01-21,32.48738626964434,18.716294458229942,14.89660876757651,7.689619520264682,8.956885856079404,12.118589743589743
2021-01-22,32.48550724637681,18.712215320910975,14.900207039337474,7.691718426501036,8.955590062111801,12.119979296066251
2021-01-23,32.48550724637681,18.712215320910975,14.900207039337474,7.691718426501036,8.955590062111801,12.119979296066251
2021-01-24,32.48862696443342,18.70760959470637,14.906534325889163,7.690860215053764,8.954404466501241,12.116108354011578
2021-01-25,32.48985507246377,18.704761904761906,14.910766045548653,7.692339544513458,8.951242236024845,12.115010351966871
2021-01-26,32.48985507246377,18.69792960662526,14.916356107660455,7.69544513457557,8.948136645962732,12.115631469979295
2021-01-27,32.48985507246377,18.69792960662526,14.916356107660455,7.69544513457557,8.948136645962732,12.115631469979295
2021-01-28,32.49233954451346,18.689855072463768,14.925051759834368,7.6957556935817815,8.945962732919254,12.113146997929604
2021-01-29,32.49046434494196,18.685737976782754,14.928689883913764,7.697864842454395,8.944651741293532,12.11453150912106
2021-01-30,32.49046434494196,18.685737976782754,14.928689883913764,7.697864842454395,8.944651741293532,12.11453150912106
2021-01-31,32.49482401656315,18.681159420289855,14.93374741200828,7.696997929606626,8.943478260869565,12.110662525879915
2021-02-01,32.4966832504146,18.678897180762853,14.938640132669983,7.697864842454395,8.940298507462687,12.108934494195687
2021-02-02,32.49761608623549,18.67143449419569,14.944859038142619,7.699108623548923,8.938743781094526,12.10955638474295
2021-02-03,32.49761608623549,18.67143449419569,14.944859038142619,7.699108623548923,8.938743781094526,12.10955638474295
2021-02-04,32.499482401656316,18.666873706004143,14.95238095238095,7.699482401656315,8.935093167701863,12.10693581780538
2021-02-05,32.49761608623549,18.66148424543947,14.954809286898838,7.702839966832505,8.935012437810945,12.10955638474295
2021-02-06,32.49761608623549,18.66148424543947,14.954809286898838,7.702839966832505,8.935012437810945,12.10955638474295
2021-02-07,32.50196687370601,18.658178053830227,14.95983436853002,7.701966873706005,8.932608695652174,12.105693581780537
2021-02-08,32.506314699792966,18.651966873706005,14.967287784679089,7.705072463768117,8.930124223602485,12.10134575569358
2021-02-09,32.50910973084886,18.64265010351967,14.976293995859212,7.705383022774328,8.927639751552794,12.09886128364389
2021-02-10,32.50910973084886,18.64265010351967,14.976293995859212,7.705383022774328,8.927639751552794,12.09886128364389
2021-02-11,32.508499170812605,18.638474295190715,14.979995854063018,7.70874792703151,8.927549751243781,12.097740464344941
2021-02-12,32.50664176006642,18.63428808634288,14.983706932337068,7.712121212121213,8.926214196762142,12.099107513491074
2021-02-13,32.50664176006642,18.63428808634288,14.983706932337068,7.712121212121213,8.926214196762142,12.099107513491074
2021-02-14,32.509742951907135,18.632255389718075,14.98745854063018,7.712479270315092,8.9238184079602,12.096496683250413
2021-02-15,32.51565091210614,18.627280265339966,14.994921227197345,7.71372305140962,8.92070895522388,12.090588723051408
2021-02-16,32.51813847429519,18.619817578772803,15.003627694859038,7.714966832504147,8.919465174129353,12.085613598673298
2021-02-17,32.51753839767539,18.614362806143628,15.008613532586134,7.71834786218348,8.91936488169365,12.083229555832293
2021-02-18,32.51813847429519,18.61111111111111,15.014821724709783,7.718698175787729,8.91573383084577,12.081882255389717
2021-02-19,32.516293067662936,18.605645496056457,15.019821502698214,7.720838522208386,8.915628891656288,12.081984225819841
2021-02-20,32.51813847429519,18.60240464344942,15.024771973466002,7.721185737976784,8.914490049751244,12.078150912106134
2021-02-21,32.52065172270652,18.598796180987964,15.029161477791614,7.722706517227066,8.913760896637609,12.07451224574512
2021-02-22,32.52065172270652,18.598796180987964,15.029161477791614,7.722706517227066,8.913760896637609,12.07451224574512
2021-02-23,32.522208385222086,18.591324200913242,15.036633457866333,7.724574512245746,8.913138231631383,12.071398920713987
2021-02-24,32.522208385222086,18.591324200913242,15.036633457866333,7.724574512245746,8.913138231631383,12.071398920713987
2021-02-25,32.52777777777778,18.586857379767828,15.042806799336649,7.723673300165839,8.910758706467663,12.068200663349916
2021-02-26,32.53026533996684,18.578150912106135,15.052757048092868,7.724917081260366,8.908271144278608,12.064469320066333
2021-02-27,32.532091097308495,18.574948240165632,15.056418219461698,7.7252587991718435,8.908385093167702,12.060662525879916
2021-02-28,32.532091097308495,18.574948240165632,15.056418219461698,7.7252587991718435,8.908385093167702,12.060662525879916
2021-03-01,32.53461857379768,18.571310116086238,15.06146351575456,7.7261608623548925,8.90702736318408,12.057006633499169
2021-03-02,32.53617330016584,18.563225538971807,15.070169983416251,7.729270315091211,8.90702736318408,12.053275290215588
2021-03-03,32.53559568285596,18.557700290577003,15.075238688252385,7.730178497301786,8.90815691158157,12.052096305520962
2021-03-04,32.53617330016584,18.554519071310118,15.081364013266997,7.729270315091211,8.905783582089553,12.050787728026533
2021-03-05,32.536841012868415,18.547737650477377,15.086446658364466,7.732669157326693,8.905666251556662,12.0483603154836
2021-03-06,32.536841012868415,18.547737650477377,15.086446658364466,7.732669157326693,8.905666251556662,12.0483603154836
2021-03-07,32.53933167289332,18.540265670402658,15.096409298464092,7.735159817351599,8.90442092154421,12.042133665421336
2021-03-08,32.53617330016584,18.538349917081263,15.09877694859038,7.738598673300166,8.904539800995025,12.041459369817577
2021-03-09,32.53559568285596,18.53279369032794,15.103881278538813,7.740763802407638,8.905666251556662,12.040265670402656
2021-03-10,32.53497301784974,18.522831050228312,15.112598588625985,7.742009132420092,8.906911581569116,12.037152345371522
2021-03-11,32.53501662510391,18.518495428096426,15.115856192851204,7.744804655029094,8.906795511221945,12.034081463009143
2021-03-12,32.535684560965464,18.51290054099043,15.120994590095712,7.746982937994175,8.906679151061173,12.031627132750726
2021-03-13,32.535684560965464,18.51290054099043,15.120994590095712,7.746982937994175,8.906679151061173,12.031627132750726
2021-03-14,32.533769742310895,18.509767248545305,15.125831255195344,7.747298420615129,8.905548628428928,12.03034081463009
2021-03-15,32.53314630091438,18.504779717373236,15.134559434746466,7.751662510390691,8.901807980049876,12.02535328345802
2021-03-16,32.53256346233874,18.499167707032875,15.140969621306699,7.753849354972951,8.901685393258427,12.02288805659592
2021-03-17,32.52815876974231,18.49605153782211,15.148275145469658,7.754156275976726,8.900561097256858,12.02036575228595
2021-03-18,32.523765047737655,18.494188459941885,15.154317144043171,7.755707762557078,8.898194271481943,12.01909506019095
2021-03-19,32.52441812136326,18.488570241064007,15.159497090606816,7.756650041562761,8.896820448877806,12.019118869492933
2021-03-20,32.518161062681614,18.487339144873392,15.166770444167703,7.759443752594438,8.895703611457035,12.01722706517227
2021-03-21,32.518161062681614,18.487339144873392,15.166770444167703,7.759443752594438,8.895703611457035,12.01722706517227
2021-03-22,32.51254145936982,18.486733001658376,15.172781923714759,7.76285240464345,8.89334577114428,12.015961857379766
2021-03-23,32.513802407638025,18.482980489829806,15.17766708177667,7.764425072644252,8.891033623910337,12.01349107513491
2021-03-24,32.50664176006642,18.47675383976754,15.191054379410543,7.768472395184725,8.890099626400996,12.008509755085097
2021-03-25,32.50664176006642,18.47675383976754,15.191054379410543,7.768472395184725,8.890099626400996,12.008509755085097
2021-03-26,32.50166044001661,18.466791199667913,15.20475300954753,7.7722083852220845,8.886363636363637,12.008509755085097
2021-03-27,32.49233001658375,18.464966832504146,15.214448590381425,7.774979270315092,8.886504975124378,12.006011608623547
2021-03-28,32.496056454960566,18.460564549605646,15.219696969696969,7.776567040265671,8.882627646326277,12.00228310502283
2021-03-29,32.4879767827529,18.45874792703151,15.226886401326698,7.780265339966833,8.880907960199005,12.001036484245438
2021-03-30,32.48609381486094,18.45433789954338,15.232150269821503,7.782482357824824,8.879514321295144,12.001037775010376
2021-03-31,32.477376504773765,18.44686591946866,15.245848899958489,7.786218347862184,8.875778331257782,11.99854711498547
2021-04-01,32.468659194686595,18.43939393939394,15.25830220008302,7.7911996679119975,8.872042341220423,11.996056454960563
2021-04-02,32.46924355777224,18.43246051537822,15.263611803823773,7.793433083956775,8.871882793017456,11.994804655029093
2021-04-03,32.46924355777224,18.43246051537822,15.263611803823773,7.793433083956775,8.871882793017456,11.994804655029093
2021-04-04,32.461187214611876,18.429431299294315,15.27324616023246,7.794935657949357,8.872042341220423,11.992320464923203
2021-04-05,32.45807388958074,18.423827314238274,15.28445413034454,7.799294312992944,8.86519302615193,11.990452469904524
2021-04-06,32.456151288445554,18.419368246051537,15.289796342477139,7.801537822111389,8.86502493765586,11.99044056525353
2021-04-07,32.44866999168745,18.410640066500417,15.303512053200333,7.806213632585204,8.862531172069826,11.986388196176225
2021-04-08,32.44866999168745,18.410640066500417,15.303512053200333,7.806213632585204,8.862531172069826,11.986388196176225
2021-04-09,32.44798168955472,18.404910528506036,15.308884727424052,7.8097170203911785,8.86111111111111,11.98512276321265
2021-04-10,32.44798168955472,18.404910528506036,15.308884727424052,7.8097170203911785,8.86111111111111,11.98512276321265
2021-04-11,32.441188694929345,18.400665004156277,15.317227763923524,7.811201163757274,8.861284289276808,11.98389443059019
2021-04-12,32.437448046550294,18.393807148794682,15.328449709060681,7.816188694929344,8.855673316708229,11.981400665004156
2021-04-13,32.434248855597176,18.389305035372452,15.333853516437784,7.818456096545985,8.855493133583021,11.98137744486059
2021-04-14,32.427472984206155,18.38507896924356,15.34341230257689,7.819929343308396,8.854426433915211,11.980153782211138
2021-04-15,32.421238570241066,18.37510390689942,15.354634247714047,7.827410640066502,8.85068578553616,11.97890689941812
2021-04-16,32.41562759767249,18.366375727348295,15.366479634247714,7.83302161263508,8.847568578553616,11.978283458021611
2021-04-17,32.41562759767249,18.366375727348295,15.366479634247714,7.83302161263508,8.847568578553616,11.978283458021611
2021-04-18,32.41137401411374,18.362183478621837,15.374740556247405,7.83447488584475,8.846513075965131,11.97706517227065
2021-04-19,32.41137401411374,18.362183478621837,15.374740556247405,7.83447488584475,8.846513075965131,11.97706517227065
2021-04-20,32.40359070153591,18.35315483603155,15.39030718140307,7.839767538397676,8.841531755915318,11.976442507264423
2021-04-21,32.397364051473645,18.346305520963057,15.404628476546284,7.844126193441262,8.838418430884184,11.972706517227063
2021-04-22,32.397364051473645,18.346305520963057,15.404628476546284,7.844126193441262,8.838418430884184,11.972706517227063
2021-04-23,32.38491075134911,18.34007887090079,15.419572436695724,7.852843503528436,8.835927770859278,11.97146118721461
2021-04-24,32.37821310116087,18.333436981757878,15.435219734660032,7.854270315091211,8.833644278606965,11.969009121061358
2021-04-25,32.37821310116087,18.333436981757878,15.435219734660032,7.854270315091211,8.833644278606965,11.969009121061358
2021-04-26,32.36888474295191,18.325974295190715,15.450145107794361,7.860489220563848,8.830534825870647,11.967143449419567
2021-04-27,32.366853466168536,18.320153590701537,15.45568700705687,7.862806143628062,8.829078455790784,11.968347862183476
2021-04-28,32.35395936981758,18.31353648424544,15.471289386401326,7.867951907131013,8.826803482587065,11.967143449419567
2021-04-29,32.3519095060191,18.30894562058946,15.474366957243669,7.871523453715235,8.825342465753424,11.967102532171024
2021-04-30,32.34985453034082,18.30309642560266,15.479945968412302,7.875103906899419,8.823877805486283,11.967061512884454
2021-05-01,32.339456205894564,18.298982980489832,15.494292237442922,7.878995433789955,8.821606475716065,11.964611872146117
2021-05-02,32.34237323358271,18.29374480465503,15.500519534497089,7.880714879467997,8.818266832917706,11.961450540315875
2021-05-03,32.331984225819845,18.28964300539643,15.511104192611041,7.885844748858449,8.816002490660026,11.961498547114983
2021-05-04,32.32928096425603,18.28376974231089,15.516729010806317,7.887261014131339,8.815149625935161,11.963632585203657
2021-05-05,32.31766293067663,18.27843503528435,15.532274802822748,7.892382731423828,8.811643835616438,11.96118721461187
2021-05-06,32.30645496056455,18.26722706517227,15.54846409298464,7.898609381486095,8.807907845579079,11.96118721461187
2021-05-07,32.29649232046493,18.254773765047737,15.565898713158987,7.904836031548361,8.805417185554171,11.958696554586965
2021-05-08,32.28492951907131,18.251969320066337,15.578876451077942,7.909929519071311,8.803171641791044,11.956260364842453
2021-05-09,32.28492951907131,18.251969320066337,15.578876451077942,7.909929519071311,8.803171641791044,11.956260364842453
2021-05-10,32.277466832504146,18.243262852404644,15.5950456053068,7.918014096185739,8.799440298507463,11.951285240464344
2021-05-11,32.27283105022831,18.237339144873392,15.602013283520131,7.92164798671648,8.797945205479452,11.953715234537151
2021-05-12,32.26254145936982,18.233312603648425,15.616189883913764,7.925476782752903,8.794465174129353,11.951285240464344
2021-05-13,32.24761608623549,18.225849917081263,15.633602819237147,7.934183250414595,8.79073383084577,11.94879767827529
2021-05-14,32.24418845994189,18.219904524699047,15.639373183893731,7.937837276878374,8.790473225404732,11.948733914487338
2021-05-15,32.233934494195694,18.215899668325044,15.65101575456053,7.941645936981758,8.789490049751244,11.94755389718076
2021-05-16,32.22460613598673,18.208436981757878,15.668428689883912,7.948486733001659,8.783893034825871,11.945688225538971
2021-05-17,32.216563146997935,18.205072463768115,15.67815734989648,7.9532091097308495,8.781366459627328,11.944513457556935
2021-05-18,32.210613598673305,18.20035240464345,15.685219734660032,7.9568822553897185,8.781094527363184,11.945688225538971
2021-05-19,32.20258799171843,18.196997929606628,15.69679089026915,7.960041407867496,8.777950310559007,11.94327122153209
2021-05-20,32.20258799171843,18.196997929606628,15.69679089026915,7.960041407867496,8.777950310559007,11.94327122153209
2021-05-21,32.18768115942029,18.187060041407868,15.713561076604554,7.967494824016564,8.774844720496894,11.942028985507244
2021-05-22,32.18768115942029,18.187060041407868,15.713561076604554,7.967494824016564,8.774844720496894,11.942028985507244
2021-05-23,32.17752274607113,18.185587262200166,15.722601323407774,7.973738626964434,8.771401985111662,11.942100909842845
2021-05-24,32.17774327122154,18.18022774327122,15.729089026915114,7.977432712215322,8.768012422360249,11.939544513457555
2021-05-25,32.16532091097309,18.172774327122156,15.742753623188404,7.985507246376812,8.763664596273292,11.941407867494823
2021-05-26,32.15165631469979,18.162836438923396,15.760144927536231,7.99544513457557,8.759937888198758,11.937681159420288
2021-05-27,32.146869817578775,18.15806384742952,15.767309286898838,7.99917081260365,8.75839552238806,11.937603648424542
2021-05-28,32.13318822553897,18.149357379767828,15.783478441127695,8.00787728026534,8.754664179104477,11.936359867330015
2021-05-29,32.12432712215321,18.146687370600414,15.791200828157349,8.01407867494824,8.752484472049689,11.936438923395444
2021-05-30,32.12432712215321,18.146687370600414,15.791200828157349,8.01407867494824,8.752484472049689,11.936438923395444
2021-05-31,32.116252587991724,18.139233954451345,15.803623188405796,8.024016563146999,8.745652173913044,11.933954451345754
2021-06-01,32.11017827529022,18.135675787728026,15.810841625207296,8.02653399668325,8.745335820895523,11.935116086235487
2021-06-02,32.101345755693586,18.130538302277433,15.821014492753623,8.033954451345757,8.74192546583851,11.931469979296065
2021-06-03,32.096496683250415,18.126969320066337,15.828254560530679,8.03648424543947,8.74160447761194,11.930140961857377
2021-06-04,32.09163553341636,18.122146118721464,15.834267330842673,8.040265670402658,8.740037359900374,11.930053964300539
2021-06-05,32.08157131011609,18.11950663349917,15.84193615257048,8.046434494195688,8.737873134328359,11.928897180762851
2021-06-06,32.074016563147,18.118115942028986,15.848343685300206,8.051345755693582,8.73447204968944,11.928985507246376
2021-06-07,32.06407867494824,18.110351966873708,15.861387163561076,8.060351966873707,8.730434782608695,11.92774327122153
2021-06-08,32.06407867494824,18.110351966873708,15.861387163561076,8.060351966873707,8.730434782608695,11.92774327122153
2021-06-09,32.05351966873706,18.100414078674948,15.876293995859212,8.068426501035198,8.726086956521739,11.925879917184263
2021-06-10,32.049171842650104,18.09296066252588,15.889958592132505,8.074637681159421,8.720496894409937,11.920910973084885
2021-06-11,32.03674948240166,18.086749482401657,15.903623188405795,8.083333333333334,8.716770186335404,11.918426501035196
2021-06-12,32.03050041356493,18.08416046319272,15.908705541770058,8.08943341604632,8.713399503722083,11.917287014061205
2021-06-13,32.03050041356493,18.08416046319272,15.908705541770058,8.08943341604632,8.713399503722083,11.917287014061205
2021-06-14,32.02488641057415,18.082197439074765,15.913155720776539,8.09613795952086,8.71003717472119,11.916150351094588
2021-06-15,32.017473118279575,18.079818031430936,15.920492142266335,8.099979321753516,8.709677419354838,11.916046319272125
2021-06-16,32.01342420487402,18.076621230896325,15.927096241222635,8.105431639818258,8.707558859975217,11.912432878975629
2021-06-17,32.01342420487402,18.076621230896325,15.927096241222635,8.105431639818258,8.707558859975217,11.912432878975629
2021-06-18,32.007219471947195,18.075288778877887,15.932136963696369,8.110251650165017,8.705445544554456,11.910066006600658
2021-06-19,32.007219471947195,18.075288778877887,15.932136963696369,8.110251650165017,8.705445544554456,11.910066006600658
2021-06-20,32.00226617222909,18.072723526988053,15.937165224557065,8.116295838483726,8.702101359703338,11.908941079522043
2021-06-21,31.99763081994232,18.066234033786568,15.948908117016893,8.124948496085704,8.697156983930778,11.903069633292128
2021-06-22,31.9914397689769,18.06260313531353,15.956270627062706,8.127578382838285,8.696782178217822,11.902949669966995
2021-06-23,31.98215759075908,18.05641501650165,15.970503300330032,8.136241749174918,8.692450495049505,11.896761551155114
2021-06-24,31.977235269880513,18.052637000412034,15.976720230737536,8.13978162340338,8.689122373300371,11.89688916357643
2021-06-25,31.965492377420688,18.044602389781623,15.989699217140503,8.146580140090647,8.686650185414091,11.89441697569015
2021-06-26,31.965492377420688,18.044602389781623,15.989699217140503,8.146580140090647,8.686650185414091,11.89441697569015
2021-06-27,31.960548001648128,18.039658014009067,16.002060156571897,8.152760609806347,8.681705809641533,11.889472599917593
2021-06-28,31.957510288065848,18.037139917695473,16.00452674897119,8.158744855967079,8.680246913580246,11.888374485596707
2021-06-29,31.95127729707458,18.034713638236507,16.011948908117017,8.161413267408324,8.679851668726823,11.888236505974453
2021-06-30,31.948868312757206,18.029732510288067,16.01687242798354,8.166152263374487,8.677777777777777,11.884670781893002
2021-07-01,31.93899176954733,18.02232510288066,16.029218106995884,8.17232510288066,8.675308641975308,11.882201646090534
2021-07-02,31.927880658436216,18.016152263374487,16.04156378600823,8.177263374485598,8.671604938271605,11.880967078189299
2021-07-03,31.927880658436216,18.016152263374487,16.04156378600823,8.177263374485598,8.671604938271605,11.880967078189299
2021-07-04,31.92303740238389,18.01489930127415,16.043978627209206,8.181976983148378,8.669543773119605,11.878647759967118
2021-07-05,31.921090534979427,18.011213991769548,16.05329218106996,8.182818930041153,8.666666666666666,11.876646090534978
2021-07-06,31.909979423868315,18.00565843621399,16.06440329218107,8.190843621399178,8.664197530864197,11.875411522633744
2021-07-07,31.90762433210029,18.001952322235923,16.068023016851622,8.194307439375258,8.662145499383477,11.87309905466502
2021-07-08,31.90762433210029,18.001952322235923,16.068023016851622,8.194307439375258,8.662145499383477,11.87309905466502
2021-07-09,31.90257201646091,17.998251028806585,16.076748971193414,8.19701646090535,8.65925925925926,11.872942386831275
2021-07-10,31.89837648993013,17.995787094122484,16.079120427455816,8.201089190300042,8.658446362515413,11.871866009042334
2021-07-11,31.89763374485597,17.99207818930041,16.088477366255145,8.20195473251029,8.655555555555555,11.868621399176954
2021-07-12,31.892827784628036,17.990854911631732,16.089601315248665,8.207254418413482,8.653514180024661,11.867550349362926
2021-07-13,31.88652263374486,17.987139917695472,16.097119341563786,8.209979423868313,8.653086419753086,11.867386831275718
2021-07-14,31.87911522633745,17.9772633744856,16.10946502057613,8.216152263374486,8.65,11.864300411522633
2021-07-15,31.87463947259992,17.970436753193244,16.118871034198598,8.218891635764319,8.649567367119902,11.863514627111659
2021-07-16,31.864750721054804,17.960548001648124,16.131231973629994,8.224454058508448,8.646477132262051,11.86289658014009
2021-07-17,31.859979423868317,17.959362139917697,16.133539094650207,8.229115226337449,8.644444444444444,11.861831275720164
2021-07-18,31.859188298310674,17.94942315615987,16.14421096003296,8.231252575195716,8.642150803461064,11.86042439225381
2021-07-19,31.855658436213997,17.947633744855967,16.14650205761317,8.235905349794239,8.63888888888889,11.859979423868312
2021-07-20,31.851337448559672,17.93590534979424,16.158847736625514,8.243312757201647,8.635802469135802,11.858127572016459
2021-07-21,31.843930041152266,17.921090534979424,16.172427983539094,8.250720164609055,8.634567901234568,11.85565843621399
2021-07-22,31.840423345663794,17.91872174270448,16.175914508836826,8.255343197698316,8.631319358816276,11.853370324702013
2021-07-23,31.834258117550352,17.902692149609535,16.189478010686393,8.262741471434444,8.630086313193589,11.853370324702013
2021-07-24,31.828304597701152,17.901580459770116,16.191707717569784,8.26857553366174,8.62807881773399,11.852319376026271
2021-07-25,31.830558980682287,17.885429510891903,16.203041512535965,8.27137279079326,8.626387176325524,11.852137279079324
2021-07-26,31.824610016420365,17.884954844006568,16.204638752052546,8.277196223316913,8.623152709359607,11.852319376026271
2021-07-27,31.81968390804598,17.86525041050903,16.216954022988507,8.285816912972086,8.62192118226601,11.852319376026271
2021-07-28,31.813526272578,17.848624794745486,16.23080870279146,8.29382183908046,8.620689655172415,11.850779967159276
2021-07-29,31.813526272578,17.848624794745486,16.23080870279146,8.29382183908046,8.620689655172415,11.850779967159276
2021-07-30,31.806752873563223,17.829536124794746,16.24681855500821,8.300595238095239,8.61884236453202,11.852011494252872
2021-07-31,31.800840508405088,17.82851578515785,16.248974989749897,8.306375563755639,8.615621156211562,11.850963509635095
2021-08-01,31.803058292282433,17.8122947454844,16.260365353037766,8.310447454844008,8.613916256157635,11.850779967159276
2021-08-02,31.797765477654778,17.812525625256253,16.26250512505125,8.316215662156623,8.611931119311192,11.849733497334972
2021-08-03,31.787925379253796,17.79407544075441,16.27849528495285,8.326055760557606,8.609471094710948,11.850963509635095
2021-08-04,31.778357903357907,17.79432841932842,16.285524160524158,8.331797706797708,8.606265356265355,11.8499180999181
2021-08-05,31.769758394758398,17.779586404586404,16.29780917280917,8.339168714168714,8.605036855036856,11.8499180999181
2021-08-06,31.76947519475195,17.76086510865109,16.309245592455923,8.342045920459205,8.605781057810578,11.853423534235342
2021-08-07,31.762387387387392,17.76115888615889,16.311322686322686,8.346539721539722,8.603808353808354,11.8523751023751
2021-08-08,31.762387387387392,17.76115888615889,16.311322686322686,8.346539721539722,8.603808353808354,11.8523751023751
2021-08-09,31.755016380016382,17.74580262080262,16.3248361998362,8.355139230139232,8.60012285012285,11.85298935298935
2021-08-10,31.75287002870029,17.72980729807298,16.335690856908567,8.357421074210743,8.600861008610087,11.857421074210741
2021-08-11,31.742414924149244,17.713817138171382,16.351066010660105,8.36480114801148,8.600861008610087,11.85680606806068
2021-08-12,31.742414924149244,17.713817138171382,16.351066010660105,8.36480114801148,8.600861008610087,11.85680606806068
2021-08-13,31.735034850348505,17.697826978269784,16.365826158261584,8.369721197211973,8.599630996309964,11.859266092660926
2021-08-14,31.726760851760854,17.700655200655202,16.367833742833742,8.374180999181,8.597665847665848,11.858210483210481
2021-08-15,31.726760851760854,17.700655200655202,16.367833742833742,8.374180999181,8.597665847665848,11.858210483210481
2021-08-16,31.720004095004096,17.685913185913186,16.381347256347254,8.380937755937756,8.595823095823096,11.858210483210481
2021-08-17,31.718429684296847,17.669536695366954,16.391656416564164,8.382636326363265,8.597785977859779,11.86172611726117
2021-08-18,31.707719082719084,17.673628173628174,16.39486076986077,8.387080262080262,8.594594594594595,11.859438984438983
2021-08-19,31.698466257668713,17.67709611451943,16.396625766871164,8.391513292433538,8.592842535787321,11.858384458077708
2021-08-20,31.696867321867323,17.65950040950041,16.408169533169534,8.39445126945127,8.593570843570843,11.860667485667484
2021-08-21,31.684969325153375,17.66482617586912,16.408895705521473,8.400102249488754,8.591615541922291,11.860838445807769
2021-08-22,31.684969325153375,17.66482617586912,16.408895705521473,8.400102249488754,8.591615541922291,11.860838445807769
2021-08-23,31.675766871165646,17.654396728016362,16.421779141104295,8.406850715746423,8.589775051124745,11.860838445807769
2021-08-24,31.662269938650308,17.643353783231085,16.4340490797546,8.414212678936606,8.588548057259715,11.863292433537831
2021-08-25,31.661855036855037,17.626945126945127,16.44441031941032,8.417178542178544,8.58927108927109,11.864352989352987
2021-08-26,31.648341523341525,17.61588861588862,16.457923832923832,8.425778050778051,8.588042588042589,11.86680999180999
2021-08-27,31.63482800982801,17.602375102375103,16.473894348894348,8.430692055692056,8.585585585585585,11.870495495495494
2021-08-28,31.62484662576687,17.610224948875256,16.474539877300614,8.43476482617587,8.58241308793456,11.869120654396726
2021-08-29,31.62561425061425,17.593775593775593,16.486793611793612,8.436527436527438,8.582514332514332,11.869574119574118
2021-08-30,31.611349693251533,17.60286298568507,16.48680981595092,8.44274028629857,8.580572597137015,11.868507157464212
2021-08-31,31.596625766871167,17.591820040899798,16.500306748466258,8.450102249488753,8.579345603271983,11.870961145194272
2021-09-01,31.596625766871167,17.591820040899798,16.500306748466258,8.450102249488753,8.579345603271983,11.870961145194272
2021-09-02,31.583026960784313,17.600898692810457,16.501531862745097,8.454452614379086,8.576797385620916,11.870506535947712
2021-09-03,31.56954656862745,17.59232026143791,16.512561274509803,8.461805555555557,8.575571895424837,11.872957516339868
2021-09-04,31.555385556915546,17.60138718890249,16.511933904528764,8.467360261117912,8.573643410852714,11.873113015095878
2021-09-05,31.556066176470587,17.58374183006536,16.52420343137255,8.469771241830067,8.573733660130719,11.873570261437907
2021-09-06,31.542533659730722,17.59404324765402,16.522949816401468,8.474704202366382,8.571195430436557,11.872501019991839
2021-09-07,31.526621787025704,17.58669930640555,16.53518971848225,8.482660138718892,8.569971440228478,11.874949000407995
2021-09-08,31.51682986536108,17.581191350469197,16.54436964504284,8.486944104447165,8.56813545491636,11.876172990616073
2021-09-09,31.503973105134474,17.590260798696008,16.544926650366747,8.491238793806032,8.564995925020375,11.876324368378157
2021-09-10,31.49052567237164,17.580480847595762,16.55592909535452,8.498573757131215,8.562550937245314,11.878769356153217
2021-09-11,31.476495726495727,17.59076109076109,16.554029304029303,8.504070004070005,8.55942205942206,11.877696377696376
2021-09-12,31.475855745721272,17.57314588427058,16.566320293398533,8.507131214343929,8.559494702526488,11.878769356153217
2021-09-13,31.459352078239608,17.564588427057867,16.575488997555013,8.514466177669112,8.557660961695191,11.884270578647106
2021-09-14,31.44468215158924,17.55603096984515,16.587102689486553,8.521801140994295,8.55521597392013,11.889160554197227
2021-09-15,31.44468215158924,17.55603096984515,16.587102689486553,8.521801140994295,8.55521597392013,11.889160554197227
2021-09-16,31.43192918192918,17.566341066341067,16.586385836385837,8.524827024827026,8.552096052096053,11.888685388685387
2021-09-17,31.418498168498168,17.556573056573058,16.597374847374848,8.530932030932032,8.54965404965405,11.89234839234839
2021-09-18,31.40579268292683,17.566869918699187,16.59542682926829,8.535162601626016,8.546544715447155,11.891260162601624
2021-09-19,31.405067155067155,17.548636548636548,16.607753357753356,8.537647537647539,8.545991045991046,11.894790394790393
2021-09-20,31.387973137973137,17.543752543752543,16.617521367521366,8.546194546194547,8.542938542938543,11.898453398453396
2021-09-21,31.3765243902439,17.552845528455286,16.617987804878048,8.54918699186992,8.539837398373985,11.897357723577235
2021-09-22,31.3765243902439,17.552845528455286,16.617987804878048,8.54918699186992,8.539837398373985,11.897357723577235
2021-09-23,31.360670731707316,17.544308943089433,16.629268292682926,8.55650406504065,8.538008130081302,11.899186991869918
2021-09-24,31.346646341463416,17.535162601626016,16.640853658536585,8.564126016260163,8.534959349593496,11.900406504065039
2021-09-25,31.346646341463416,17.535162601626016,16.640853658536585,8.564126016260163,8.534959349593496,11.900406504065039
2021-09-26,31.344627594627596,17.518111518111517,16.653235653235654,8.566646316646317,8.535002035002035,11.9027269027269
2021-09-27,31.338936430317847,17.502852485737574,16.665036674816626,8.569784026079871,8.535656071719641,11.907497962510186
2021-09-28,31.338936430317847,17.502852485737574,16.665036674816626,8.569784026079871,8.535656071719641,11.907497962510186
2021-09-29,31.335679314565482,17.486332109343127,16.67564259485924,8.572929416564667,8.537535699714402,11.90860873113015
2021-09-30,31.335679314565482,17.486332109343127,16.67564259485924,8.572929416564667,8.537535699714402,11.90860873113015
2021-10-01,31.31731946144431,17.48266013871889,16.686658506731945,8.581497348021216,8.53263973888209,11.909832721338228
2021-10-02,31.304706601466993,17.49551752241239,16.685819070904646,8.585676446617768,8.528321108394458,11.907497962510186
2021-10-03,31.304706601466993,17.49551752241239,16.685819070904646,8.585676446617768,8.528321108394458,11.907497962510186
2021-10-04,31.292124542124544,17.508343508343508,16.684371184371184,8.591676841676842,8.523402523402524,11.905168905168903
2021-10-05,31.273809523809526,17.503154253154253,16.696581196581196,8.601139601139602,8.518518518518519,11.905168905168903
2021-10-06,31.269254278728607,17.487876935615322,16.70843520782396,8.604319478402608,8.51915240423798,11.907497962510186
2021-10-07,31.269254278728607,17.487876935615322,16.70843520782396,8.604319478402608,8.51915240423798,11.907497962510186
2021-10-08,31.26346389228886,17.471338229294165,16.72154222766218,8.608731130150959,8.518563851489189,11.911056711546307
2021-10-09,31.24969437652812,17.4829869600652,16.720660146699267,8.614710676446618,8.514262428687857,11.908720456397717
2021-10-10,31.24969437652812,17.4829869600652,16.720660146699267,8.614710676446618,8.514262428687857,11.908720456397717
2021-10-11,31.230745721271393,17.48054197229014,16.731968215158926,8.624796251018745,8.507844335778321,11.911776691116543
2021-10-12,31.211185819070906,17.475651996740016,16.7429706601467,8.634576202118991,8.50417685411573,11.911776691116543
2021-10-13,31.211185819070906,17.475651996740016,16.7429706601467,8.634576202118991,8.50417685411573,11.911776691116543
2021-10-14,31.189180929095354,17.471984515077427,16.753973105134474,8.644356153219235,8.499286878565607,11.914221678891604
2021-10-15,31.168398533007334,17.470762021189895,16.76619804400978,8.652913610431948,8.494396903015485,11.916666666666664
2021-10-16,31.153540903540904,17.483618233618234,16.765262515262517,8.65822140822141,8.488909238909239,11.915547415547413
2021-10-17,31.153540903540904,17.483618233618234,16.765262515262517,8.65822140822141,8.488909238909239,11.915547415547413
2021-10-18,31.134615384615383,17.483007733007735,16.776862026862027,8.66798941798942,8.482193732193732,11.918599918599917
2021-10-19,31.115079365079364,17.480565730565733,16.786630036630036,8.67775742775743,8.478530728530728,11.919820919820918
2021-10-20,31.096764346764346,17.47934472934473,16.796398046398046,8.686304436304438,8.474867724867725,11.920431420431418
2021-10-21,31.096764346764346,17.47934472934473,16.796398046398046,8.686304436304438,8.474867724867725,11.920431420431418
2021-10-22,31.090770171149146,17.466483292583536,16.808374083129586,8.689588427057865,8.474225753871231,11.92400162999185
2021-10-23,31.07783882783883,17.47690272690273,16.80799755799756,8.695461945461947,8.46937321937322,11.92287342287342
2021-10-24,31.07783882783883,17.47690272690273,16.80799755799756,8.695461945461947,8.46937321937322,11.92287342287342
2021-10-25,31.05952380952381,17.47812372812373,16.81898656898657,8.704008954008955,8.463268213268213,11.924094424094422
2021-10-26,31.03998778998779,17.473239723239725,16.831196581196583,8.714997964997966,8.45960520960521,11.926536426536424
2021-10-27,31.03270171149144,17.461593317033415,16.841992665036674,8.715872045639772,8.46138956805216,11.92889160554197
2021-10-28,31.021672771672772,17.472018722018724,16.840964590964592,8.721102971102972,8.455942205942206,11.926536426536424
2021-10-29,31.000915750915752,17.472018722018724,16.850732600732602,8.730870980870982,8.4498371998372,11.930199430199428
2021-10-30,30.98871951219512,17.482418699186994,16.85030487804878,8.73668699186992,8.445630081300813,11.929065040650405
2021-10-31,30.98871951219512,17.482418699186994,16.85030487804878,8.73668699186992,8.445630081300813,11.929065040650405
2021-11-01,30.982600732600734,17.470797720797723,16.863553113553113,8.737586487586489,8.444953194953195,11.93142043142043
2021-11-02,30.96123321123321,17.470797720797723,16.874542124542124,8.745217745217746,8.441290191290191,11.935388685388684
2021-11-03,30.952628361858192,17.460370823145887,16.885391198044008,8.744906275468624,8.444274653626731,11.938977180114097
2021-11-04,30.931845965770172,17.460370823145887,16.896393643031786,8.751018744906276,8.43938467807661,11.94264466177669
2021-11-05,30.911063569682153,17.460370823145887,16.90739608801956,8.760798696006521,8.433272208638957,11.94508964955175
2021-11-06,30.89957264957265,17.470797720797723,16.905677655677657,8.766585266585267,8.429080179080179,11.943325193325192
2021-11-07,30.892726161369193,17.460370823145887,16.9190097799511,8.765688671556642,8.427159739201304,11.948145884270577
2021-11-08,30.87011002444988,17.46220456397718,16.930012224938874,8.771189894050531,8.424103504482478,11.952424612876934
2021-11-09,30.85927960927961,17.471408221408222,16.92887667887668,8.777574277574278,8.41992266992267,11.948819698819698
2021-11-10,30.85927960927961,17.471408221408222,16.92887667887668,8.777574277574278,8.41992266992267,11.948819698819698
2021-11-11,30.85177261613692,17.46098207008965,16.93979217603912,8.777302363488184,8.420436022819887,11.953647106764464
2021-11-12,30.829767726161368,17.46464955175224,16.949572127139366,8.783414832925835,8.416768541157294,11.957314588427057
2021-11-13,30.818376068376068,17.474460724460727,16.947802197802197,8.78917378917379,8.413207163207163,11.955535205535204
2021-11-14,30.81265281173594,17.464038304808476,16.961185819070906,8.787693561532192,8.411267318663407,11.959148329258353
2021-11-15,30.800671550671552,17.475681725681728,16.958791208791208,8.792836792836793,8.407712657712658,11.958587708587707
2021-11-16,30.781135531135533,17.474460724460727,16.97100122100122,8.796499796499797,8.404049654049654,11.962250712250711
2021-11-17,30.7710880195599,17.46770578647107,16.981968215158926,8.795028524857376,8.404543602281988,11.9670945395273
2021-11-18,30.751528117359413,17.47015077424613,16.991748166259168,8.802363488182559,8.400264873675631,11.968928280358597
2021-11-19,30.74265605875153,17.458486332109345,17.003977968176255,8.804569563443494,8.40075479396165,11.97378620971032
2021-11-20,30.730745721271393,17.46770578647107,17.003361858190708,8.809087204563978,8.397208638956805,11.973207008964954
2021-11-21,30.730745721271393,17.46770578647107,17.003361858190708,8.809087204563978,8.397208638956805,11.973207008964954
2021-11-22,30.711185819070906,17.47137326813366,17.01191931540342,8.815199674001631,8.390484922575387,11.976874490627546
2021-11-23,30.690403422982886,17.47137326813366,17.0229217603912,8.820089649551752,8.386817440912797,11.980541972290137
2021-11-24,30.68145654834761,17.463382292941656,17.03518971848225,8.818645450836394,8.387290901672786,11.984190126478987
2021-11-25,30.669621026894866,17.47259576202119,17.035146699266505,8.823757131214345,8.383149959250204,11.982986960065197
2021-11-26,30.645171149144254,17.476263243683782,17.04614914425428,8.831092094539528,8.378259983700081,11.98665444172779
2021-11-27,30.634004884004884,17.485449735449738,17.045482295482294,8.834961334961335,8.375356125356126,11.986060236060235
2021-11-28,30.625611246943766,17.478096984515076,17.058374083129586,8.834759576202119,8.372147514262428,11.989710676446617
2021-11-29,30.604828850855746,17.47931947840261,17.068154034229828,8.840872045639772,8.369091279543603,11.99460065199674
2021-11-30,30.594322344322343,17.487281237281238,17.06807081807082,8.844729344729345,8.364977614977615,11.99216524216524
2021-12-01,30.584046454767726,17.47931947840261,17.080378973105134,8.844539527302365,8.36542379788101,11.9970456397718
2021-12-02,30.574786324786324,17.48850223850224,17.08028083028083,8.848392348392348,8.361314611314612,11.995828245828244
2021-12-03,30.56448655256724,17.47931947840261,17.09260391198044,8.850651996740018,8.360533822330888,12.00071312143439
2021-12-04,30.552197802197803,17.490333740333742,17.09065934065934,8.855107855107855,8.357041107041107,12.000101750101749
2021-12-05,30.552197802197803,17.490333740333742,17.09065934065934,8.855107855107855,8.357041107041107,12.000101750101749
2021-12-06,30.532356532356534,17.492165242165242,17.100732600732602,8.85968660968661,8.351851851851853,12.004680504680504
2021-12-07,30.511599511599513,17.494607244607245,17.111721611721613,8.863349613349614,8.345746845746847,12.008343508343508
2021-12-08,30.511599511599513,17.494607244607245,17.111721611721613,8.863349613349614,8.345746845746847,12.008343508343508
2021-12-09,30.49206349206349,17.495828245828246,17.121489621489623,8.868233618233619,8.340862840862842,12.013227513227513
2021-12-10,30.47008547008547,17.50071225071225,17.132478632478634,8.874338624338625,8.335978835978837,12.015669515669515
2021-12-11,30.459146341463416,17.51229674796748,17.129878048780487,8.878150406504066,8.331910569105691,12.014430894308942
2021-12-12,30.459146341463416,17.51229674796748,17.129878048780487,8.878150406504066,8.331910569105691,12.014430894308942
2021-12-13,30.440853658536586,17.513516260162604,17.139634146341464,8.883028455284554,8.326422764227642,12.018089430894307
2021-12-14,30.420121951219514,17.51717479674797,17.146951219512196,8.887906504065041,8.321544715447155,12.021747967479673
2021-12-15,30.40842490842491,17.51048026048026,17.156898656898658,8.88899063899064,8.320716320716322,12.027879527879527
2021-12-16,30.40842490842491,17.51048026048026,17.156898656898658,8.88899063899064,8.320716320716322,12.027879527879527
2021-12-17,30.3979217603912,17.50254686226569,17.168092909535453,8.890077424612878,8.319885900570497,12.0340260798696
2021-12-18,30.388278388278387,17.514143264143264,17.165445665445667,8.893264143264144,8.315832315832317,12.032763532763532
2021-12-19,30.380806845965772,17.50499185004075,17.17848410757946,8.893133659331705,8.31316218418908,12.03647106764466
2021-12-20,30.36996336996337,17.51719576719577,17.175213675213676,8.898148148148149,8.30972730972731,12.035816035816035
2021-12-21,30.35164835164835,17.520858770858773,17.184981684981686,8.900590150590151,8.304843304843304,12.038258038258038
2021-12-22,30.333333333333332,17.524521774521777,17.192918192918192,8.905474155474156,8.3005698005698,12.04131054131054
2021-12-23,30.32151589242054,17.51660554197229,17.204156479217605,8.906581092094541,8.299714751426244,12.047473512632436
2021-12-24,30.312117503059977,17.507445940432476,17.215422276621787,8.907690738474093,8.298857609139127,12.053651570787432
2021-12-25,30.312117503059977,17.507445940432476,17.215422276621787,8.907690738474093,8.298857609139127,12.053651570787432
2021-12-26,30.296205630354958,17.51111791105671,17.225826193390454,8.91013871889025,8.293349653202775,12.05548755609955
2021-12-27,30.275397796817625,17.517237862097105,17.23561811505508,8.913810689514484,8.288453692370462,12.059159526723784
2021-12-28,30.275397796817625,17.517237862097105,17.23561811505508,8.913810689514484,8.288453692370462,12.059159526723784
2021-12-29,30.275397796817625,17.517237862097105,17.23561811505508,8.913810689514484,8.288453692370462,12.059159526723784
2021-12-30,30.275397796817625,17.517237862097105,17.23561811505508,8.913810689514484,8.288453692370462,12.059159526723784
2021-12-31,30.26593137254902,17.50806781045752,17.246936274509803,8.916156045751634,8.287581699346406,12.064133986928104
2022-01-01,30.258261933904528,17.51968584251326,17.245410036719708,8.91748266013872,8.283557731538147,12.06283149734802
2022-01-02,30.258261933904528,17.51968584251326,17.245410036719708,8.91748266013872,8.283557731538147,12.06283149734802
2022-01-03,30.240208078335375,17.521521827825378,17.256119951040393,8.920236638106896,8.279579763361893,12.066503467972256
2022-01-04,30.22062423500612,17.526417788657692,17.26591187270502,8.925132598939209,8.273459812321502,12.071399428804568
2022-01-05,30.22062423500612,17.526417788657692,17.26591187270502,8.925132598939209,8.273459812321502,12.071399428804568
2022-01-06,30.199816401468787,17.52886576907385,17.275703794369644,8.928804569563445,8.269787841697267,12.075071399428802
2022-01-07,30.190257352941178,17.519709967320264,17.28707107843137,8.929942810457517,8.26889297385621,12.080065359477123
2022-01-08,30.18145654834761,17.531313749490003,17.285495716034273,8.933700530395758,8.264891880864953,12.078743370053038
2022-01-09,30.18145654834761,17.531313749490003,17.285495716034273,8.933700530395758,8.264891880864953,12.078743370053038
2022-01-10,30.163708690330477,17.533149734802123,17.29589963280294,8.937984496124031,8.258159934720522,12.082415340677272
2022-01-11,30.1453488372093,17.53682170542636,17.306915544675643,8.940432476540188,8.25326397388821,12.08486332109343
2022-01-12,30.13327205882353,17.530126633986928,17.31832107843137,8.941584967320262,8.253574346405228,12.088643790849671
2022-01-13,30.13327205882353,17.530126633986928,17.31832107843137,8.941584967320262,8.253574346405228,12.088643790849671
2022-01-14,30.113664215686274,17.533803104575163,17.328125,8.945261437908497,8.249897875816993,12.08986928104575
2022-01-15,30.104957160342718,17.544777641778868,17.327111383108935,8.947164422684619,8.246532027743779,12.088535291717665
2022-01-16,30.104957160342718,17.544777641778868,17.327111383108935,8.947164422684619,8.246532027743779,12.088535291717665
2022-01-17,30.087209302325583,17.546613627090984,17.3375152998776,8.950836393308855,8.241636066911465,12.09159526723786
2022-01-18,30.068849449204407,17.55028559771522,17.347307221542227,8.95328437372501,8.23796409628723,12.094043247654017
2022-01-19,30.068849449204407,17.55028559771522,17.347307221542227,8.95328437372501,8.23796409628723,12.094043247654017
2022-01-20,30.061430317848412,17.55939282803586,17.345660146699267,8.954563977180115,8.234005704971475,12.093928280358597
2022-01-21,30.05171358629131,17.552733578131377,17.357099143206856,8.955732354141167,8.23184414524684,12.09893920848633
2022-01-22,30.042481662591687,17.563060309698454,17.356051344743275,8.957620211898941,8.229115729421354,12.09881825590872
2022-01-23,30.033965728274175,17.553957568339452,17.36933904528764,8.957568339453285,8.226336189310485,12.102611179110566
2022-01-24,30.026589242053788,17.564282803585982,17.366442542787286,8.960676446617768,8.223614506927465,12.10126324368378
2022-01-25,30.007640586797066,17.56611654441728,17.376222493887532,8.963732681336595,8.22055827220864,12.10370823145884
2022-01-26,29.999084249084248,17.57824582824583,17.372710622710624,8.96805046805047,8.217236467236468,12.1011396011396
2022-01-27,29.986858190709047,17.570395273023635,17.38416870415648,8.969233903830482,8.217502037489814,12.106153219233903
2022-01-28,29.968520782396087,17.570395273023635,17.397616136919314,8.971678891605542,8.213834555827221,12.108598207008963
2022-01-29,29.96123321123321,17.57946682946683,17.39713064713065,8.973544973544975,8.211131461131462,12.106634106634106
2022-01-30,29.96123321123321,17.57946682946683,17.39713064713065,8.973544973544975,8.211131461131462,12.106634106634106
2022-01-31,29.946581196581196,17.57824582824583,17.406898656898658,8.977818477818479,8.208078958078959,12.106634106634106
2022-02-01,29.931318681318682,17.57885632885633,17.416666666666668,8.97842897842898,8.205026455026456,12.109686609686609
2022-02-02,29.931318681318682,17.57885632885633,17.416666666666668,8.97842897842898,8.205026455026456,12.109686609686609
2022-02-03,29.927743902439026,17.584247967479676,17.414939024390243,8.979674796747968,8.201117886178862,12.109552845528453
2022-02-04,29.916666666666668,17.576414326414326,17.426434676434678,8.980870980870982,8.200142450142451,12.115791615791615
2022-02-05,29.911280487804877,17.583028455284552,17.42530487804878,8.982113821138212,8.197459349593496,12.114430894308942
2022-02-06,29.911280487804877,17.583028455284552,17.42530487804878,8.982113821138212,8.197459349593496,12.114430894308942
2022-02-07,29.895731707317072,17.58180894308943,17.434756097560975,8.985162601626017,8.195630081300813,12.117479674796746
2022-02-08,29.882317073170732,17.57936991869919,17.445731707317073,8.986382113821138,8.191971544715447,12.118699186991869
2022-02-09,29.87240537240537,17.573972323972324,17.457264957264957,8.986365486365488,8.190984940984942,12.12128612128612
2022-02-10,29.86124694376528,17.56856153219234,17.468826405867972,8.986348818255909,8.189995925020375,12.125101874490626
2022-02-11,29.845354523227385,17.5710065199674,17.479828850855746,8.986348818255909,8.186328443357784,12.128769356153217
2022-02-12,29.84065934065934,17.576414326414326,17.478021978021978,8.98819698819699,8.183658933658934,12.128612128612128
2022-02-13,29.84065934065934,17.576414326414326,17.478021978021978,8.98819698819699,8.183658933658934,12.128612128612128
2022-02-14,29.827228327228326,17.574582824582826,17.488400488400487,8.993080993080994,8.17877492877493,12.13105413105413
2022-02-15,29.813797313797313,17.573361823361825,17.499389499389498,8.994301994301996,8.175111925111926,12.13105413105413
2022-02-16,29.805012224938874,17.566727791361043,17.511002444987774,8.995517522412388,8.174103504482478,12.13243683781581
2022-02-17,29.78911980440098,17.569172779136107,17.519559902200488,8.994295028524858,8.169213528932355,12.137326813365931
2022-02-18,29.77906976744186,17.561301509587924,17.531211750305996,8.995512035903714,8.168196654426765,12.142390860873112
2022-02-19,29.773838630806846,17.567950285248575,17.528728606356967,8.997351263243685,8.16615729421353,12.142216788916054
2022-02-20,29.765605875153,17.560689514483887,17.542227662178703,8.99796001631987,8.16391268869849,12.144226846185228
2022-02-21,29.762224938875306,17.56733903830481,17.538508557457213,9.002241238793808,8.161267318663407,12.14282803585982
2022-02-22,29.748471882640587,17.566727791361043,17.549816625916872,9.002241238793808,8.15821108394458,12.143439282803584
2022-02-23,29.738984088127296,17.56191350469196,17.560893512851898,9.001631986944105,8.15656874745002,12.146674826601386
2022-02-24,29.726132190942472,17.56497348021216,17.569461444308445,9.003467972256223,8.152284781721747,12.147898816809464
2022-02-25,29.717218137254903,17.557087418300654,17.581188725490197,9.0046977124183,8.15124591503268,12.151756535947712
2022-02-26,29.711444308445532,17.567421460628317,17.580477356181152,9.004691962464301,8.14983680130559,12.149122807017543
2022-02-27,29.69859241126071,17.566809465524276,17.591493268053856,9.007139942880457,8.145552835577316,12.150346797225621
2022-02-28,29.69859241126071,17.566809465524276,17.591493268053856,9.007139942880457,8.145552835577316,12.150346797225621
2022-03-01,29.685944512443903,17.568033455732355,17.601489188086493,9.009587923296614,8.140860873113015,12.150142798857608
2022-03-02,29.670032639738885,17.575377396980826,17.613117095063238,9.008975928192575,8.137188902488779,12.148918808649531
2022-03-03,29.6577927376581,17.57782537739698,17.622909016727867,9.007751937984496,8.132292941656466,12.15014279885761
2022-03-04,29.6500204248366,17.572406045751634,17.63470179738562,9.007761437908497,8.13000408496732,12.151552287581701
2022-03-05,29.64494084047328,17.582109343125257,17.632700938392492,9.008363933088535,8.127396980824154,12.14953080375357
2022-03-06,29.63715277777778,17.57669526143791,17.645731209150327,9.008374183006536,8.123876633986928,12.15093954248366
2022-03-07,29.62275326797386,17.579758986928105,17.654922385620914,9.009599673202615,8.119587418300654,12.15216503267974
2022-03-08,29.617095063239496,17.590065279477766,17.65534475724194,9.009587923296614,8.116993064055487,12.145858833129337
2022-03-09,29.608660130718956,17.584967320261438,17.667177287581698,9.008986928104576,8.116217320261438,12.147875816993466
2022-03-10,29.601738241308794,17.579856850715746,17.679345603271983,9.00838445807771,8.113905930470347,12.148977505112477
2022-03-11,29.594873366013072,17.59140114379085,17.6797385620915,9.008374183006536,8.110089869281046,12.146343954248367
2022-03-12,29.589249286005714,17.60108119135047,17.679518563851488,9.008363933088535,8.106895144838841,12.1437168502652
2022-03-13,29.589249286005714,17.60108119135047,17.679518563851488,9.008363933088535,8.106895144838841,12.1437168502652
2022-03-14,29.584250203748983,17.61012632436838,17.67685411572942,9.010187449062755,8.103096984515076,12.14170741646292
2022-03-15,29.579873829873833,17.61914936914937,17.677248677248677,9.010175010175011,8.099308099308098,12.137871387871389
2022-03-16,29.579873829873833,17.61914936914937,17.677248677248677,9.010175010175011,8.099308099308098,12.137871387871389
2022-03-17,29.572547822547826,17.624033374033374,17.684574684574685,9.00895400895401,8.091982091982091,12.136650386650388
2022-03-18,29.568357783211084,17.619906275468622,17.69396903015485,9.006519967400164,8.08964955175224,12.136817440912797
2022-03-19,29.56224531377343,17.626018744906276,17.703137734311326,9.002852485737572,8.084759576202119,12.13253871230644
2022-03-20,29.56224531377343,17.626018744906276,17.703137734311326,9.002852485737572,8.084759576202119,12.13253871230644
2022-03-21,29.55850630850631,17.634411884411886,17.7016687016687,9.005291005291006,8.08038258038258,12.131155881155882
2022-03-22,29.552401302401304,17.63807488807489,17.71143671143671,9.004070004070005,8.074277574277573,12.127492877492879
2022-03-23,29.552401302401304,17.63807488807489,17.71143671143671,9.004070004070005,8.074277574277573,12.127492877492879
2022-03-24,29.546849593495935,17.647052845528457,17.710569105691057,9.00589430894309,8.070528455284553,12.124898373983742
2022-03-25,29.543854293854295,17.641737891737893,17.72120472120472,9.004680504680506,8.068172568172567,12.125050875050876
2022-03-26,29.538922764227642,17.651930894308943,17.72032520325203,9.005284552845529,8.065040650406504,12.122459349593498
2022-03-27,29.538922764227642,17.651930894308943,17.72032520325203,9.005284552845529,8.065040650406504,12.122459349593498
2022-03-28,29.53591778591779,17.646621896621898,17.73097273097273,9.002849002849004,8.063899063899063,12.121387871387872
2022-03-29,29.52859177859178,17.652116402116402,17.738603988603987,9.001017501017502,8.05932030932031,12.11864061864062
2022-03-30,29.525570497147516,17.649246128769356,17.748064384678077,8.998573757131215,8.056947840260799,12.120008149959252
2022-03-31,29.523765809873524,17.64514483884129,17.756323949408404,8.996124031007753,8.054569563443492,12.120155038759691
2022-04-01,29.521956699346408,17.641033496732028,17.765829248366014,8.993668300653596,8.05218545751634,12.120302287581701
2022-04-02,29.51764585883313,17.650652794777642,17.76489188086495,8.994288045695635,8.047837617299061,12.117707058343536
2022-04-03,29.514603758169937,17.64593545751634,17.7750204248366,8.993055555555557,8.046670751633986,12.116625816993466
2022-04-04,29.51030191758466,17.654936760505915,17.77468380252958,8.994900040799674,8.042329661362709,12.114647082823339
2022-04-05,29.500509995920034,17.663504691962466,17.784475724194206,8.99122807017544,8.036209710322318,12.110975112199103
2022-04-06,29.498672385620917,17.659415849673202,17.795241013071895,8.987540849673204,8.033803104575163,12.109885620915033
2022-04-07,29.491319444444446,17.663092320261438,17.805044934640524,8.983864379084968,8.027675653594772,12.108660130718956
2022-04-08,29.481515522875817,17.67044526143791,17.816074346405227,8.980187908496733,8.021548202614378,12.107434640522877
2022-04-09,29.476642186862506,17.680640554875563,17.815687474500205,8.980212158302734,8.016625866993063,12.105467156262751
2022-04-10,29.476642186862506,17.680640554875563,17.815687474500205,8.980212158302734,8.016625866993063,12.105467156262751
2022-04-11,29.469298245614038,17.685536515707874,17.826091391268868,8.978988168094656,8.009893920848633,12.103019175846594
2022-04-12,29.45950632394941,17.692574459404327,17.837413300693594,8.974704202366382,8.003161974704202,12.0999592003264
2022-04-13,29.45283211083945,17.70517522412388,17.83638956805216,8.974735126324369,8.000713121434393,12.096169519152406
2022-04-14,29.444274653626735,17.708842705786473,17.844947025264872,8.972290138549308,7.994600651996739,12.094947025264876
2022-04-15,29.44237046103631,17.70359037127703,17.85454916360669,8.969808241534068,7.993370053039575,12.095063239494085
2022-04-16,29.437550937245316,17.71312143439283,17.854726976365118,8.969845150774248,7.989099429502852,12.092502037489814
2022-04-17,29.43563851489188,17.709098327213383,17.864341085271317,8.967360261117912,7.986638106895144,12.09139126886985
2022-04-18,29.43563851489188,17.709098327213383,17.864341085271317,8.967360261117912,7.986638106895144,12.09139126886985
2022-04-19,29.426458588331293,17.714300285597716,17.874745002039983,8.964300285597716,7.980824153406773,12.090167278661772
2022-04-20,29.426458588331293,17.714300285597716,17.874745002039983,8.964300285597716,7.980824153406773,12.090167278661772
2022-04-21,29.426458588331293,17.714300285597716,17.874745002039983,8.964300285597716,7.980824153406773,12.090167278661772
2022-04-22,29.424530228758172,17.710273692810457,17.883169934640524,8.963031045751634,7.978349673202614,12.090277777777779
2022-04-23,29.419726642186863,17.71858425132599,17.88392492860057,8.963076295389637,7.974092207262341,12.087719298245615
2022-04-24,29.416564542483663,17.71456290849673,17.893586601307188,8.960580065359478,7.972834967320261,12.087826797385622
2022-04-25,29.411049836601308,17.71701388888889,17.905228758169933,8.95874183006536,7.965482026143791,12.085375816993466
2022-04-26,29.406262749898,17.72592819257446,17.90656874745002,8.958180334557325,7.96062831497348,12.081599347205223
2022-04-27,29.405535130718956,17.721915849673202,17.915032679738562,8.954452614379086,7.959354575163398,12.080473856209151
2022-04-28,29.40136678906569,17.729600163198697,17.915136678906567,8.954508363933089,7.95328437372501,12.079151366789068
2022-04-29,29.39279885760914,17.73327213382293,17.928600571195428,8.952060383516933,7.94594043247654,12.07670338637291
2022-04-30,29.387428687856563,17.73971067644662,17.931132844335778,8.952118989405054,7.942339038304808,12.072942135289326
2022-05-01,29.380093724531378,17.74337815810921,17.940912795436024,8.949674001629992,7.936226568867156,12.071719641401794
2022-05-02,29.373981255093724,17.7470456397718,17.953137734311326,8.948451507742462,7.928891605541972,12.068052159739203
2022-05-03,29.36986161986162,17.753459503459503,17.955636955636955,8.94851444851445,7.924094424094424,12.064306064306066
2022-05-04,29.367868785656075,17.749490627546862,17.964140179299104,8.946006519967401,7.921556642216789,12.06438467807661
2022-05-05,29.36342309261526,17.745512035903715,17.971440228478173,8.944716442268463,7.9202366381068945,12.065687474500205
2022-05-06,29.361417483660134,17.741523692810457,17.979983660130717,8.94342320261438,7.91891339869281,12.064542483660132
2022-05-07,29.358527131782946,17.74796001631987,17.98062015503876,8.944716442268463,7.914116687066503,12.061403508771932
2022-05-08,29.355698529411764,17.743974673202615,17.98876633986928,8.942606209150327,7.912785947712418,12.061887254901961
2022-05-09,29.35202205882353,17.74581290849673,18.000102124183005,8.941993464052288,7.90328839869281,12.057598039215685
2022-05-10,29.347919216646268,17.752243982048146,18.00377396980824,8.942064463484293,7.898510811913504,12.053855569155447
2022-05-11,29.344669117647058,17.74826388888889,18.013582516339866,8.938316993464053,7.895935457516339,12.053921568627452
2022-05-12,29.340575275397796,17.75346797225622,18.016013871889022,8.937168502651978,7.891166870665034,12.052631578947368
2022-05-13,29.33609068627451,17.74826388888889,18.025837418300654,8.937091503267974,7.888582516339869,12.053921568627452
2022-05-14,29.332619339045287,17.75346797225622,18.02702978376173,8.937780497756018,7.884434924520604,12.05140758873929
2022-05-15,29.32873774509804,17.75010212418301,18.03564133986928,8.936478758169935,7.882455065359477,12.051470588235293
2022-05-16,29.327111383108935,17.7546919624643,18.03865769073847,8.93655650754794,7.8764789881680946,12.050183598531211
2022-05-17,29.32426650366748,17.759881825590874,18.043500407497962,8.935411572942135,7.871740016299918,12.04523227383863
2022-05-18,29.319767441860463,17.75530395756834,18.052121583027333,8.934108527131784,7.870359037127702,12.046511627906977
2022-05-19,29.319767441860463,17.75530395756834,18.052121583027333,8.934108527131784,7.870359037127702,12.046511627906977
2022-05-20,29.311199510403917,17.75652794777642,18.06925744594043,8.931660546715626,7.863015095879232,12.04406364749082
2022-05-21,29.308374083129586,17.761104319478402,18.071617766911164,8.931744091279544,7.858292583537082,12.04156479217604
2022-05-22,29.303855569155445,17.757751937984498,18.079661362709096,8.931660546715626,7.856283149734802,12.042227662178703
2022-05-23,29.30079559363525,17.757751937984498,18.09190126478988,8.929824561403509,7.846491228070175,12.039167686658507
2022-05-24,29.299205378973106,17.76171556642217,18.09790138549307,8.927465362673187,7.841788916055419,12.035452322738386
2022-05-25,29.29589963280294,17.757751937984498,18.10658914728682,8.927376580987353,7.839147286821705,12.034271725826194
2022-05-26,29.292585784313726,17.751327614379086,18.1140727124183,8.928513071895425,7.837724673202614,12.034313725490197
2022-05-27,29.287683823529413,17.75500408496732,18.125714869281044,8.927287581699346,7.830984477124183,12.030637254901961
2022-05-28,29.27910539215686,17.757455065359476,18.135518790849673,8.927900326797387,7.8254697712418295,12.028186274509803
2022-05-29,29.27910539215686,17.757455065359476,18.135518790849673,8.927900326797387,7.8254697712418295,12.028186274509803
2022-05-30,29.27420343137255,17.757455065359476,18.147773692810457,8.927287581699346,7.81689133986928,12.023897058823529
2022-05-31,29.274479804161565,17.760811913504693,18.152488780089758,8.925540595675235,7.812219502243981,12.018971848225215
2022-06-01,29.27113970588235,17.75806781045752,18.16002859477124,8.925449346405228,7.810763888888888,12.017769607843137
2022-06-02,29.268359853121176,17.76203590371277,18.163504691962462,8.924316605467157,7.80609955120359,12.016523867809058
2022-06-03,29.264399509803923,17.75806781045752,18.171670751633986,8.925449346405228,7.804023692810457,12.01593137254902
2022-06-04,29.262239902080783,17.76203590371277,18.175744594043245,8.924928600571196,7.799367605059159,12.011627906976743
2022-06-05,29.262239902080783,17.76203590371277,18.175744594043245,8.924928600571196,7.799367605059159,12.011627906976743
2022-06-06,29.26011029411765,17.75806781045752,18.185763888888886,8.92483660130719,7.795445261437908,12.009191176470589
2022-06-07,29.25734394124847,17.760199918400655,18.190738474092207,8.924622603019177,7.790493676050591,12.007037943696451
2022-06-08,29.251531862745097,17.7562295751634,18.19893790849673,8.923304738562091,7.7890114379084965,12.008272058823529
2022-06-09,29.251531862745097,17.7562295751634,18.19893790849673,8.923304738562091,7.7890114379084965,12.008272058823529
2022-06-10,29.246932515337424,17.752556237218815,18.208691206543964,8.922903885480572,7.786298568507157,12.007668711656441
2022-06-11,29.243566176470587,17.757148692810457,18.213337418300654,8.922998366013072,7.7816584967320255,12.003982843137255
2022-06-12,29.243566176470587,17.757148692810457,18.213337418300654,8.922998366013072,7.7816584967320255,12.003982843137255
2022-06-13,29.241432068543453,17.759893920848633,18.21674826601387,8.923704610363117,7.776417788657691,12.002141982864137
2022-06-14,29.232864137086903,17.76111791105671,18.23021215830273,8.923704610363117,7.769073847409221,11.998470012239903
2022-06-15,29.232864137086903,17.76111791105671,18.23021215830273,8.923704610363117,7.769073847409221,11.998470012239903
2022-06-16,29.232864137086903,17.76111791105671,18.23021215830273,8.923704610363117,7.769073847409221,11.998470012239903
2022-06-17,29.2289119804401,17.76629991850041,18.238488182559085,8.920130399348004,7.765688671556642,11.996026894865526
2022-06-18,29.227411477411476,17.76902726902727,18.24308099308099,8.91900691900692,7.7610907610907605,11.992368742368742
2022-06-19,29.22469512195122,17.771747967479676,18.246443089430894,8.919105691056911,7.75650406504065,11.989939024390244
2022-06-20,29.21920731707317,17.771747967479676,18.259857723577234,8.91849593495935,7.747967479674797,11.986280487804878
2022-06-21,29.214939024390244,17.771747967479676,18.273272357723577,8.917276422764228,7.740650406504065,11.979573170731708
2022-06-22,29.20762195121951,17.774186991869918,18.286686991869917,8.916056910569106,7.7351626016260155,11.975914634146342
2022-06-23,29.203714981729597,17.77689809175802,18.292427933414533,8.914941128704832,7.730613073487616,11.975943970767357
2022-06-24,29.19908536585366,17.774186991869918,18.300101626016257,8.914837398373985,7.729065040650406,11.975914634146342
2022-06-25,29.18932926829268,17.774186991869918,18.3135162601626,8.914227642276423,7.7229674796747965,11.976524390243902
2022-06-26,29.186507936507937,17.772079772079774,18.32366707366707,8.912901912901914,7.7189662189662185,11.974664224664224
2022-06-27,29.183841463414634,17.774796747967482,18.3275406504065,8.913008130081302,7.714430894308943,11.972865853658536
2022-06-28,29.179963459196102,17.777507105156314,18.33444985789687,8.911896061713358,7.709906617945594,11.969244823386115
2022-06-29,29.179963459196102,17.777507105156314,18.33444985789687,8.911896061713358,7.709906617945594,11.969244823386115
2022-06-30,29.179963459196102,17.777507105156314,18.33444985789687,8.911896061713358,7.709906617945594,11.969244823386115
2022-07-01,29.171437271619975,17.777507105156314,18.351502233049125,8.90946000812018,7.705034510759236,11.965590742996346
2022-07-02,29.168187347931873,17.780210867802108,18.357765612327654,8.908961881589619,7.700527169505271,11.963807785888077
2022-07-03,29.164433617539586,17.778420625253755,18.366727568006496,8.908546488022736,7.6974218432805515,11.963154689403167
2022-07-04,29.16301703163017,17.77990673154907,18.36993106244931,8.909266017842661,7.6929237631792375,11.96198296836983
2022-07-05,29.1591737545565,17.78260429323613,18.376771972458485,8.908161198865939,7.688436614013771,11.958383961117862
2022-07-06,29.153284671532848,17.782339821573398,18.384529602595293,8.909266017842661,7.6856244931062445,11.958333333333334
2022-07-07,29.145985401459853,17.781123276561235,18.397911597729113,8.909266017842661,7.6783252230332515,11.957116788321168
2022-07-08,29.141291108404385,17.777202598457166,18.408140479090537,8.91037352821762,7.67549736094194,11.95584652862363
2022-07-09,29.13032886723508,17.779638652050345,18.422756800649612,8.909155501421031,7.669407226958993,11.95341047503045
2022-07-10,29.12302070645554,17.782074705643524,18.434937068615508,8.909155501421031,7.660881039382866,11.949756394640682
2022-07-11,29.120121951219513,17.78180894308943,18.445223577235772,8.907825203252033,7.65680894308943,11.947256097560976
2022-07-12,29.116930572472594,17.78390174583841,18.45016240357288,8.906414941128705,7.653268371904182,11.944884287454324
2022-07-13,29.11158536585366,17.78119918699187,18.459552845528453,8.90508130081301,7.651321138211382,11.944817073170732
2022-07-14,29.11158536585366,17.78119918699187,18.459552845528453,8.90508130081301,7.651321138211382,11.944817073170732
2022-07-15,29.101829268292683,17.782418699186994,18.476626016260163,8.902642276422764,7.645223577235772,11.94359756097561
2022-07-16,29.09744214372716,17.784510759236703,18.482135606983352,8.901542833942347,7.641392610637434,11.942448233861144
2022-07-17,29.091768292682925,17.784552845528456,18.490650406504063,8.901422764227643,7.6379065040650405,11.941158536585366
2022-07-18,29.08861144945189,17.785424279334148,18.49492488834754,8.900324807145758,7.634084449857896,11.941230207064555
2022-07-19,29.08485401459854,17.788118410381184,18.50162206001622,8.896796431467966,7.6308799675587995,11.937652068126521
2022-07-20,29.080085261875762,17.787860332927327,18.510759236703205,8.8954526999594,7.626776289078359,11.935140073081607
2022-07-21,29.075213154689404,17.787860332927327,18.52050345107592,8.8954526999594,7.618250101502233,11.932704019488428
2022-07-22,29.070426829268293,17.785162601626016,18.529674796747965,8.895325203252034,7.6153455284552845,11.93140243902439
2022-07-23,29.066686967113277,17.78603329273244,18.535119772634996,8.89423467316281,7.612159967519285,11.930876979293544
2022-07-24,29.06341463414634,17.78638211382114,18.542174796747965,8.89349593495935,7.609247967479674,11.928353658536585
2022-07-25,29.06029232643118,17.78725131952903,18.54638652050345,8.892407632967926,7.6060698335363375,11.928440925700366
2022-07-26,29.056569343065693,17.78872668288727,18.55302108678021,8.88888888888889,7.602899432278994,11.92609489051095
2022-07-27,29.050790754257907,17.7911597729116,18.56457826439578,8.887672343876725,7.598033252230332,11.92183698296837
2022-07-28,29.048416565164434,17.7909053999188,18.571356069833534,8.886317498984978,7.5951075923670315,11.920523751522534
2022-07-29,29.04237804878049,17.788211382113822,18.580589430894307,8.886178861788618,7.593394308943089,11.920426829268292
2022-07-30,29.038672350791717,17.7909053999188,18.58475436459602,8.885099472188388,7.590235485180673,11.91991473812424
2022-07-31,29.038109756097562,17.79247967479675,18.591565040650405,8.883130081300813,7.585467479674796,11.916158536585366
2022-08-01,29.03501827040195,17.793341453511978,18.595716605765325,8.882054405196914,7.582318311002842,11.91626065773447
2022-08-02,29.032542579075425,17.79359286293593,18.60229115977291,8.879764801297648,7.579176804541768,11.913929440389294
2022-08-03,29.02771010962241,17.795777507105157,18.60911490052781,8.879618351603735,7.575010150223305,11.910170523751523
2022-08-04,29.026459854014597,17.794809407948094,18.614456609894564,8.877331711273317,7.570660989456609,11.911496350364963
2022-08-05,29.02101096224117,17.79516849370686,18.622513195290296,8.877182298010556,7.567701989443767,11.909561510353228
2022-08-06,29.017335766423358,17.797850770478508,18.62662206001622,8.87550689375507,7.564578264395783,11.909063260340632
2022-08-07,29.013702801461633,17.800649614291515,18.6334754364596,8.875355257815672,7.56039382866423,11.904080389768575
2022-08-08,29.01125304136253,17.800892133008922,18.636962692619626,8.874290348742903,7.557887266828872,11.904805352798054
2022-08-09,29.007594167679223,17.801134062373432,18.643479141352774,8.872012960712839,7.554779262859457,11.902490886998786
2022-08-10,29.001520681265205,17.80210867802109,18.651561232765612,8.871857258718572,7.551804541768045,11.899939172749392
2022-08-11,28.997259439707673,17.802781161185546,18.659663012586275,8.871092164027608,7.548518067397483,11.897990255785627
2022-08-12,28.987515225334956,17.804608201380432,18.677324401136822,8.868047097036134,7.541209906617945,11.895554202192448
2022-08-13,28.98509732360097,17.80727899432279,18.681366585563666,8.866991078669912,7.538118410381184,11.89507299270073
2022-08-14,28.980816077953715,17.810089321965084,18.689504669102718,8.866829070239545,7.5326837190418185,11.890073081607795
2022-08-15,28.979622871046228,17.81153690186537,18.69353203568532,8.865774533657746,7.5296025952960255,11.890206812652067
2022-08-16,28.976002430133658,17.811765897124342,18.701194815714864,8.862292426083435,7.525313892264074,11.889125151883354
2022-08-17,28.969890510948904,17.81153690186537,18.710563665855634,8.86212489862125,7.523519870235198,11.885340632603405
2022-08-18,28.968712029161605,17.811765897124342,18.71577561765897,8.859862292426083,7.519238558120696,11.885479951397327
2022-08-19,28.962591240875913,17.812753446877537,18.723945660989454,8.859691808596919,7.516220600162206,11.882907542579076
2022-08-20,28.96142162818955,17.81480356419603,18.727926285945724,8.857432158768733,7.512555690562981,11.883049817739975
2022-08-21,28.955900243309003,17.815794809407947,18.73611111111111,8.856650446066505,7.508921330089213,11.880474452554745
2022-08-22,28.954738760631834,17.816626164439043,18.738861887403807,8.855002025111382,7.506480356419603,11.8818347509113
2022-08-23,28.95115291262136,17.81684870550162,18.746460355987054,8.852750809061488,7.502224919093851,11.880764563106796
2022-08-24,28.951212121212123,17.81888888888889,18.74919191919192,8.851717171717173,7.499191919191919,11.88090909090909
2022-08-25,28.951212121212123,17.81888888888889,18.74919191919192,8.851717171717173,7.499191919191919,11.88090909090909
2022-08-26,28.94629854368932,17.817455501618124,18.757382686084142,8.852750809061488,7.496156957928802,11.879550970873787
2022-08-27,28.937803398058254,17.81927588996764,18.768305016181227,8.850930420711974,7.490088996763753,11.879550970873787
2022-08-28,28.937803398058254,17.81927588996764,18.768305016181227,8.850930420711974,7.490088996763753,11.879550970873787
2022-08-29,28.93234223300971,17.821096278317153,18.779834142394822,8.84911003236246,7.482200647249191,11.877123786407767
2022-08-30,28.92878787878788,17.82010101010101,18.787373737373734,8.846868686868687,7.479191919191919,11.876060606060607
2022-08-31,28.92878787878788,17.82010101010101,18.787373737373734,8.846868686868687,7.479191919191919,11.876060606060607
2022-09-01,28.922727272727272,17.81767676767677,18.79949494949495,8.845656565656567,7.471919191919191,11.876060606060607
2022-09-02,28.917172330097088,17.816241909385113,18.808960355987054,8.846076051779935,7.468851132686083,11.874089805825243
2022-09-03,28.913636363636364,17.81888888888889,18.81161616161616,8.845050505050505,7.4658585858585855,11.874848484848485
2022-09-04,28.913636363636364,17.81888888888889,18.81161616161616,8.845050505050505,7.4658585858585855,11.874848484848485
2022-09-05,28.90989077669903,17.81927588996764,18.821703074433657,8.843648867313917,7.460355987055016,11.871055825242719
2022-09-06,28.90139563106796,17.818062297734627,18.835355987055014,8.840311488673139,7.454591423948219,11.870752427184467
2022-09-07,28.89641555285541,17.817233697853382,18.844268934791412,8.839509923045767,7.451498582422033,11.869380315917375
2022-09-08,28.89641555285541,17.817233697853382,18.844268934791412,8.839509923045767,7.451498582422033,11.869380315917375
2022-09-09,28.890947752126365,17.81784123126772,18.857634669906844,8.83586472255974,7.444815714864317,11.868772782503038
2022-09-10,28.88743932038835,17.819882686084142,18.85962783171521,8.834850323624595,7.441848705501617,11.869538834951456
2022-09-11,28.883049817739977,17.82087889833941,18.869785338193598,8.83343458890239,7.436310247063588,11.865735115431349
2022-09-12,28.881978155339805,17.821096278317153,18.8711569579288,8.832423139158577,7.433960355987055,11.867718446601941
2022-09-13,28.880909090909093,17.822525252525253,18.87252525252525,8.8289898989899,7.4310101010101,11.86909090909091
2022-09-14,28.880909090909093,17.822525252525253,18.87252525252525,8.8289898989899,7.4310101010101,11.86909090909091
2022-09-15,28.879842615012105,17.821529459241326,18.87510088781275,8.826775625504439,7.428066989507667,11.871670702179177
2022-09-16,28.875605326876514,17.823950766747377,18.883575464083936,8.8249596448749,7.422013720742534,11.87227602905569
2022-09-17,28.873337363966144,17.82597742845627,18.884925433293027,8.822752922208787,7.4196896412736795,11.873639661426845
2022-09-18,28.873337363966144,17.82597742845627,18.884925433293027,8.822752922208787,7.4196896412736795,11.873639661426845
2022-09-19,28.86955205811138,17.825766747376917,18.895682001614205,8.82132768361582,7.414144471347861,11.869854721549636
2022-09-20,28.868802902055624,17.82688432083837,18.895808141878273,8.819427650141073,7.411527609834744,11.871825876662635
2022-09-21,28.862756952841597,17.82688432083837,18.906690850463523,8.817009270455461,7.4042724707779115,11.870616686819831
2022-09-22,28.862756952841597,17.82688432083837,18.906690850463523,8.817009270455461,7.4042724707779115,11.870616686819831
2022-09-23,28.85774818401937,17.826069410815172,18.915657788539143,8.817393058918483,7.400524616626311,11.869249394673124
2022-09-24,28.856106408706168,17.827488915759776,18.916364369205965,8.815800080612657,7.397621926642483,11.871825876662635
2022-09-25,28.856106408706168,17.827488915759776,18.916364369205965,8.815800080612657,7.397621926642483,11.871825876662635
2022-09-26,28.851269649334945,17.828093510681178,18.926037887948407,8.814590890769852,7.389762192664248,11.871221281741233
2022-09-27,28.85024154589372,17.82830112721417,18.92733494363929,8.812399355877616,7.3868760064412236,11.872584541062801
2022-09-28,28.85024154589372,17.82830112721417,18.92733494363929,8.812399355877616,7.3868760064412236,11.872584541062801
2022-09-29,28.84522370012092,17.82688432083837,18.933293027005238,8.813381700927046,7.384925433293026,11.871221281741233
2022-09-30,28.837363966142686,17.82627972591697,18.945989520354694,8.810963321241434,7.3782748891575975,11.872430471584039
2022-10-01,28.835748792270532,17.827697262479873,18.946658615136876,8.80998389694042,7.376006441223832,11.875
2022-10-02,28.835748792270532,17.827697262479873,18.946658615136876,8.80998389694042,7.376006441223832,11.875
2022-10-03,28.832527206771463,17.82688432083837,18.955663039097136,8.80975413139863,7.371624345022168,11.871221281741233
2022-10-04,28.831219806763286,17.827697262479873,18.956018518518515,8.807568438003221,7.369061996779387,11.8743961352657
2022-10-05,28.82738814993954,17.82869810560258,18.964429665457477,8.806126561870213,7.365880693268843,11.870616686819831
2022-10-06,28.82638888888889,17.827697262479873,18.96447262479871,8.803945249597424,7.363023349436393,11.8743961352657
2022-10-07,28.821342200725514,17.827488915759776,18.97289399435711,8.803708182184604,7.3586255542120105,11.873035066505441
2022-10-08,28.819142512077295,17.82830112721417,18.9735305958132,8.802737520128824,7.356380837359098,11.876207729468598
2022-10-09,28.812877871825876,17.828093510681178,18.980753728335348,8.802498992341798,7.3531841999193865,11.876058041112454
2022-10-10,28.808041112454656,17.829907295445384,18.989218057234986,8.800080612656187,7.346533655783958,11.875453446191052
2022-10-11,28.800785973397822,17.82688432083837,19.000100765820232,8.795243853284965,7.341696896412737,11.877871825876662
2022-10-12,28.800785973397822,17.82688432083837,19.000100765820232,8.795243853284965,7.341696896412737,11.877871825876662
2022-10-13,28.791717049576782,17.827488915759776,19.009169689641272,8.792825473599356,7.335046352277307,11.880290205562273
2022-10-14,28.786622276029057,17.827885391444713,19.017050040355123,8.792574656981436,7.331214689265536,11.878934624697337
2022-10-15,28.78204353083434,17.83051189036679,19.019447803305116,8.789197904070939,7.328395808141878,11.882708585247883
2022-10-16,28.775997581620313,17.832930270052398,19.027307537283352,8.787988714228135,7.321745264006449,11.882103990326481
2022-10-17,28.77445652173913,17.834943639291467,19.026670692431562,8.786433172302738,7.318337359098228,11.88647342995169
2022-10-18,28.772316043425814,17.837555287494975,19.0278447929232,8.783071974266184,7.314334539605951,11.889022919179734
2022-10-19,28.772316043425814,17.837555287494975,19.0278447929232,8.783071974266184,7.314334539605951,11.889022919179734
2022-10-20,28.774397590361446,17.838955823293173,19.02781124497992,8.780923694779117,7.311546184738956,11.891566265060241
2022-10-21,28.767168674698794,17.840763052208835,19.03925702811245,8.777911646586345,7.305522088353413,11.893373493975904
2022-10-22,28.76022864019254,17.845768150822302,19.040413156839147,8.775772162053752,7.301544324107501,11.898315282791817
2022-10-23,28.75811298076923,17.848357371794872,19.03916266025641,8.774839743589745,7.298778044871795,11.90204326923077
2022-10-24,28.75361010830325,17.84937825912555,19.048235058162856,8.775170477336543,7.29492579221821,11.897713598074608
2022-10-25,28.74789410348977,17.85148415563578,19.05515443241075,8.77426795026073,7.289209787404733,11.897111913357401
2022-10-26,28.746995192307693,17.851662660256412,19.056290064102562,8.770933493589745,7.28525641025641,11.900841346153847
2022-10-27,28.746995192307693,17.851662660256412,19.056290064102562,8.770933493589745,7.28525641025641,11.900841346153847
2022-10-28,28.741275571600482,17.8526875250702,19.064179703168872,8.77125952667469,7.281989570798235,11.898916967509026
2022-10-29,28.736778846153847,17.856470352564102,19.065304487179485,8.76913060897436,7.279246794871795,11.90264423076923
2022-10-30,28.728966346153847,17.860076121794872,19.073116987179485,8.770332532051283,7.272035256410256,11.90204326923077
2022-10-31,28.728966346153847,17.860076121794872,19.073116987179485,8.770332532051283,7.272035256410256,11.90204326923077
2022-11-01,28.725690276110445,17.86324529811925,19.071828731492594,8.77060824329732,7.268707482993197,11.90576230492197
2022-11-02,28.717687074829932,17.86604641856743,19.08143257302921,8.767406962785113,7.261504601840736,11.906762705082034
2022-11-03,28.71048419367747,17.864845938375353,19.08983593437375,8.76500600240096,7.256702681072428,11.906762705082034
2022-11-04,28.705328525641026,17.865284455128208,19.09775641025641,8.764723557692308,7.25400641025641,11.904847756410257
2022-11-05,28.702080832332932,17.86904761904762,19.09763905562225,8.763805522208884,7.2513005202080825,11.907362945178072
2022-11-06,28.700039968025578,17.872801758593127,19.095123900879294,8.7628896882494,7.248601119104716,11.911071143085532
2022-11-07,28.698003992015966,17.876546906187627,19.09321357285429,8.761976047904191,7.245309381237525,11.914171656686628
2022-11-08,28.69261477045908,17.879540918163674,19.102195608782434,8.759580838323354,7.238123752495009,11.912375249500998
2022-11-09,28.69261477045908,17.879540918163674,19.102195608782434,8.759580838323354,7.238123752495009,11.912375249500998
2022-11-10,28.691786283891545,17.879685007974484,19.10207336523126,8.757476076555024,7.2342503987240825,11.914872408293462
2022-11-11,28.685805422647526,17.88207735247209,19.112838915470494,8.753887559808613,7.227073365231259,11.916068580542266
2022-11-12,28.6774322169059,17.885665869218503,19.12121212121212,8.752691387559809,7.221092503987241,11.91726475279107
2022-11-13,28.676622859418558,17.889386698526486,19.119872560732773,8.750597371565114,7.217244125846276,11.92094782954998
2022-11-14,28.671246515332534,17.89356829948228,19.127041019514138,8.749402628434886,7.208283552369574,11.920350457984867
2022-11-15,28.670445505171042,17.894888623707242,19.12808273667462,8.746121718377088,7.204455051710421,11.922832140015911
2022-11-16,28.670445505171042,17.894888623707242,19.12808273667462,8.746121718377088,7.204455051710421,11.922832140015911
2022-11-17,28.670445505171042,17.894888623707242,19.12808273667462,8.746121718377088,7.204455051710421,11.922832140015911
2022-11-18,28.6652727996814,17.894763042612507,19.136001592990837,8.747610513739547,7.200517722023098,11.920350457984867
2022-11-19,28.663285600636435,17.89727525855211,19.135839299920445,8.745525059665871,7.197891805887032,11.921638822593478
2022-11-20,28.658512330946696,17.90085521081941,19.14299920445505,8.744331742243437,7.190135242641209,11.920445505171044
2022-11-21,28.657727453317438,17.903357171235598,19.140444974175605,8.74284862932062,7.187524831148192,11.924116011124354
2022-11-22,28.65694444444444,17.9046626984127,19.141468253968252,8.739583333333334,7.184920634920634,11.925396825396826
2022-11-23,28.65694444444444,17.9046626984127,19.141468253968252,8.739583333333334,7.184920634920634,11.925396825396826
2022-11-24,28.652777777777775,17.9046626984127,19.149801587301585,8.738392857142857,7.177777777777777,11.926587301587302
2022-11-25,28.647420634920632,17.905257936507937,19.161706349206348,8.73422619047619,7.172420634920635,11.92718253968254
2022-11-26,28.647839873166863,17.90655965120888,19.16151407055093,8.73216409036861,7.1686484344034875,11.928458184700753
2022-11-27,28.645882818685667,17.910233570863024,19.16013460015835,8.730106888361044,7.166072842438638,11.932106096595408
2022-11-28,28.64113222486144,17.914984164687255,19.16785431512272,8.728919239904988,7.157759303246238,11.930918448139352
2022-11-29,28.641557928034796,17.91627125345987,19.16884143930407,8.725682087781731,7.1551996836694345,11.931000395413207
2022-11-30,28.638756927949327,17.91617181314331,19.17616785431512,8.726543942992874,7.151821060965954,11.92735550277118
2022-12-01,28.64037168841439,17.91627125345987,19.17477263740609,8.722123368920522,7.149268485567418,11.931000395413207
2022-12-02,28.635231316725978,17.917062079873467,19.185053380782918,8.719750889679716,7.1429418742586,11.9282325029656
2022-12-03,28.63388625592417,17.918345181674567,19.18424170616114,8.71771327014218,7.140402843601896,11.931279620853081
2022-12-04,28.63388625592417,17.918345181674567,19.18424170616114,8.71771327014218,7.140402843601896,11.931279620853081
2022-12-05,28.633451957295375,17.917062079873467,19.193950177935942,8.718564650059312,7.134638196915777,11.926453143534994
2022-12-06,28.628113879003557,17.915579280347963,19.202253855278766,8.715599051008304,7.129300118623962,11.926749703440095
2022-12-07,28.628113879003557,17.915579280347963,19.202253855278766,8.715599051008304,7.129300118623962,11.926749703440095
2022-12-08,28.628554502369667,17.915679304897314,19.200829383886255,8.712381516587678,7.126777251184834,11.930390995260664
2022-12-09,28.625741399762752,17.915579280347963,19.209371293001187,8.712040332147094,7.123368920521945,11.925563463819692
2022-12-10,28.622182680901542,17.91795175958877,19.216488730723608,8.708481613285883,7.117437722419929,11.925563463819692
2022-12-11,28.621445497630333,17.920418641390206,19.21504739336493,8.706457345971565,7.113744075829384,11.92920616113744
2022-12-12,28.62099644128114,17.918544879398972,19.22479240806643,8.706109134045077,7.109134045077106,11.924377224199288
2022-12-13,28.617141162514827,17.919137999209173,19.231316725978647,8.704922894424675,7.104092526690391,11.924080664294188
2022-12-14,28.617141162514827,17.919137999209173,19.231316725978647,8.704922894424675,7.104092526690391,11.924080664294188
2022-12-15,28.61312351543943,17.91904196357878,19.237529691211403,8.704572446555819,7.100653206650831,11.921615201900238
2022-12-16,28.60896674584323,17.921417260490895,19.247030878859857,8.70041567695962,7.095308788598575,11.922209026128266
2022-12-17,28.6076512455516,17.923289837880585,19.24614472123369,8.698398576512455,7.09282325029656,11.92526690391459
2022-12-18,28.6076512455516,17.923289837880585,19.24614472123369,8.698398576512455,7.09282325029656,11.92526690391459
2022-12-19,28.605871886120998,17.925662317121393,19.252669039145907,8.696619217081851,7.085112692763938,11.922894424673784
2022-12-20,28.60515402843602,17.926935229067933,19.252369668246445,8.694609004739336,7.082642180094787,11.924170616113743
2022-12-21,28.60515402843602,17.931674565560822,19.257109004739338,8.694016587677725,7.077310426540285,11.919431279620854
2022-12-22,28.60515402843602,17.931674565560822,19.257109004739338,8.694016587677725,7.077310426540285,11.919431279620854
2022-12-23,28.60349940688019,17.932779754843814,19.265124555160142,8.69306049822064,7.07502965599051,11.913997627520759
2022-12-24,28.602784360189574,17.93522906793049,19.26303317535545,8.69164691943128,7.0725710900473935,11.916469194312796
2022-12-25,28.602313167259787,17.93633847370502,19.271648873072362,8.690688018979834,7.0679122182680905,11.909845788849347
2022-12-26,28.602313167259787,17.93633847370502,19.271648873072362,8.690688018979834,7.0679122182680905,11.909845788849347
2022-12-27,28.602313167259787,17.93633847370502,19.271648873072362,8.690688018979834,7.0679122182680905,11.909845788849347
2022-12-28,28.600653206650833,17.937450514647665,19.280285035629454,8.690320665083135,7.0644299287410925,11.903800475059382
2022-12-29,28.597800237812127,17.93737613951645,19.286563614744352,8.692330558858501,7.05975029726516,11.90011890606421
2022-12-30,28.595535714285713,17.937896825396827,19.294642857142858,8.691964285714286,7.056845238095238,11.895238095238096
2022-12-31,28.592449464922712,17.940348791121682,19.29310344827586,8.689952437574316,7.054399524375743,11.898929845422117
2023-01-01,28.591964285714287,17.941468253968253,19.300595238095237,8.688988095238095,7.050892857142857,11.892261904761904
2023-01-02,28.58779761904762,17.941468253968253,19.307142857142857,8.686607142857143,7.045535714285714,11.892261904761904
2023-01-03,28.58779761904762,17.941468253968253,19.307142857142857,8.686607142857143,7.045535714285714,11.892261904761904
2023-01-04,28.588287752675388,17.942726912405867,19.304399524375743,8.6846016646849,7.043103448275862,11.894768133174791
2023-01-05,28.588776722090262,17.942794932699922,19.304038004750595,8.681413301662708,7.040676959619953,11.898456057007126
2023-01-06,28.58650416171225,17.94213238208482,19.312128418549346,8.681629013079666,7.037158145065399,11.894768133174791
2023-01-07,28.58650416171225,17.94213238208482,19.312128418549346,8.681629013079666,7.037158145065399,11.894768133174791
2023-01-08,28.584619952494062,17.94457640538401,19.31057007125891,8.679631828978623,7.034738717339668,11.898456057007126
2023-01-09,28.58224465558195,17.946951702296122,19.317102137767222,8.677850356294536,7.028206650831354,11.895486935866984
2023-01-10,28.58274021352313,17.947014630288653,19.31791221826809,8.675860023724793,7.025800711743773,11.896797153024911
2023-01-11,28.581057007125892,17.946951702296122,19.323040380047505,8.67666270783848,7.024643705463183,11.891923990498812
2023-01-12,28.581057007125892,17.946951702296122,19.323040380047505,8.67666270783848,7.024643705463183,11.891923990498812
2023-01-13,28.576900237529692,17.949326999208235,19.331947743467932,8.67309976247031,7.020486935866983,11.891330166270784
2023-01-14,28.57562277580071,17.951166468960064,19.32977461447212,8.671708185053381,7.017497034400949,11.894424673784105
2023-01-15,28.57562277580071,17.951166468960064,19.32977461447212,8.671708185053381,7.017497034400949,11.894424673784105
2023-01-16,28.574436536180308,17.954725187821275,19.33511269276394,8.669928825622776,7.01097271648873,11.891459074733095
2023-01-17,28.572064056939503,17.955911427441677,19.343416370106763,8.666370106761565,7.005041518386714,11.887900355871887
2023-01-18,28.571555819477435,17.95585906571655,19.348574821852733,8.668349168646081,7.002672209026128,11.881828978622329
2023-01-19,28.572064056939503,17.95709766706208,19.348161328588375,8.665183867141163,6.999110320284697,11.884341637010676
2023-01-20,28.56977434679335,17.957046714172606,19.354513064133016,8.66478622327791,6.996733966745843,11.881235154394298
2023-01-21,28.568505338078293,17.959470146302888,19.352906287069988,8.662218268090154,6.9943653618030845,11.884341637010676
2023-01-22,28.568505338078293,17.959470146302888,19.352906287069988,8.662218268090154,6.9943653618030845,11.884341637010676
2023-01-23,28.566132858837484,17.9636219849743,19.3576512455516,8.661032028469752,6.986654804270462,11.88196915776987
2023-01-24,28.565462085308056,17.96484992101106,19.35841232227488,8.659063981042655,6.984300947867299,11.882109004739336
2023-01-25,28.565462085308056,17.96484992101106,19.35841232227488,8.659063981042655,6.984300947867299,11.882109004739336
2023-01-26,28.565462085308056,17.96840442338073,19.36078199052133,8.656694312796208,6.978969194312796,11.879739336492891
2023-01-27,28.561315165876778,17.972551342812007,19.365521327014218,8.65313981042654,6.974822274881516,11.880924170616113
2023-01-28,28.560650887573964,17.97554240631164,19.363313609467454,8.651183431952663,6.972485207100592,11.884023668639053
2023-01-29,28.560650887573964,17.97554240631164,19.363313609467454,8.651183431952663,6.972485207100592,11.884023668639053
2023-01-30,28.560059171597633,17.979092702169627,19.367455621301776,8.648816568047337,6.9653846153846155,11.881656804733728
2023-01-31,28.555325443786984,17.979092702169627,19.375147928994082,8.646449704142011,6.960650887573965,11.879881656804734
2023-02-01,28.555325443786984,17.979092702169627,19.375147928994082,8.646449704142011,6.960650887573965,11.879881656804734
2023-02-02,28.553486997635932,17.98148148148148,19.37352245862884,8.64450354609929,6.957151300236407,11.88356973995272
2023-02-03,28.551775147928993,17.982051282051284,19.37869822485207,8.644082840236686,6.954142011834319,11.880473372781065
2023-02-04,28.54934988179669,17.985618597320727,19.37647754137116,8.6427304964539,6.951832151300237,11.884160756501181
2023-02-05,28.54934988179669,17.985618597320727,19.37647754137116,8.6427304964539,6.951832151300237,11.884160756501181
2023-02-06,28.548167848699762,17.990937746256897,19.379432624113477,8.640366430260046,6.94355791962175,11.88356973995272
2023-02-07,28.547520661157026,17.994490358126722,19.37780401416765,8.638429752066116,6.941263282172373,11.884887839433294
2023-02-08,28.546985815602838,17.994483845547677,19.38416075650118,8.63918439716312,6.9388297872340425,11.878841607565011
2023-02-09,28.546985815602838,17.994483845547677,19.38416075650118,8.63918439716312,6.9388297872340425,11.878841607565011
2023-02-10,28.545266272189348,17.994477317554242,19.389349112426036,8.639349112426036,6.935798816568047,11.876331360946745
2023-02-11,28.542848699763592,17.99743892828999,19.3871158392435,8.638002364066194,6.933510638297872,11.880614657210401
2023-02-12,28.542848699763592,17.99743892828999,19.3871158392435,8.638002364066194,6.933510638297872,11.880614657210401
2023-02-13,28.542848699763592,18.001576044129237,19.390070921985817,8.635047281323876,6.927009456264775,11.880023640661939
2023-02-14,28.542207792207794,18.005116096025187,19.388429752066116,8.631936245572609,6.9247343565525386,11.881345926800472
2023-02-15,28.543926886792452,18.010416666666668,19.38443396226415,8.63060141509434,6.92128537735849,11.883844339622641
2023-02-16,28.541568396226417,18.011595911949687,19.38797169811321,8.628242924528301,6.917747641509434,11.881485849056604
2023-02-17,28.541568396226417,18.013954402515726,19.392688679245282,8.624115566037736,6.913620283018868,11.879716981132075
2023-02-18,28.540341578327443,18.01747153513938,19.38987043580683,8.622202591283864,6.9113663133097765,11.883981154299175
2023-02-19,28.540389150943398,18.01985062893082,19.39681603773585,8.62116745283019,6.907724056603773,11.877948113207546
2023-02-20,28.540930506478208,18.0239497447978,19.392226148409893,8.619257950530036,6.90547703180212,11.882214369846878
2023-02-21,28.54264705882353,18.02509803921569,19.389411764705883,8.616764705882353,6.903235294117647,11.884705882352941
2023-02-22,28.54210836277974,18.02512760109933,19.395759717314487,8.61749116607774,6.899587750294464,11.879858657243815
2023-02-23,28.54210836277974,18.02512760109933,19.395759717314487,8.61749116607774,6.899587750294464,11.879858657243815
2023-02-24,28.540389150943398,18.02692610062893,19.401533018867923,8.617040094339623,6.895931603773585,11.876768867924529
2023-02-25,28.540930506478208,18.030427954456222,19.39811542991755,8.614546525323911,6.893698468786808,11.880447585394581
2023-02-26,28.540930506478208,18.030427954456222,19.39811542991755,8.614546525323911,6.893698468786808,11.880447585394581
2023-02-27,28.54210836277974,18.03455045151158,19.40017667844523,8.612779740871614,6.887514723203769,11.878975265017667
2023-02-28,28.545,18.03686274509804,19.39735294117647,8.608529411764707,6.885294117647059,11.88029411764706
2023-03-01,28.545,18.03686274509804,19.39735294117647,8.608529411764707,6.885294117647059,11.88029411764706
2023-03-02,28.546176470588236,18.03450980392157,19.398529411764706,8.60735294117647,6.881764705882353,11.879117647058823
2023-03-03,28.545,18.038039215686275,19.40264705882353,8.603235294117647,6.875882352941177,11.88029411764706
2023-03-04,28.544359576968272,18.040344692518605,19.40099882491187,8.600176263219742,6.874853113983549,11.882784958871916
2023-03-05,28.546122209165688,18.043869956913436,19.404524089306697,8.597826086956522,6.868390129259694,11.87984723854289
2023-03-06,28.54264705882353,18.0421568627451,19.41264705882353,8.597941176470588,6.865882352941177,11.876176470588236
2023-03-07,28.544653349001177,18.04445750097924,19.408930669800235,8.5951821386604,6.863689776733255,11.878965922444184
2023-03-08,28.54529411764706,18.045686274509805,19.414117647058823,8.59470588235294,6.86,11.871764705882352
2023-03-09,28.546525323910483,18.047506870828425,19.419905771495877,8.593050647820967,6.855123674911661,11.865135453474677
2023-03-10,28.547169811320753,18.04874213836478,19.4251179245283,8.59257075471698,6.850825471698113,11.860849056603774
2023-03-11,28.547703180212014,18.05104043973302,19.422850412249705,8.590694935217904,6.848056537102473,11.86336866902238
2023-03-12,28.54952830188679,18.053459119496857,19.42865566037736,8.589033018867925,6.842570754716981,11.856132075471699
2023-03-13,28.54946996466431,18.05751864939144,19.424028268551236,8.587750294464076,6.839222614840989,11.861012956419318
2023-03-14,28.55,18.05980392156863,19.421176470588236,8.58470588235294,6.837058823529412,11.863529411764706
2023-03-15,28.551825677267374,18.062230074597565,19.4263839811543,8.584216725559482,6.833333333333333,11.856301531213193
2023-03-16,28.554181389870436,18.063407930899096,19.425206124852767,8.583038869257951,6.827444051825677,11.855123674911662
2023-03-17,28.555948174322733,18.069297212406752,19.42873969375736,8.57773851590106,6.820965842167255,11.852767962308599
2023-03-18,28.55529411764706,18.070392156862745,19.42705882352941,8.575882352941177,6.818823529411764,11.856470588235295
2023-03-19,28.55764705882353,18.076274509803923,19.427647058823528,8.573529411764707,6.811176470588236,11.853529411764706
2023-03-20,28.55699177438308,18.08029768899334,19.422444183313747,8.572267920094006,6.809048178613396,11.858401880141011
2023-03-21,28.5575117370892,18.08137715179969,19.420774647887324,8.56924882629108,6.806924882629108,11.860915492957746
2023-03-22,28.5575117370892,18.08137715179969,19.420774647887324,8.56924882629108,6.806924882629108,11.860915492957746
2023-03-23,28.560375146541617,18.084798749511528,19.416764361078545,8.566822977725675,6.8042203985932,11.864595545134819
2023-03-24,28.56161971830986,18.086658841940533,19.419600938967136,8.56631455399061,6.800469483568075,11.860915492957746
2023-03-25,28.560961313012896,18.088315748339195,19.416764361078545,8.565064478311841,6.797772567409144,11.864595545134819
2023-03-26,28.560961313012896,18.088315748339195,19.416764361078545,8.565064478311841,6.797772567409144,11.864595545134819
2023-03-27,28.563305978898008,18.093591246580697,19.4179366940211,8.56271981242673,6.789566236811255,11.86166471277843
2023-03-28,28.563817330210775,18.09465261514442,19.416276346604217,8.559718969555036,6.7862997658079625,11.864168618266978
2023-03-29,28.566236811254395,18.09828057835092,19.419695193434936,8.558030480656507,6.782532239155921,11.858147713950762
2023-03-30,28.566236811254395,18.09828057835092,19.419695193434936,8.558030480656507,6.782532239155921,11.858147713950762
2023-03-31,28.569753810082062,18.101211410707307,19.41852286049238,8.555685814771396,6.776670574443142,11.85873388042204
2023-04-01,28.568501170960186,18.102849336455893,19.416276346604217,8.554449648711945,6.773419203747072,11.862997658079625
2023-04-02,28.568501170960186,18.102849336455893,19.416276346604217,8.554449648711945,6.773419203747072,11.862997658079625
2023-04-03,28.570257611241217,18.108704137392664,19.414519906323186,8.552107728337237,6.766393442622951,11.860655737704919
2023-04-04,28.571929824561405,18.10916179337232,19.412280701754387,8.549707602339181,6.7631578947368425,11.86374269005848
2023-04-05,28.57377049180328,18.11104605776737,19.41510538641686,8.548302107728338,6.760538641686183,11.859484777517565
2023-04-06,28.57728337236534,18.115729898516783,19.411592505854802,8.547131147540984,6.753512880562061,11.858313817330211
2023-04-07,28.580304806565064,18.1199687377882,19.410902696365767,8.54601406799531,6.750293083235639,11.854630715123095
2023-04-08,28.57903981264637,18.12217017954723,19.40807962529274,8.545374707259953,6.7476580796252925,11.858313817330211
2023-04-09,28.57903981264637,18.12217017954723,19.40807962529274,8.545374707259953,6.7476580796252925,11.858313817330211
2023-04-10,28.5820633059789,18.125830402500977,19.408558030480656,8.544841735052755,6.743259085580305,11.852286049237984
2023-04-11,28.582259953161593,18.126854020296644,19.405444964871194,8.543618266978923,6.740339578454333,11.855971896955504
2023-04-12,28.582259953161593,18.126854020296644,19.405444964871194,8.543618266978923,6.740339578454333,11.855971896955504
2023-04-13,28.582748538011696,18.127875243664718,19.402631578947368,8.541812865497077,6.737134502923976,11.859649122807017
2023-04-14,28.586943793911008,18.132123341139735,19.40134660421546,8.54069086651054,6.7333138173302105,11.855971896955504
2023-04-15,28.585087719298247,18.135477582846004,19.397368421052633,8.540058479532163,6.731286549707602,11.859649122807017
2023-04-16,28.589285714285715,18.14032006245121,19.396662763466043,8.538934426229508,6.726288056206089,11.854215456674472
2023-04-17,28.58801169590643,18.14366471734893,19.39152046783626,8.538304093567252,6.723684210526316,11.85906432748538
2023-04-18,28.588492990654206,18.143496884735203,19.38872663551402,8.536507009345794,6.7205023364485985,11.862733644859814
2023-04-19,28.588492990654206,18.143496884735203,19.38872663551402,8.536507009345794,6.7205023364485985,11.862733644859814
2023-04-20,28.588492990654206,18.143496884735203,19.38872663551402,8.536507009345794,6.7205023364485985,11.862733644859814
2023-04-21,28.594334112149532,18.148753894080997,19.383469626168225,8.533002336448599,6.7140771028037385,11.863901869158878
2023-04-22,28.594224037339558,18.15033061065733,19.379521586931155,8.532380396732789,6.710910151691949,11.868144690781797
2023-04-23,28.599007009345794,18.15576323987539,19.379964953271028,8.530665887850468,6.70589953271028,11.862733644859814
2023-04-24,28.59772462077013,18.157915208090238,19.374270711785297,8.531213535589265,6.7033255542590435,11.867561260210035
2023-04-25,28.599358974358974,18.15773115773116,19.370337995337994,8.529428904428904,6.700174825174825,11.871212121212121
2023-04-26,28.602153667054715,18.159875824602253,19.365250291036087,8.528230500582072,6.698195576251456,11.876018626309662
2023-04-27,28.60402097902098,18.164724164724166,19.362179487179485,8.527680652680653,6.69551282051282,11.873543123543124
2023-04-28,28.608226371061843,18.168416958381954,19.359101516919488,8.528296382730455,6.692823803967328,11.869894982497083
2023-04-29,28.61056009334889,18.174834694671336,19.349766627771295,8.526546091015168,6.688156359393232,11.873395565927655
2023-04-30,28.614193925233646,18.17971183800623,19.349007009345794,8.525992990654206,6.68428738317757,11.867990654205608
2023-05-01,28.614193925233646,18.17971183800623,19.349007009345794,8.525992990654206,6.68428738317757,11.867990654205608
2023-05-02,28.614060676779463,18.180669000388953,19.344515752625437,8.524795799299884,6.6814469078179695,11.873103850641774
2023-05-03,28.617114485981308,18.185552959501557,19.340245327102803,8.525408878504672,6.678738317757009,11.870619158878505
2023-05-04,28.61872812135356,18.184169583819525,19.33634772462077,8.52362893815636,6.676779463243874,11.87543757292882
2023-05-05,28.62222870478413,18.189420458965383,19.330513418903152,8.52071178529755,6.672112018669778,11.877187864644107
2023-05-06,28.623251748251747,18.18978243978244,19.3254662004662,8.520687645687646,6.668997668997669,11.881993006993007
2023-05-07,28.626896149358227,18.19408790353948,19.32467911318553,8.519544924154026,6.665110851808635,11.877771295215869
2023-05-08,28.626165501165502,18.196192696192696,19.318473193473192,8.520104895104895,6.6625874125874125,11.883158508158509
2023-05-09,28.626600698486612,18.19596429957315,19.314610011641445,8.518335273573923,6.659487776484284,11.887951105937136
2023-05-10,28.626600698486612,18.19596429957315,19.314610011641445,8.518335273573923,6.659487776484284,11.887951105937136
2023-05-11,28.627764842840513,18.200620876988747,19.307625145518045,8.518335273573923,6.654831199068685,11.887951105937136
2023-05-12,28.630244755244757,18.204933954933956,19.30448717948718,8.517773892773892,6.652680652680653,11.88490675990676
2023-05-13,28.63009313154831,18.205859526581296,19.300640279394646,8.517753201396973,6.650174621653085,11.889697322467986
2023-05-14,28.631410256410255,18.21076146076146,19.300990675990676,8.517773892773892,6.646270396270396,11.88490675990676
2023-05-15,28.63067520372526,18.212844392704696,19.295401629802097,8.517753201396973,6.644353899883585,11.890279394644937
2023-05-16,28.632267441860463,18.211434108527133,19.290406976744187,8.517151162790698,6.6412790697674415,11.895058139534884
2023-05-17,28.633003492433062,18.216336825766394,19.288416763678697,8.516589057043074,6.639697322467986,11.891443538998836
2023-05-18,28.63766006984866,18.217500970120295,19.284924330616995,8.514842840512223,6.635040745052386,11.893189755529686
2023-05-19,28.638986013986013,18.221833721833722,19.28350815850816,8.514277389277389,6.6328671328671325,11.890151515151516
2023-05-20,28.63824214202561,18.223321691889794,19.278521536670546,8.513678696158324,6.630966239813737,11.895518044237486
2023-05-21,28.639568764568764,18.22882672882673,19.280011655011656,8.512529137529137,6.625874125874126,11.890734265734265
2023-05-22,28.63824214202561,18.231470702367094,19.273864959254947,8.512514551804424,6.623981373690338,11.896682188591384
2023-05-23,28.63982558139535,18.2312015503876,19.267732558139535,8.51075581395349,6.622093023255814,11.901453488372093
2023-05-24,28.63824214202561,18.236127279782693,19.266880093131547,8.511350407450523,6.620488940628638,11.899010477299186
2023-05-25,28.637820512820515,18.241064491064492,19.263694638694638,8.511946386946388,6.618881118881119,11.897727272727273
2023-05-26,28.636655011655012,18.246891996891996,19.260198135198134,8.508449883449883,6.6142191142191145,11.901223776223777
2023-05-27,28.63649592549476,18.24776872332169,19.25407450523865,8.508440046565774,6.611757857974389,11.907159487776484
2023-05-28,28.634324009324008,18.252136752136753,19.25553613053613,8.507867132867133,6.608974358974359,11.90472027972028
2023-05-29,28.634324009324008,18.252136752136753,19.25553613053613,8.507867132867133,6.608974358974359,11.90472027972028
2023-05-30,28.634749708963913,18.251843228560343,19.24941792782305,8.506111757857974,6.60710128055879,11.910651920838184
2023-05-31,28.63183934807916,18.258828094683743,19.2418509895227,8.506111757857974,6.60244470314319,11.915308498253783
2023-06-01,28.63067520372526,18.26232052774544,19.2371944121071,8.506111757857974,6.59662398137369,11.918800931315483
2023-06-02,28.627913752913752,18.266122766122766,19.236888111888113,8.506701631701631,6.594988344988345,11.917540792540793
2023-06-03,28.626018626309662,18.26755917733799,19.23079161816065,8.506693830034925,6.593131548311991,11.924621653084982
2023-06-04,28.626018626309662,18.26755917733799,19.23079161816065,8.506693830034925,6.593131548311991,11.924621653084982
2023-06-05,28.623108265424914,18.27221575475359,19.225552968568103,8.506111757857974,6.587892898719441,11.929278230500582
2023-06-06,28.624127906976746,18.2718992248062,19.220058139534885,8.50436046511628,6.584883720930232,11.936337209302325
2023-06-07,28.62369033760186,18.27396197128444,19.220314318975554,8.504365541327125,6.582072176949942,11.93393480791618
2023-06-08,28.62369033760186,18.27396197128444,19.220314318975554,8.504365541327125,6.582072176949942,11.93393480791618
2023-06-09,28.622474747474747,18.278554778554778,19.220182595182596,8.50417637917638,6.579642579642579,11.931526806526806
2023-06-10,28.62058595265813,18.280558789289874,19.21410554908809,8.503007372914242,6.577803647652309,11.939173457508732
2023-06-11,28.62058595265813,18.280558789289874,19.21410554908809,8.503007372914242,6.577803647652309,11.939173457508732
2023-06-12,28.618701550387595,18.282558139534885,19.206879844961243,8.502422480620156,6.575387596899224,11.94796511627907
2023-06-13,28.61914440572977,18.282229965156795,19.200832365466514,8.500677506775068,6.572396438250096,11.9561556329849
2023-06-14,28.61914440572977,18.282229965156795,19.200832365466514,8.500677506775068,6.572396438250096,11.9561556329849
2023-06-15,28.61914440572977,18.282229965156795,19.200832365466514,8.500677506775068,6.572396438250096,11.9561556329849
2023-06-16,28.618426140757926,18.2830626450116,19.197119102861564,8.497776488785771,6.570572312451662,11.96316705336427
2023-06-17,28.61655079181151,18.28505214368482,19.191096948628815,8.496040942448822,6.5681730397837,11.971320973348783
2023-06-18,28.61655079181151,18.28505214368482,19.191096948628815,8.496040942448822,6.5681730397837,11.971320973348783
2023-06-19,28.61410108024691,18.287037037037038,19.1845100308642,8.494888117283951,6.565779320987654,11.980613425925926
2023-06-20,28.61223506743738,18.286705202312138,19.179672447013488,8.49315992292871,6.56281310211946,11.988728323699421
2023-06-21,28.61223506743738,18.286705202312138,19.179672447013488,8.49315992292871,6.56281310211946,11.988728323699421
2023-06-22,28.61223506743738,18.289017341040463,19.176204238921002,8.488535645472062,6.555876685934489,11.994508670520231
2023-06-23,28.608314043209877,18.292824074074073,19.17640817901235,8.489101080246915,6.553047839506172,11.994502314814815
2023-06-24,28.605876685934486,18.29421965317919,19.170423892100192,8.4873795761079,6.55009633911368,12.003757225433526
2023-06-25,28.605876685934486,18.29421965317919,19.170423892100192,8.4873795761079,6.55009633911368,12.003757225433526
2023-06-26,28.601830443159923,18.29942196531792,19.16637764932563,8.483333333333334,6.54373795761079,12.010115606936417
2023-06-27,28.59998075442648,18.29907621247113,19.161566589684373,8.481620477290225,6.540800615858352,12.018187066974596
2023-06-28,28.599518304431598,18.302890173410404,19.16059730250482,8.48102119460501,6.53795761078998,12.015895953757225
2023-06-29,28.601830443159923,18.308670520231214,19.153660886319848,8.48102119460501,6.532177263969171,12.019364161849712
2023-06-30,28.597784200385355,18.3121387283237,19.15077071290944,8.478131021194606,6.528131021194604,12.026300578034682
2023-07-01,28.594784449576597,18.312355658198616,19.14540030792918,8.476424172440339,6.526366435719784,12.034930715935335
2023-07-02,28.59431599229287,18.31676300578035,19.146724470134878,8.475240847784201,6.521772639691714,12.03208092485549
2023-07-03,28.590742879137796,18.317551963048498,19.14135873749038,8.472959969207084,6.520015396458814,12.04243648960739
2023-07-04,28.589484813533254,18.31660899653979,19.136005382545175,8.470684352172242,6.517685505574779,12.051038062283737
2023-07-05,28.589484813533254,18.31660899653979,19.136005382545175,8.470684352172242,6.517685505574779,12.051038062283737
2023-07-06,28.588805683563745,18.316244239631338,19.130088325652842,8.468990015360983,6.514784946236559,12.060195852534562
2023-07-07,28.586024605920798,18.32006920415225,19.13081507112649,8.468954248366014,6.512495194156093,12.059111880046137
2023-07-08,28.58419738863287,18.320276497695854,19.124903993855607,8.466685867895546,6.510752688172043,12.068260368663594
2023-07-09,28.581410995770856,18.325836216839676,19.12447135717032,8.465494040753557,6.507304882737408,12.067185697808535
2023-07-10,28.578437019969275,18.326612903225808,19.118567588325654,8.463805683563749,6.505568356374807,12.076900921658986
2023-07-11,28.57325268817204,18.328341013824886,19.113959293394778,8.46207757296467,6.501536098310291,12.083813364055299
2023-07-12,28.57218377547097,18.33275663206459,19.113514033064206,8.460880430603614,6.499231064975009,12.081603229527104
2023-07-13,28.569380292532717,18.337759815242496,19.11249037721324,8.461412625096228,6.4963433410315625,12.08054272517321
2023-07-14,28.565338722093916,18.340069284064665,19.108448806774444,8.459103156274058,6.490569668976135,12.08920323325635
2023-07-15,28.562956555171088,18.340253748558247,19.10313341022684,8.457420222991159,6.488850442137639,12.098327566320647
2023-07-16,28.56129715165512,18.344110854503466,19.104407236335643,8.456793687451887,6.484795996920708,12.096131639722863
2023-07-17,28.55949634755863,18.343713956170703,19.098519800076893,8.455113417916186,6.483083429450211,12.105824682814303
2023-07-18,28.556547619047617,18.34331797235023,19.093798003072198,8.453437019969279,6.480222734254992,12.11491935483871
2023-07-19,28.556547619047617,18.34331797235023,19.093798003072198,8.453437019969279,6.480222734254992,12.11491935483871
2023-07-20,28.55590717299578,18.342922899884925,19.08678557729191,8.451764480245494,6.477368622938243,12.123993095512082
2023-07-21,28.55366743471582,18.34619815668203,19.087461597542244,8.450556835637482,6.475614439324116,12.122407834101383
2023-07-22,28.55072880705792,18.3457997698504,19.08275795934024,8.448887610280016,6.47391637897967,12.132623705408516
2023-07-23,28.55072880705792,18.3457997698504,19.08275795934024,8.448887610280016,6.47391637897967,12.132623705408516
2023-07-24,28.549059139784944,18.350230414746544,19.08342933947773,8.448828725038403,6.469278033794162,12.130472350230415
2023-07-25,28.546988876102798,18.35011507479862,19.07757959340238,8.446873801304182,6.467299578059071,12.13981588032221
2023-07-26,28.546988876102798,18.35011507479862,19.07757959340238,8.446873801304182,6.467299578059071,12.13981588032221
2023-07-27,28.545838128116607,18.353567318757193,19.072976601457615,8.445723053317991,6.461545838128116,12.146720368239356
2023-07-28,28.54358678955453,18.356278801843317,19.074212749615977,8.444508448540708,6.459197388632872,12.146313364055299
2023-07-29,28.541235136171842,18.355868814729575,19.06952435749904,8.442270809359417,6.457518220176448,12.156501726121979
2023-07-30,28.540130568356375,18.359158986175114,19.07018049155146,8.44220430107527,6.4528609831029184,12.154377880184331
2023-07-31,28.537782892213272,18.35932105868815,19.064345991561183,8.439969313387035,6.451189106252397,12.165132336018411
2023-08-01,28.533716475095783,18.357758620689655,19.059674329501917,8.437164750957855,6.4495210727969345,12.175287356321839
2023-08-02,28.533179900268507,18.35932105868815,19.059742999616418,8.436517069428463,6.447736862293824,12.17433831990794
2023-08-03,28.531417624521072,18.357758620689655,19.05507662835249,8.434865900383143,6.444923371647509,12.184482758620689
2023-08-04,28.530303030303028,18.358170310701958,19.056290755657844,8.43421557345608,6.44313387034906,12.184119677790564
2023-08-05,28.528544061302682,18.35890804597701,19.05162835249042,8.431992337164752,6.4414750957854405,12.193103448275862
2023-08-06,28.526850786344458,18.35932105868815,19.056290755657844,8.431338703490603,6.4379555044112005,12.19102416570771
2023-08-07,28.523398542385884,18.360471806674337,19.051687763713083,8.430763329497507,6.433927886459531,12.199079401611048
2023-08-08,28.51934865900383,18.35890804597701,19.047030651340997,8.42911877394636,6.431130268199233,12.209195402298851
2023-08-09,28.515900383141762,18.357758620689655,19.04243295019157,8.427969348659005,6.426532567049808,12.219540229885057
2023-08-10,28.513041810510163,18.361622554660528,19.041331031837363,8.429612581511316,6.423571154583812,12.218642117376294
2023-08-11,28.51190476190476,18.36261520737327,19.04253072196621,8.428955453149003,6.421754992319508,12.21831797235023
2023-08-12,28.50958956655159,18.36392405063291,19.037303413885695,8.426735711545838,6.420694284618335,12.226697353279631
2023-08-13,28.50958956655159,18.36392405063291,19.037303413885695,8.426735711545838,6.420694284618335,12.226697353279631
2023-08-14,28.505561948599922,18.3656501726122,19.035001917913313,8.423858841580362,6.415515918680475,12.23475258918297
2023-08-15,28.501532567049807,18.364080459770115,19.03036398467433,8.422222222222222,6.4127394636015325,12.244827586206897
2023-08-16,28.498657460682775,18.36680092059839,19.03154967395474,8.42155734560798,6.40976217874952,12.242807825086306
2023-08-17,28.496934865900382,18.36522988505747,19.025766283524906,8.41992337164751,6.406992337164751,12.25287356321839
2023-08-18,28.493486590038312,18.36637931034483,19.02461685823755,8.418773946360155,6.401245210727969,12.259770114942528
2023-08-19,28.490613026819922,18.367528735632185,19.02346743295019,8.415900383141762,6.395498084291187,12.266091954022988
2023-08-20,28.488876102800152,18.370253164556964,19.02234369006521,8.415228231683928,6.393651706942846,12.267548906789413
2023-08-21,28.486590038314176,18.370402298850575,19.016570881226055,8.414750957854407,6.392049808429118,12.277011494252873
2023-08-22,28.48373517030233,18.369977037887487,19.01081132797551,8.413126674320704,6.3893034825870645,12.285878300803674
2023-08-23,28.48432721712538,18.370699541284402,19.00506498470948,8.411506116207951,6.387710244648318,12.293577981651376
2023-08-24,28.48432721712538,18.370699541284402,19.00506498470948,8.411506116207951,6.387710244648318,12.293577981651376
2023-08-25,28.481438959050898,18.373421354764638,19.006792958285498,8.41140451588213,6.385285112897053,12.29276693455798
2023-08-26,28.479166666666664,18.372993119266056,19.001051223241593,8.409785932721713,6.383696483180428,12.302178899082568
2023-08-27,28.479166666666664,18.372993119266056,19.001051223241593,8.409785932721713,6.383696483180428,12.302178899082568
2023-08-28,28.47457951070336,18.376433486238533,18.997610856269116,8.406345565749236,6.378535932721713,12.309633027522937
2023-08-29,28.471744940817103,18.374856815578465,18.99188621611302,8.404734631538757,6.375811378388698,12.31958762886598
2023-08-30,28.471139143730884,18.376433486238533,18.991876911314986,8.40519877675841,6.372801987767584,12.318807339449542
2023-08-31,28.468845565749234,18.376433486238533,18.98614296636086,8.40290519877676,6.368214831804281,12.330275229357799
2023-09-01,28.46593953310371,18.379735935706083,18.9872751626483,8.402219670876388,6.366341370072713,12.3300803673938
2023-09-02,28.463111620795107,18.379300458715598,18.981555810397555,8.400611620795107,6.364774464831804,12.339449541284404
2023-09-03,28.4619211634137,18.38203214695752,18.983256792958286,8.399923459624953,6.3617489475698425,12.336969001148105
2023-09-04,28.459671253822627,18.381020642201836,18.976968654434252,8.398891437308869,6.359613914373089,12.347477064220184
2023-09-05,28.45799923634975,18.378293241695303,18.97126765941199,8.39728904161894,6.356911034746086,12.357388316151203
2023-09-06,28.457377675840977,18.378727064220183,18.971234709480125,8.396597859327217,6.355026758409785,12.357798165137615
2023-09-07,28.457377675840977,18.378727064220183,18.971234709480125,8.396597859327217,6.355026758409785,12.357798165137615
2023-09-08,28.455032529659395,18.380884041331804,18.97177573670111,8.3964791427478,6.353138155376961,12.357634902411021
2023-09-09,28.452790519877674,18.37987385321101,18.966074159021407,8.394304281345567,6.3515863914373085,12.368119266055047
2023-09-10,28.452790519877674,18.37987385321101,18.966074159021407,8.394304281345567,6.3515863914373085,12.368119266055047
2023-09-11,28.44820336391437,18.382740825688074,18.96206039755352,8.392010703363916,6.3464258409785925,12.377866972477063
2023-09-12,28.444762996941893,18.381594036697248,18.955179663608565,8.390290519877677,6.341265290519877,12.388188073394495
2023-09-13,28.442977420589358,18.385476463834674,18.955128205128208,8.389590508993495,6.338212782242633,12.387485648679679
2023-09-14,28.442469418960243,18.382740825688074,18.95059250764526,8.387996941896025,6.335531345565749,12.398509174311927
2023-09-15,28.439029051987767,18.383887614678898,18.947725535168196,8.383983180428135,6.331517584097859,12.408256880733944
2023-09-16,28.43680794196258,18.38172966781214,18.943203512791143,8.381825124093165,6.329992363497518,12.418671248568156
2023-09-17,28.43558868501529,18.383887614678898,18.944858562691135,8.379969418960245,6.327503822629969,12.417431192660551
2023-09-18,28.43558868501529,18.383887614678898,18.944858562691135,8.379969418960245,6.327503822629969,12.417431192660551
2023-09-19,28.433753340969833,18.38192058037419,18.939767086674305,8.377243222604047,6.325219549446354,12.428407789232532
2023-09-20,28.432530581039753,18.38465214067278,18.939698012232416,8.375955657492355,6.322725535168196,12.428325688073395
2023-09-21,28.43432607865597,18.384211531118748,18.934039709812907,8.374379534173348,6.321210385643376,12.435853379152348
2023-09-22,28.432530581039753,18.38637232415902,18.93396406727829,8.373662079510703,6.318711773700306,12.436353211009175
2023-09-23,28.430889652539133,18.384784268804886,18.928885070637648,8.37151584574265,6.316628484154258,12.446735395189004
2023-09-24,28.430889652539133,18.384784268804886,18.928885070637648,8.37151584574265,6.316628484154258,12.446735395189004
2023-09-25,28.4302370030581,18.388092507645258,18.928803516819574,8.369648318042815,6.314124617737003,12.444954128440367
2023-09-26,28.428598701794574,18.386788850706377,18.922871324933183,8.367220313096603,6.31204658266514,12.455040091638029
2023-09-27,28.428598701794574,18.386788850706377,18.922871324933183,8.367220313096603,6.31204658266514,12.455040091638029
2023-09-28,28.428598701794574,18.385643375334098,18.915998472699506,8.364929362352044,6.306319205803742,12.465349369988544
2023-09-29,28.427370030581038,18.387805810397552,18.91704892966361,8.363627675840979,6.303803516819572,12.465883027522937
2023-09-30,28.425162275677735,18.386216113020236,18.911989308896526,8.362065673921345,6.302310042000764,12.4762313860252
2023-10-01,28.422782874617734,18.38952599388379,18.91303516819572,8.361334097859327,6.29921636085627,12.474483944954128
2023-10-02,28.42143948071783,18.389079801450936,18.907121038564338,8.358629247804506,6.297155402825506,12.484249713631156
2023-10-03,28.42077599388379,18.391819571865444,18.904720948012233,8.359040519877677,6.29520259938838,12.483658256880734
2023-10-04,28.418962877918098,18.39169536930731,18.90575966322235,8.358304630692691,6.293245311902028,12.483639494833525
2023-10-05,28.418962877918098,18.39169536930731,18.90575966322235,8.358304630692691,6.293245311902028,12.483639494833525
2023-10-06,28.41944444444444,18.39214559386973,18.90565134099617,8.358716475095786,6.290134099616859,12.483045977011495
2023-10-07,28.417240719479523,18.38997321086873,18.90116724071948,8.356582472254114,6.288652889399159,12.493398392652123
2023-10-08,28.417720306513406,18.391570881226052,18.901053639846744,8.355842911877396,6.28668582375479,12.492816091954023
2023-10-09,28.415899501342537,18.394322976601458,18.90324127349444,8.353950901419257,6.282412734944381,12.49108170310702
2023-10-10,28.414846743295016,18.393295019157087,18.897318007662836,8.35124521072797,6.28036398467433,12.501149425287357
2023-10-11,28.414846743295016,18.393295019157087,18.897318007662836,8.35124521072797,6.28036398467433,12.501149425287357
2023-10-12,28.415518561040948,18.389399158055873,18.890547263681594,8.347397627248375,6.277745885954841,12.513203214695752
2023-10-13,28.41599616858237,18.390996168582376,18.891570881226055,8.346647509578546,6.273467432950192,12.51264367816092
2023-10-14,28.41494450822809,18.388825105243015,18.885954841178723,8.343953310371221,6.272005357826254,12.524110218140068
2023-10-15,28.41599616858237,18.390996168582376,18.885249042145595,8.343199233716476,6.268869731800766,12.522988505747126
2023-10-16,28.415518561040948,18.388825105243015,18.87849215461156,8.340508993494069,6.266838882510525,12.535017221584386
2023-10-17,28.419629204892964,18.383792048929664,18.87289755351682,8.33553134556575,6.264239296636086,12.544724770642201
2023-10-18,28.420110983543818,18.384232682740144,18.871603520857253,8.335916570991198,6.261098354381937,12.545350172215844
2023-10-19,28.420110983543818,18.384232682740144,18.871603520857253,8.335916570991198,6.261098354381937,12.545350172215844
2023-10-20,28.42240719479525,18.38193647148871,18.865862992728665,8.331324148488328,6.256505931879066,12.554535017221584
2023-10-21,28.424216360856267,18.378058103975533,18.860282874617738,8.32750382262997,6.254491590214068,12.564793577981652
2023-10-22,28.42355530042097,18.38193647148871,18.85897435897436,8.327879831611176,6.251339456563337,12.564293915040183
2023-10-23,28.42346743295019,18.384674329501916,18.857662835249045,8.327107279693488,6.248754789272031,12.562643678160919
2023-10-24,28.424990432453118,18.38107539226942,18.851511672407195,8.323574435514734,6.246747034060467,12.572904707233066
2023-10-25,28.430730960581705,18.38107539226942,18.84462303865289,8.320130118637582,6.2398584003061615,12.57979334098737
2023-10-26,28.428927203065133,18.3838122605364,18.84329501915709,8.321647509578545,6.237835249042146,12.57816091954023
2023-10-27,28.42827004219409,18.386555427694667,18.843114691215956,8.320866896816264,6.234656693517453,12.577675489067895
2023-10-28,28.42950191570881,18.3838122605364,18.838122605363985,8.317624521072798,6.232662835249043,12.586781609195402
2023-10-29,28.428557729190636,18.387130801687764,18.837360951285003,8.317126965861144,6.23005370157269,12.585730724971231
2023-10-30,28.430938697318005,18.384961685823754,18.83065134099617,8.31388888888889,6.227490421455939,12.595402298850574
2023-10-31,28.431592039800993,18.38107539226942,18.82510524301569,8.310084194412553,6.223784921546116,12.606199770378876
2023-11-01,28.431592039800993,18.38107539226942,18.82510524301569,8.310084194412553,6.223784921546116,12.606199770378876
2023-11-02,28.43339067278287,18.378344801223243,18.819571865443425,8.305141437308869,6.2223814984709485,12.61697247706422
2023-11-03,28.43274014542671,18.38107539226942,18.82051282051282,8.304343666283966,6.2191924990432454,12.616532721010334
2023-11-04,28.43109709480122,18.379491590214066,18.817278287461775,8.300554281345567,6.21664755351682,12.626146788990825
2023-11-05,28.432243883792047,18.379491590214066,18.81039755351682,8.298260703363916,6.2109136085626915,12.636467889908257
2023-11-06,28.433964067278286,18.380638379204893,18.80466360856269,8.293100152905199,6.2057530581039755,12.645642201834862
2023-11-07,28.434612447499042,18.37676594119893,18.799159984726998,8.289327987781597,6.203226422298588,12.655211912943871
2023-11-08,28.43281727828746,18.377771406727827,18.801223241590215,8.288512996941897,6.20059250764526,12.654816513761467
2023-11-09,28.434612447499042,18.373902252768232,18.79686903398244,8.284746086292479,6.19807178312333,12.664375715922107
2023-11-10,28.43575792287132,18.372756777395953,18.79457808323788,8.280164184803361,6.192344406261932,12.673539518900343
2023-11-11,28.436403508771928,18.37061403508772,18.79023646071701,8.276983218916858,6.189836003051107,12.6824942791762
2023-11-12,28.4369033982436,18.37218403970981,18.79114165712104,8.277300496372662,6.187762504772814,12.68213058419244
2023-11-13,28.44033982436044,18.37332951508209,18.784841542573503,8.272145857197405,6.182607865597556,12.691294387170675
2023-11-14,28.442124332570554,18.368325705568267,18.77936689549962,8.268401983218917,6.18011060259344,12.700800915331808
2023-11-15,28.442124332570554,18.368325705568267,18.77936689549962,8.268401983218917,6.18011060259344,12.700800915331808
2023-11-16,28.442124332570554,18.368325705568267,18.77936689549962,8.268401983218917,6.18011060259344,12.700800915331808
2023-11-17,28.443776250477278,18.37332951508209,18.773959526536846,8.268709431080566,6.178598701794578,12.70160366552119
2023-11-18,28.444412662090006,18.37061403508772,18.76906941266209,8.266113653699467,6.176106025934401,12.710526315789474
2023-11-19,28.447212676594116,18.37562046582665,18.761932035127913,8.266418480336007,6.17401680030546,12.710194730813287
2023-11-20,28.447212676594116,18.37562046582665,18.761932035127913,8.266418480336007,6.17401680030546,12.710194730813287
2023-11-21,28.448989321128906,18.372616323417237,18.75591151792525,8.262967200610221,6.171243325705569,12.719679633867276
2023-11-22,28.451794578083234,18.37934326078656,18.747613592974417,8.263841160748377,6.170294005345552,12.719358533791523
2023-11-23,28.455854309687258,18.377765064836,18.74160945842868,8.261250953470634,6.16723874904653,12.72654462242563
2023-11-24,28.46214721586575,18.38119755911518,18.727879481311977,8.257818459191457,6.163234172387491,12.737986270022883
2023-11-25,28.46333333333333,18.37847619047619,18.72304761904762,8.254666666666667,6.160761904761905,12.747428571428571
2023-11-26,28.46333333333333,18.37847619047619,18.72304761904762,8.254666666666667,6.160761904761905,12.747428571428571
2023-11-27,28.4707619047619,18.381333333333334,18.707047619047618,8.251238095238095,6.156761904761905,12.757142857142858
2023-11-28,28.472507610350075,18.376331811263316,18.70281582952816,8.247526636225267,6.154299847792998,12.766552511415526
2023-11-29,28.472507610350075,18.376331811263316,18.70281582952816,8.247526636225267,6.154299847792998,12.766552511415526
2023-11-30,28.472507610350075,18.376331811263316,18.70281582952816,8.247526636225267,6.154299847792998,12.766552511415526
2023-12-01,28.477047619047617,18.384190476190476,18.69333333333333,8.247238095238096,6.152190476190476,12.766285714285715
2023-12-02,28.47821537290715,18.382039573820396,18.688546423135463,8.24410197869102,6.149162861491629,12.775114155251142
2023-12-03,28.47821537290715,18.382039573820396,18.688546423135463,8.24410197869102,6.149162861491629,12.775114155251142
2023-12-04,28.482190476190475,18.388190476190477,18.68133333333333,8.243238095238096,6.145904761904762,12.774285714285714
2023-12-05,28.483637747336374,18.384037290715373,18.675418569254184,8.240106544901066,6.143169710806697,12.785102739726028
2023-12-06,28.483637747336374,18.384037290715373,18.675418569254184,8.240106544901066,6.143169710806697,12.785102739726028
2023-12-07,28.488203957382037,18.385178843226786,18.66343226788432,8.236111111111112,6.138032724505328,12.79480593607306
2023-12-08,28.491619047619047,18.39247619047619,18.655047619047618,8.236952380952381,6.135904761904762,12.794
2023-12-09,28.493340943683407,18.388603500761036,18.650304414003042,8.233257229832573,6.133466514459665,12.803367579908675
2023-12-10,28.493340943683407,18.388603500761036,18.650304414003042,8.233257229832573,6.133466514459665,12.803367579908675
2023-12-11,28.496476190476187,18.395047619047617,18.642190476190475,8.233238095238097,6.130761904761905,12.802857142857142
2023-12-12,28.499334094368336,18.390791476407912,18.636320395738203,8.229927701674278,6.127568493150685,12.813546423135463
2023-12-13,28.502190476190474,18.396952380952378,18.62904761904762,8.22904761904762,6.126571428571428,12.81447619047619
2023-12-14,28.502190476190474,18.396952380952378,18.62904761904762,8.22904761904762,6.126571428571428,12.81447619047619
2023-12-15,28.509047619047617,18.398666666666664,18.615904761904762,8.225619047619048,6.122,12.824761904761903
2023-12-16,28.51189117199391,18.39478691019787,18.610635464231354,8.221936834094368,6.119577625570776,12.83466514459665
2023-12-17,28.513619047619045,18.40095238095238,18.60447619047619,8.222190476190477,6.117428571428571,12.833333333333332
2023-12-18,28.51702815829528,18.397640791476405,18.597507610350075,8.218512176560122,6.115011415525114,12.84493911719939
2023-12-19,28.51985936906119,18.392626377803115,18.591125047510452,8.214842265298365,6.111459521094641,12.856518434055491
2023-12-20,28.523877473363772,18.398782343987822,18.582667427701672,8.215087519025875,6.109303652968037,12.856354642313546
2023-12-21,28.528981375902696,18.395477004941085,18.578012162675787,8.211421512732802,6.106043329532497,12.863930064614214
2023-12-22,28.53186834094368,18.40220700152207,18.57068112633181,8.212233637747337,6.103310502283105,12.863774733637747
2023-12-23,28.53525275560623,18.398327632079056,18.564899277841125,8.208000760167238,6.10091220068415,12.873622196883314
2023-12-24,28.53525275560623,18.398327632079056,18.564899277841125,8.208000760167238,6.10091220068415,12.873622196883314
2023-12-25,28.53700532724505,18.40391933028919,18.558694824961947,8.208238203957382,6.098173515981735,12.872336377473363
2023-12-26,28.53700532724505,18.40391933028919,18.558694824961947,8.208238203957382,6.098173515981735,12.872336377473363
2023-12-27,28.53700532724505,18.40391933028919,18.558694824961947,8.208238203957382,6.098173515981735,12.872336377473363
2023-12-28,28.54095400988217,18.40003800836184,18.551216267578866,8.204580007601672,6.095781071835804,12.883884454580008
2023-12-29,28.543854642313544,18.40506088280061,18.544425418569254,8.205384322678844,6.093036529680365,12.883751902587518
2023-12-30,28.543854642313544,18.40506088280061,18.544425418569254,8.205384322678844,6.093036529680365,12.883751902587518
2023-12-31,28.550703957382037,18.40620243531202,18.53186834094368,8.200818112633181,6.087328767123288,12.894025875190257
2024-01-01,28.550703957382037,18.40620243531202,18.53186834094368,8.200818112633181,6.087328767123288,12.894025875190257
2024-01-02,28.550703957382037,18.40620243531202,18.53186834094368,8.200818112633181,6.087328767123288,12.894025875190257
2024-01-03,28.555207145572023,18.40174838464462,18.52556062333713,8.197738502470544,6.084378563283923,12.905264158114784
2024-01-04,28.558627898137587,18.40288863549981,18.511877613074876,8.194317749904979,6.07981755986317,12.916666666666666
2024-01-05,28.56040715372907,18.408485540334855,18.50675418569254,8.193968797564688,6.0770547945205475,12.917142313546423
2024-01-06,28.56318890155834,18.40573926263778,18.499334853667808,8.190326871911822,6.074686431014824,12.928639300646141
2024-01-07,28.563261035007606,18.412480974124808,18.494767884322677,8.190544140030442,6.072488584474886,12.926845509893454
2024-01-08,28.56390476190476,18.418666666666667,18.487333333333332,8.190761904761905,6.070285714285714,12.927904761904761
2024-01-09,28.565619047619045,18.419809523809523,18.47590476190476,8.187904761904763,6.065142857142857,12.94047619047619
2024-01-10,28.56855453852021,18.42601067887109,18.467295957284517,8.186975591151793,6.062929061784897,12.941552250190693
2024-01-11,28.56855453852021,18.42601067887109,18.467295957284517,8.186975591151793,6.062929061784897,12.941552250190693
2024-01-12,28.573703279938975,18.425438596491226,18.456426392067122,8.181254767353165,6.058924485125858,12.951849733028222
2024-01-13,28.57533333333333,18.42152380952381,18.44904761904762,8.177619047619048,6.056571428571429,12.962190476190475
2024-01-14,28.57533333333333,18.42152380952381,18.44904761904762,8.177619047619048,6.056571428571429,12.962190476190475
2024-01-15,28.57990476190476,18.423238095238094,18.434761904761903,8.173047619047619,6.052,12.971904761904762
2024-01-16,28.582667427701672,18.41704718417047,18.429699391171994,8.16828386605784,6.049657534246576,12.982210806697108
2024-01-17,28.585619047619044,18.42438095238095,18.42104761904762,8.168476190476191,6.048571428571429,12.981047619047619
2024-01-18,28.585619047619044,18.42438095238095,18.42104761904762,8.168476190476191,6.048571428571429,12.981047619047619
2024-01-19,28.588005339435544,18.43058733790999,18.415808543096873,8.167524790236461,6.046338672768878,12.980453852021357
2024-01-20,28.59019047619047,18.42495238095238,18.41133333333333,8.163333333333334,6.043428571428572,12.990761904761904
2024-01-21,28.591437833714718,18.432875667429443,18.405511060259343,8.162376048817697,6.040045766590389,12.988463005339435
2024-01-22,28.593619047619043,18.427238095238092,18.398761904761905,8.158761904761905,6.0365714285714285,12.998190476190475
2024-01-23,28.596366057838658,18.42218417047184,18.393740487062406,8.154014459665145,6.034246575342466,13.006183409436833
2024-01-24,28.596366057838658,18.42218417047184,18.393740487062406,8.154014459665145,6.034246575342466,13.006183409436833
2024-01-25,28.60321537290715,18.42446727549467,18.380612633181126,8.15287290715373,6.030821917808219,13.013603500761034
2024-01-26,28.606190476190474,18.430666666666664,18.374761904761904,8.152476190476191,6.028,13.013047619047619
2024-01-27,28.607781582952814,18.426750380517504,18.370338660578387,8.147735920852359,6.0256849315068495,13.021023592085236
2024-01-28,28.607781582952814,18.426750380517504,18.370338660578387,8.147735920852359,6.0256849315068495,13.021023592085236
2024-01-29,28.61063546423135,18.42960426179604,18.357781582952814,8.143169710806697,6.02054794520548,13.028443683409437
2024-01-30,28.614500190041806,18.42569365260357,18.35281261877613,8.137305207145573,6.017103762827822,13.035252755606233
2024-01-31,28.614500190041806,18.42569365260357,18.35281261877613,8.137305207145573,6.017103762827822,13.035252755606233
2024-02-01,28.61607820804859,18.422930903568716,18.34785497342445,8.132593014426728,6.0136674259681095,13.042046317388003
2024-02-02,28.621772968868637,18.424639331814728,18.336465451784356,8.127467729688687,6.007403189066059,13.048310554290053
2024-02-03,28.623340917709516,18.420743268866133,18.330394387561622,8.122772089495639,6.005119453924915,13.056219188471747
2024-02-04,28.623340917709516,18.420743268866133,18.330394387561622,8.122772089495639,6.005119453924915,13.056219188471747
2024-02-05,28.62732271520667,18.423018581721653,18.316742510428515,8.117652635570725,6.0,13.0630451270383
2024-02-06,28.62959802806219,18.42529389457717,18.30479711793705,8.114239666287448,5.993742889647327,13.069302237390973
2024-02-07,28.632593014426725,18.430334092634773,18.297171602126042,8.11550873196659,5.992596810933941,13.068242217160211
2024-02-08,28.632593014426725,18.430334092634773,18.297171602126042,8.11550873196659,5.992596810933941,13.068242217160211
2024-02-09,28.635024705435193,18.434815659445075,18.291809198023564,8.115070315469403,5.990307867730901,13.067749904979095
2024-02-10,28.636579347000758,18.43090356871678,18.28578208048595,8.11038344722855,5.986902050113895,13.075645406226272
2024-02-11,28.639585708855947,18.437096161155452,18.279266438616496,8.11050931204865,5.98460661345496,13.073451159255036
2024-02-12,28.641135155656794,18.433181473044797,18.27268413059985,8.10525816249051,5.981776765375854,13.081909643128322
2024-02-13,28.643818733409173,18.429275692074327,18.267823284034886,8.100587789154343,5.978384527872582,13.087504740235115
2024-02-14,28.643818733409173,18.429275692074327,18.267823284034886,8.100587789154343,5.978384527872582,13.087504740235115
2024-02-15,28.643818733409173,18.429275692074327,18.267823284034886,8.100587789154343,5.978384527872582,13.087504740235115
2024-02-16,28.64455201214882,18.433181473044797,18.26300303720577,8.100702353834473,5.977220956719818,13.087604403948367
2024-02-17,28.64723170269245,18.428138035646565,18.25701554797118,8.096037163443308,5.973833902161547,13.094330678801668
2024-02-18,28.650246772968867,18.432611996962795,18.251044039483673,8.095577069096432,5.972665148063781,13.092160212604403
2024-02-19,28.652351156617364,18.428138035646565,18.24450132726583,8.091486537732273,5.969852104664391,13.099450132726583
2024-02-20,28.653882575757574,18.424242424242422,18.23967803030303,8.087973484848485,5.966477272727273,13.103882575757575
2024-02-21,28.655195297686763,18.428706863860445,18.233693591202123,8.089780053090633,5.965301478953356,13.10286310200986
2024-02-22,28.65899621212121,18.424810606060603,18.228882575757574,8.087405303030303,5.961931818181818,13.10842803030303
2024-02-23,28.66126893939394,18.424242424242422,18.219791666666666,8.08342803030303,5.958522727272728,13.114678030303029
2024-02-24,28.66222096102913,18.4209231933409,18.215001891789633,8.07936057510405,5.95516458569807,13.121358304956487
2024-02-25,28.66222096102913,18.4209231933409,18.215001891789633,8.07936057510405,5.95516458569807,13.121358304956487
2024-02-26,28.664109848484845,18.42651515151515,18.210700757575758,8.079450757575758,5.953409090909091,13.118655303030302
2024-02-27,28.665909950813468,18.422342035565645,18.205921301551268,8.075671585319713,5.9500567536889895,13.124195989405978
2024-02-28,28.665909950813468,18.422342035565645,18.205921301551268,8.075671585319713,5.9500567536889895,13.124195989405978
2024-02-29,28.667803030303027,18.425094696969694,18.200473484848484,8.07689393939394,5.947727272727272,13.125473484848484
2024-03-01,28.66913158892681,18.428422449753505,18.196719757299963,8.076981418278347,5.946530147895335,13.123909745923397
2024-03-02,28.670643939393937,18.425094696969694,18.191950757575757,8.07348484848485,5.943181818181818,13.130018939393938
2024-03-03,28.673113386423964,18.430697762609025,18.18704967766401,8.07413727720895,5.941410693970421,13.126753886992795
2024-03-04,28.6748198710656,18.430128934395146,18.176810769814182,8.072430792567312,5.935722411831627,13.133010997345467
2024-03-05,28.67746212121212,18.42623106060606,18.172064393939394,8.068939393939393,5.932386363636364,13.137405303030302
2024-03-06,28.679370496776638,18.431266590822904,18.166571861964353,8.069017823284035,5.9300341296928325,13.136423966628744
2024-03-07,28.679734848484845,18.428503787878785,18.16183712121212,8.065530303030304,5.9267045454545455,13.14308712121212
2024-03-08,28.682007575757574,18.428503787878785,18.154450757575756,8.060984848484848,5.921590909090909,13.148200757575756
2024-03-09,28.684638668180096,18.424612183125234,18.14746500189179,8.057510404842981,5.91827468785471,13.154842981460462
2024-03-10,28.68768939393939,18.42964015151515,18.14308712121212,8.057575757575759,5.915909090909091,13.151609848484847
2024-03-11,28.690314037079073,18.425179720015134,18.13668180098373,8.054672720393492,5.91316685584563,13.15768066590995
2024-03-12,28.69179894179894,18.421296296296294,18.131991685563115,8.051209372637944,5.909863945578231,13.162037037037036
2024-03-13,28.69179894179894,18.421296296296294,18.131991685563115,8.051209372637944,5.909863945578231,13.162037037037036
2024-03-14,28.69371925841846,18.427449867574726,18.121925841846387,8.053537646613696,5.908626560726447,13.161085887249337
2024-03-15,28.695643939393936,18.431912878787877,18.11751893939394,8.053598484848486,5.906818181818182,13.160132575757576
2024-03-16,28.697124479757846,18.428017404464622,18.11057510404843,8.05013242527431,5.9035187287173665,13.166761256148316
2024-03-17,28.699621212121208,18.434185606060606,18.106155303030302,8.050189393939394,5.901136363636364,13.163541666666665
2024-03-18,28.700529701097235,18.43142262580401,18.09922436625047,8.046727203934923,5.898410896708286,13.1707340143776
2024-03-19,28.703136810279666,18.428665910808768,18.093442932728646,8.042139077853363,5.895124716553288,13.175075585789871
2024-03-20,28.703136810279666,18.428665910808768,18.093442932728646,8.042139077853363,5.895124716553288,13.175075585789871
2024-03-21,28.709135522838803,18.424782936957342,18.088807097017742,8.038693846734617,5.891845979614949,13.17827482068705
2024-03-22,28.711966779916946,18.427047942619854,18.080313325783315,8.034730086825217,5.886749716874292,13.18280483201208
2024-03-23,28.711966779916946,18.427047942619854,18.080313325783315,8.034730086825217,5.886749716874292,13.18280483201208
2024-03-24,28.713423831070887,18.424302413273,18.07456636500754,8.031297134238311,5.883484162895928,13.189385369532427
2024-03-25,28.716817496229258,18.426564856711913,18.064385369532427,8.027620663650076,5.878393665158371,13.193910256410255
2024-03-26,28.719397363465156,18.42382297551789,18.058662900188324,8.02306967984934,5.875141242937853,13.198210922787194
2024-03-27,28.720211161387628,18.429958521870287,18.0519419306184,8.024226998491704,5.872737556561086,13.197303921568627
2024-03-28,28.720211161387628,18.429958521870287,18.0519419306184,8.024226998491704,5.872737556561086,13.197303921568627
2024-03-29,28.721593053982634,18.434975462438654,18.047470743676858,8.024820687051719,5.870328425821064,13.196961117402793
2024-03-30,28.72303921568627,18.43108974358974,18.041760935143287,8.021398944193063,5.867081447963801,13.204656862745097
2024-03-31,28.72303921568627,18.43108974358974,18.041760935143287,8.021398944193063,5.867081447963801,13.204656862745097
2024-04-01,28.723858059645146,18.436107965269912,18.037844469611173,8.021989429973575,5.864665911664779,13.202623631559078
2024-04-02,28.724990562476403,18.435541713854285,18.02567006417516,8.019724424311061,5.86070215175538,13.208569271423178
2024-04-03,28.725812547241116,18.440570672713527,18.02116402116402,8.020880574452004,5.85827664399093,13.207671957671957
2024-04-04,28.726946334089188,18.441704459561603,18.010959939531368,8.018613000755858,5.852607709750567,13.21334089191232
2024-04-05,28.727771471812332,18.446178584941354,18.00756715853197,8.019201664774878,5.849602724177071,13.213583049564887
2024-04-06,28.730347694633405,18.44227135298564,18.001889644746786,8.015778533635677,5.846371882086168,13.220143613000754
2024-04-07,28.730347694633405,18.44227135298564,18.001889644746786,8.015778533635677,5.846371882086168,13.220143613000754
2024-04-08,28.732311766931513,18.447881195611046,17.99678395762391,8.016363980325389,5.842792281498298,13.21812334468407
2024-04-09,28.734032501889644,18.444538926681783,17.9911186696901,8.012944066515496,5.840136054421769,13.223261526832955
2024-04-10,28.734032501889644,18.444538926681783,17.9911186696901,8.012944066515496,5.840136054421769,13.223261526832955
2024-04-11,28.734032501889644,18.444538926681783,17.9911186696901,8.012944066515496,5.840136054421769,13.223261526832955
2024-04-12,28.73630007558579,18.446239606953892,17.982048374905517,8.008408919123205,5.833900226757369,13.228363567649282
2024-04-13,28.737731219328044,18.44346923367308,17.976406191015478,8.005001887504719,5.830690826727067,13.233767459418647
2024-04-14,28.737731219328044,18.44346923367308,17.976406191015478,8.005001887504719,5.830690826727067,13.233767459418647
2024-04-15,28.741694979237444,18.446300490751227,17.965081162702905,8.003303133257834,5.823895809739525,13.237164967912419
2024-04-16,28.74424962292609,18.44353318250377,17.958333333333332,7.999905731523379,5.823895809739525,13.24142156862745
2024-04-17,28.74424962292609,18.44353318250377,17.958333333333332,7.999905731523379,5.823895809739525,13.24142156862745
2024-04-18,28.74424962292609,18.44353318250377,17.958333333333332,7.999905731523379,5.823895809739525,13.24142156862745
2024-04-19,28.747077677224734,18.445230015082956,17.952677224736046,7.99594645550528,5.816534541336353,13.245946455505278
2024-04-20,28.7484934086629,18.441337099811676,17.94708097928437,7.99256120527307,5.8144796380090495,13.251318267419961
2024-04-21,28.75216817496229,18.44692684766214,17.94362745098039,7.992552790346909,5.809739524348811,13.248208898944192
2024-04-22,28.754143126177024,18.443032015065913,17.937476459510357,7.989171374764595,5.8076923076923075,13.254143126177024
2024-04-23,28.75667795334838,18.44027464258841,17.930775018811136,7.985797592174568,5.8076923076923075,13.25724228743416
2024-04-24,28.759792843691145,18.445291902071563,17.926177024482108,7.985781544256121,5.804077010192525,13.256403013182673
2024-04-25,28.761783559577676,18.45032051282051,17.92156862745098,7.986896681749624,5.799319727891157,13.255561840120663
2024-04-26,28.767722473604824,18.45145173453997,17.916478129713422,7.981806184012067,5.791950113378685,13.258955505279035
2024-04-27,28.767984934086627,18.448681732580035,17.91092278719397,7.978436911487759,5.789920724801812,13.264312617702448
2024-04-28,28.767984934086627,18.448681732580035,17.91092278719397,7.978436911487759,5.789920724801812,13.264312617702448
2024-04-29,28.771681749622925,18.452017345399696,17.907993966817497,7.978412518853696,5.785714285714286,13.262349170437405
2024-04-30,28.77278719397363,18.450094161958567,17.901600753295668,7.975047080979285,5.782842582106455,13.266854990583804
2024-05-01,28.777055052790345,18.453996983408747,17.89696455505279,7.976150075414782,5.779195011337868,13.26602564102564
2024-05-02,28.77956685499058,18.450094161958567,17.893691148775893,7.972787193973635,5.779195011337868,13.271374764595103
2024-05-03,28.7821455505279,18.45286576168929,17.89300527903469,7.9721907993966825,5.774404086265608,13.271116138763198
2024-05-04,28.783521657250468,18.448964218455743,17.88634651600753,7.968832391713748,5.772392290249433,13.276459510357816
2024-05-05,28.787801659125186,18.45230015082956,17.88282428355958,7.9682315233785825,5.767593643586833,13.274509803921568
2024-05-06,28.788932880844644,18.453996983408747,17.872077677224734,7.96540346907994,5.762485811577752,13.278469079939667
2024-05-07,28.791431261770242,18.45065913370998,17.8665725047081,7.962052730696799,5.758786848072562,13.282109227871938
2024-05-08,28.791431261770242,18.45065913370998,17.8665725047081,7.962052730696799,5.758786848072562,13.282109227871938
2024-05-09,28.791431261770242,18.45065913370998,17.8665725047081,7.962052730696799,5.758786848072562,13.282109227871938
2024-05-10,28.793457767722472,18.455128205128204,17.86359351432881,7.9608785822021115,5.755107832009081,13.282428355957768
2024-05-11,28.794821092278717,18.451224105461392,17.858097928436912,7.957532956685499,5.7531179138322,13.286629001883238
2024-05-12,28.794821092278717,18.451224105461392,17.858097928436912,7.957532956685499,5.7531179138322,13.286629001883238
2024-05-13,28.79741704374057,18.45569381598793,17.853412518853695,7.956919306184012,5.748864926220205,13.285822021116138
2024-05-14,28.800188323917133,18.45263653483992,17.847928436911488,7.953578154425612,5.746031746031746,13.288888888888888
2024-05-15,28.800188323917133,18.45263653483992,17.847928436911488,7.953578154425612,5.746031746031746,13.288888888888888
2024-05-16,28.802224736048263,18.45880467571644,17.842100301659123,7.954656862745098,5.741203178206583,13.288084464555052
2024-05-17,28.805618401206633,18.459935897435898,17.833616138763198,7.951263197586727,5.736095346197503,13.290912518853695
2024-05-18,28.806967984934083,18.45715630885122,17.827024482109227,7.947928436911488,5.732993197278912,13.295103578154425
2024-05-19,28.809577677224734,18.462763951734537,17.822869532428356,7.947303921568627,5.729284903518729,13.293174962292609
2024-05-20,28.81162702906757,18.46781804454511,17.819271423178556,7.946111740279351,5.726704545454545,13.291241978104944
2024-05-21,28.814102564102562,18.465026395173453,17.814102564102562,7.942779034690799,5.72360953461975,13.294306184012065
2024-05-22,28.81842204605511,18.47121555303888,17.8082295205738,7.941581728954323,5.721022727272727,13.292374480936202
2024-05-23,28.81842204605511,18.47121555303888,17.8082295205738,7.941581728954323,5.721022727272727,13.292374480936202
2024-05-24,28.82351830879577,18.47574556436391,17.799169497923746,7.938184220460552,5.7153409090909095,13.29294073235183
2024-05-25,28.824849170437403,18.471813725490193,17.793740573152338,7.9348604826546,5.712258796821794,13.297134238310708
2024-05-26,28.825783314458285,18.476878067195166,17.790675726689315,7.934220460551152,5.709090909090909,13.295205738014344
2024-05-27,28.825783314458285,18.476878067195166,17.790675726689315,7.934220460551152,5.709090909090909,13.295205738014344
2024-05-28,28.82739441930618,18.473510558069382,17.78469079939668,7.931466817496229,5.7060158910329175,13.298265460030166
2024-05-29,28.829463948659868,18.47857682144205,17.78104945262363,7.931389203473009,5.703409090909091,13.296338240845602
2024-05-30,28.8339939599849,18.480841827104566,17.77085692714232,7.9268591921479805,5.696590909090909,13.30086825217063
2024-05-31,28.8349395313681,18.48592214663643,17.767195767195766,7.926209372637945,5.69283276450512,13.301209372637944
2024-06-01,28.837391468478668,18.48310683276708,17.760664401661003,7.9228954322385805,5.689772727272727,13.304265760664402
2024-06-02,28.83947467876039,18.48932350718065,17.756991685563115,7.922241118669691,5.685437997724687,13.302343159486016
2024-06-03,28.83947467876039,18.48932350718065,17.756991685563115,7.922241118669691,5.685437997724687,13.302343159486016
2024-06-04,28.841072102680254,18.48707059267648,17.75103812759532,7.919497923744809,5.682954545454545,13.304548886372215
2024-06-05,28.841458805744516,18.49102418745276,17.747354497354497,7.920540438397581,5.679749715585893,13.302626606198034
2024-06-06,28.841458805744516,18.49102418745276,17.747354497354497,7.920540438397581,5.679749715585893,13.302626606198034
2024-06-07,28.842981460461594,18.496121831252363,17.743662504729475,7.919882709042755,5.676537585421412,13.3024025728339
2024-06-08,28.8442932728647,18.493291761148903,17.737150415721842,7.916572184429327,5.6734926052332195,13.305461073318215
2024-06-09,28.8442932728647,18.493291761148903,17.737150415721842,7.916572184429327,5.6734926052332195,13.305461073318215
2024-06-10,28.845251608021186,18.499527052591752,17.733446840711313,7.9142073401437765,5.670842824601367,13.303537646613696
2024-06-11,28.846560846560845,18.496409674981102,17.727513227513228,7.911470143613001,5.667804323094425,13.306594860166289
2024-06-12,28.847867119667796,18.49358248395621,17.722159305398264,7.908172895432239,5.6647727272727275,13.310777651944129
2024-06-13,28.84917043740573,18.488499245852186,17.71794871794872,7.90488310708899,5.6647727272727275,13.313819758672699
2024-06-14,28.84917043740573,18.488499245852186,17.71794871794872,7.90488310708899,5.6647727272727275,13.313819758672699
2024-06-15,28.851600753295667,18.48568738229755,17.71035781544256,7.901600753295669,5.661748013620885,13.317984934086628
2024-06-16,28.851600753295667,18.48568738229755,17.71035781544256,7.901600753295669,5.661748013620885,13.317984934086628
2024-06-17,28.85402558314522,18.481753197893152,17.70278404815651,7.898325808878857,5.658730158730159,13.32214070729872
2024-06-18,28.855881247651258,18.47726418639609,17.697482149567833,7.895058248778655,5.655719139297848,13.32628711010898
2024-06-19,28.855881247651258,18.47726418639609,17.697482149567833,7.895058248778655,5.655719139297848,13.32628711010898
2024-06-20,28.86039083051484,18.48064637354378,17.68846298384066,7.8916760616309665,5.650056625141563,13.327414505824876
2024-06-21,28.86039083051484,18.48064637354378,17.68846298384066,7.8916760616309665,5.650056625141563,13.327414505824876
2024-06-22,28.86039083051484,18.48064637354378,17.68846298384066,7.8916760616309665,5.650056625141563,13.327414505824876
2024-06-23,28.86151822623074,18.482901164975573,17.677752724539648,7.887166478767381,5.643827859569649,13.330796692972566
2024-06-24,28.86151822623074,18.482901164975573,17.677752724539648,7.887166478767381,5.643827859569649,13.330796692972566
2024-06-25,28.863644894894893,18.478697447447445,17.670514264264263,7.883915165165165,5.640837104072398,13.334647147147146
2024-06-26,28.86574596016535,18.48487410747839,17.664505824877864,7.8826568959037955,5.638165345413364,13.333897031191281
2024-06-27,28.86574596016535,18.48487410747839,17.664505824877864,7.8826568959037955,5.638165345413364,13.333897031191281
2024-06-28,28.869691845170987,18.486001503194288,17.654922961292748,7.877019917324315,5.63193657984145,13.337842916196918
2024-06-29,28.870964714714713,18.482075825825824,17.648554804804803,7.874906156156157,5.627828054298643,13.341966966966966
2024-06-30,28.870964714714713,18.482075825825824,17.648554804804803,7.874906156156157,5.627828054298643,13.341966966966966
2024-07-01,28.873780030030026,18.48489114114114,17.63841966966967,7.870401651651652,5.620475113122172,13.344782282282281
2024-07-02,28.87617172853393,18.48097112860892,17.63095238095238,7.868297712785902,5.620475113122172,13.34776902887139
2024-07-03,28.878284534534533,18.486017267267265,17.624906156156154,7.869275525525526,5.616647791619479,13.347034534534535
2024-07-04,28.880671166104236,18.48097112860892,17.61970378702662,7.86604799400075,5.61368778280543,13.351143607049119
2024-07-05,28.884045744281963,18.482095988001497,17.607892763404575,7.862110986126734,5.605769230769231,13.35620547431571
2024-07-06,28.884045744281963,18.482095988001497,17.607892763404575,7.862110986126734,5.605769230769231,13.35620547431571
2024-07-07,28.884045744281963,18.482095988001497,17.607892763404575,7.862110986126734,5.605769230769231,13.35620547431571
2024-07-08,28.88742032245969,18.48434570678665,17.596644169478814,7.8587364079490065,5.59841628959276,13.35901762279715
2024-07-09,28.888670411985014,18.479307116104867,17.589232209737826,7.855524344569289,5.59841628959276,13.363108614232209
2024-07-10,28.891919760029992,18.48434570678665,17.582020997375327,7.855361829771279,5.595696489241223,13.362392200974877
2024-07-11,28.891919760029992,18.48434570678665,17.582020997375327,7.855361829771279,5.595696489241223,13.362392200974877
2024-07-12,28.896981627296586,18.486032995875515,17.571897262842143,7.850299962504687,5.588335220838052,13.365766779152604
2024-07-13,28.89822097378277,18.48211610486891,17.56563670411985,7.847097378277154,5.584276018099548,13.370973782771534
2024-07-14,28.900356205474313,18.48715785526809,17.56233595800525,7.845800524934384,5.580973952434881,13.369141357330333
2024-07-15,28.900356205474313,18.48715785526809,17.56233595800525,7.845800524934384,5.580973952434881,13.369141357330333
2024-07-16,28.90373078365204,18.48772028496438,17.548556430446194,7.842425946756656,5.575311438278596,13.373640794900636
2024-07-17,28.90373078365204,18.48772028496438,17.548556430446194,7.842425946756656,5.575311438278596,13.373640794900636
2024-07-18,28.90373078365204,18.48772028496438,17.548556430446194,7.842425946756656,5.575311438278596,13.373640794900636
2024-07-19,28.905311561561557,18.493337087087085,17.543543543543542,7.841685435435436,5.571428571428571,13.374624624624625
2024-07-20,28.90654293213348,18.489407574053242,17.536182977127858,7.83848893888264,5.568516421291053,13.378702662167228
2024-07-21,28.907563813813812,18.49558933933934,17.531156156156154,7.8371809309309315,5.565759637188209,13.378003003003002
2024-07-22,28.909917510311207,18.491657292838394,17.523247094113234,7.833989501312336,5.563420158550397,13.382077240344957
2024-07-23,28.912265917602994,18.486610486891383,17.515917602996254,7.830805243445694,5.5616515837104075,13.386142322097378
2024-07-24,28.914416947881513,18.491657292838394,17.5108736407949,7.8306149231346085,5.557757644394111,13.385451818522684
2024-07-25,28.92004124484439,18.494469441319833,17.499062617172854,7.8306149231346085,5.552721088435374,13.388826396700411
2024-07-26,28.921077327327325,18.49953078078078,17.49286786786787,7.8304241741741745,5.548808172531214,13.392642642642642
2024-07-27,28.923329579579576,18.49953078078078,17.48273273273273,7.827045795795796,5.54199772985244,13.39602102102102
2024-07-28,28.923329579579576,18.49953078078078,17.48273273273273,7.827045795795796,5.54199772985244,13.39602102102102
2024-07-29,28.926144894894893,18.502346096096094,17.46921921921922,7.8236674174174174,5.534619750283769,13.400525525525525
2024-07-30,28.927352830896137,18.49840644919385,17.461942257217846,7.819366329208849,5.531746031746032,13.404574428196474
2024-07-31,28.930649399399396,18.50121996996997,17.45683183183183,7.820289039039039,5.527809307604994,13.403903903903903
2024-08-01,28.930649399399396,18.50121996996997,17.45683183183183,7.820289039039039,5.527809307604994,13.403903903903903
2024-08-02,28.932262307403228,18.505730928222473,17.451709883502442,7.822341225103345,5.5227272727272725,13.404359263434799
2024-08-03,28.934590840840837,18.501783033033032,17.44331831831832,7.819162912912914,5.519863791146425,13.409534534534535
2024-08-04,28.934590840840837,18.501783033033032,17.44331831831832,7.819162912912914,5.519863791146425,13.409534534534535
2024-08-05,28.937335588124764,18.506294626080418,17.43987222848553,7.819522735813604,5.515340909090909,13.407741450582487
2024-08-06,28.940435926343476,18.506858323938367,17.4260616309658,7.816140548665915,5.507954545454545,13.412251033446072
2024-08-07,28.940435926343476,18.506858323938367,17.4260616309658,7.816140548665915,5.507954545454545,13.412251033446072
2024-08-08,28.943881381381377,18.50290915915916,17.4199512012012,7.8129692192192195,5.507954545454545,13.415165165165165
2024-08-09,28.948385885885884,18.504598348348345,17.409816066066064,7.810716966966967,5.5,13.41966966966967
2024-08-10,28.950693663292085,18.501781027371578,17.401481064866893,7.807555305586802,5.4971623155505105,13.424821897262841
2024-08-11,28.950693663292085,18.501781027371578,17.401481064866893,7.807555305586802,5.4971623155505105,13.424821897262841
2024-08-12,28.953453453453452,18.506287537537535,17.39630255255255,7.808464714714715,5.4914772727272725,13.4253003003003
2024-08-13,28.95556805399325,18.501968503937007,17.389295088113986,7.8053055868016505,5.488649262202043,13.429696287964004
2024-08-14,28.95556805399325,18.501968503937007,17.389295088113986,7.8053055868016505,5.488649262202043,13.429696287964004
2024-08-15,28.958988764044943,18.49691011235955,17.38436329588015,7.801029962546817,5.485827664399093,13.432584269662922
2024-08-16,28.961192350956132,18.499718785151856,17.37692163479565,7.804180727409074,5.480703745743473,13.43644544431946
2024-08-17,28.96681664791901,18.499718785151856,17.364548181477318,7.803055868016498,5.472758229284904,13.44206974128234
2024-08-18,28.96681664791901,18.499718785151856,17.364548181477318,7.803055868016498,5.472758229284904,13.44206974128234
2024-08-19,28.969594594594593,18.502533783783782,17.35820195195195,7.805086336336337,5.4676136363636365,13.442004504504505
2024-08-20,28.971597300337457,18.498875140607424,17.350768653918262,7.801931008623923,5.464812712826333,13.447131608548931
2024-08-21,28.97381756756757,18.50168918918919,17.344406906906908,7.80396021021021,5.460795454545455,13.44876126126126
2024-08-22,28.982826576576578,18.50168918918919,17.331456456456458,7.802834084084084,5.455113636363636,13.451013513513514
2024-08-23,28.98618940248027,18.50563697857948,17.3239383690342,7.804866591506952,5.449943117178612,13.453776775648253
2024-08-24,28.994081172491544,18.504509582863584,17.31153701615934,7.80261180007516,5.443117178612059,13.458286358511838
2024-08-25,28.996896162528216,18.507900677200904,17.306245297215952,7.8040820165538,5.438496583143508,13.457674943566591
2024-08-26,28.999718151071026,18.50394588500564,17.299699361142427,7.801484404359264,5.435722411831627,13.46335963923337
2024-08-27,29.00197072072072,18.5,17.292605105105107,7.79832957957958,5.432954545454545,13.467342342342342
2024-08-28,29.00197072072072,18.5,17.292605105105107,7.79832957957958,5.432954545454545,13.467342342342342
2024-08-29,29.00197072072072,18.5,17.292605105105107,7.79832957957958,5.432954545454545,13.467342342342342
2024-08-30,29.003664036076664,18.50338218714769,17.28786170612552,7.799793310785419,5.428896473265074,13.468432919954903
2024-08-31,29.00591216216216,18.500563063063062,17.28078078078078,7.7955142642642645,5.426136363636363,13.474662162162161
2024-09-01,29.006482525366405,18.505073280721533,17.274332957534764,7.796974821495678,5.421501706484642,13.475197294250282
2024-09-02,29.00929054054054,18.501126126126128,17.266704204204206,7.793262012012012,5.418181818181818,13.48141891891892
2024-09-03,29.01265466816648,18.496062992125985,17.25965504311961,7.790119985001875,5.415437003405222,13.485376827896513
2024-09-04,29.011542792792792,18.501126126126128,17.25319069069069,7.79100975975976,5.411363636363636,13.489301801801801
2024-09-05,29.016029246344207,18.49718785151856,17.2461567304087,7.7867454068241475,5.408626560726447,13.493250843644544
2024-09-06,29.01827896512936,18.496625421822273,17.236032995875515,7.78337082864642,5.402383654937571,13.5
2024-09-07,29.020505617977527,18.492696629213484,17.227902621722848,7.779119850187266,5.399659863945578,13.506179775280899
2024-09-08,29.01546681664792,18.496625421822273,17.22478440194976,7.7805586801649795,5.397843359818388,13.507874015748031
2024-09-09,29.01546681664792,18.496625421822273,17.22478440194976,7.7805586801649795,5.397843359818388,13.507874015748031
2024-09-10,29.019685039370078,18.493813273340834,17.21072365954256,7.776621672290964,5.391884222474461,13.515466816647919
2024-09-11,29.011824324324323,18.49662162162162,17.21096096096096,7.778622372372372,5.388920454545454,13.520551801801801
2024-09-12,29.007328072153324,18.50056369785795,17.20556181886509,7.780627583615183,5.385949943117178,13.524520856820745
2024-09-13,29.001693002257337,18.502257336343114,17.20466516177577,7.782637321294207,5.382403189066059,13.528498871331829
2024-09-14,29.00620067643743,18.49718151071026,17.196542653137918,7.77837279218339,5.379692832764505,13.53466741826381
2024-09-15,29.00620067643743,18.49718151071026,17.196542653137918,7.77837279218339,5.379692832764505,13.53466741826381
2024-09-16,29.00394588500564,18.49605411499436,17.187523487410747,7.776118000751597,5.3740045506257115,13.543122886133032
2024-09-17,29.007882882882882,18.491554054054053,17.180555555555557,7.771865615615616,5.370738636363637,13.54757882882883
2024-09-18,29.002254791431792,18.49436302142052,17.17512213453589,7.774990605035701,5.368885096700796,13.551578354002254
2024-09-19,29.00957207207207,18.491554054054053,17.16704204204204,7.77073948948949,5.368885096700796,13.555461711711711
2024-09-20,29.00281848928974,18.492671927846676,17.167230364524617,7.772735813603909,5.365318906605922,13.55947012401353
2024-09-21,29.006193693693692,18.48873873873874,17.15915915915916,7.768487237237237,5.361490329920364,13.566722972972974
2024-09-22,28.99605411499436,18.491544532130778,17.158211198797446,7.771044720030064,5.359624145785877,13.570744081172492
2024-09-23,28.999436936936938,18.488175675675677,17.149587087087088,7.766234984984985,5.35637087599545,13.577984234234235
2024-09-24,29.00281214848144,18.484251968503937,17.142669666291713,7.7619985001874765,5.35637087599545,13.581833520809898
2024-09-25,28.99605855855856,18.485923423423422,17.13945195195195,7.765108858858859,5.354498861047836,13.585867117117116
2024-09-26,28.99605855855856,18.485923423423422,17.13945195195195,7.765108858858859,5.354498861047836,13.585867117117116
2024-09-27,28.9893018018018,18.4847972972973,17.13494744744745,7.76341966966967,5.349373576309795,13.59375
2024-09-28,28.992688413948258,18.48087739032621,17.128046494188226,7.759186351706037,5.3467007963594995,13.599831271091114
2024-09-29,28.992688413948258,18.48087739032621,17.128046494188226,7.759186351706037,5.3467007963594995,13.599831271091114
2024-09-30,28.9859392575928,18.479752530933634,17.122422197225347,7.755811773528309,5.341012514220705,13.609392575928009
2024-10-01,28.988202247191012,18.47808988764045,17.11441947565543,7.751591760299625,5.338352272727272,13.613202247191012
2024-10-02,28.97806524184477,18.479752530933634,17.112298462692163,7.754686914135734,5.33646188850967,13.618391451068616
2024-10-03,28.97806524184477,18.479752530933634,17.112298462692163,7.754686914135734,5.33646188850967,13.618391451068616
2024-10-04,28.970191226096738,18.47862767154106,17.107236595425572,7.7524371953505815,5.330773606370876,13.626827896512935
2024-10-05,28.97247191011236,18.475842696629215,17.100374531835207,7.748220973782772,5.328125,13.633988764044943
2024-10-06,28.97247191011236,18.475842696629215,17.100374531835207,7.748220973782772,5.328125,13.633988764044943
2024-10-07,28.964606741573032,18.476966292134833,17.09419475655431,7.744850187265918,5.322443181818182,13.644662921348315
2024-10-08,28.9668911335578,18.47530864197531,17.087355031799476,7.739524878413768,5.319807037457434,13.648428731762065
2024-10-09,28.9668911335578,18.47530864197531,17.087355031799476,7.739524878413768,5.319807037457434,13.648428731762065
2024-10-10,28.958473625140293,18.47530864197531,17.081182192293305,7.736719042274598,5.315266742338252,13.657407407407407
2024-10-11,28.947752808988763,18.47808988764045,17.08352059925094,7.738670411985019,5.311647727272727,13.661516853932584
2024-10-12,28.950056116722784,18.47530864197531,17.076692854470632,7.734474373363263,5.309023836549375,13.667508417508417
2024-10-13,28.939887640449438,18.47808988764045,17.077902621722846,7.7364232209737835,5.305965909090909,13.671629213483145
2024-10-14,28.93258426966292,18.47865168539326,17.071161048689138,7.733052434456929,5.301988636363636,13.68061797752809
2024-10-15,28.93490460157127,18.475869809203143,17.06322484100262,7.728862701084924,5.2993757094211125,13.684343434343434
2024-10-16,28.93490460157127,18.475869809203143,17.06322484100262,7.728862701084924,5.2993757094211125,13.684343434343434
2024-10-17,28.93490460157127,18.475869809203143,17.06322484100262,7.728862701084924,5.2993757094211125,13.684343434343434
2024-10-18,28.930415263748596,18.47530864197531,17.059016086793864,7.726337448559671,5.2942678774120315,13.691077441077441
2024-10-19,28.932735426008968,18.472533632286996,17.0511023916293,7.722159940209268,5.291666666666667,13.697029147982063
2024-10-20,28.923120089786757,18.476430976430976,17.051159745604192,7.724092779648336,5.2891600454029515,13.700056116722783
2024-10-21,28.92488789237668,18.47421524663677,17.04325485799701,7.7199177877429,5.285997732426304,13.705997757847534
2024-10-22,28.92721164613662,18.471444568868982,17.03648749533408,7.714632325494588,5.283408833522084,13.709686450167974
2024-10-23,28.91591928251121,18.47421524663677,17.035407324364723,7.7176756352765326,5.280328798185941,13.714966367713005
2024-10-24,28.91591928251121,18.47421524663677,17.035407324364723,7.7176756352765326,5.280328798185941,13.714966367713005
2024-10-25,28.904601571268238,18.476992143658812,17.03825289936401,7.720164609053498,5.277809307604994,13.718013468013469
2024-10-26,28.905829596412556,18.473094170403588,17.03148355754858,7.715994020926757,5.275226757369614,13.723934977578475
2024-10-27,28.905829596412556,18.473094170403588,17.03148355754858,7.715994020926757,5.275226757369614,13.723934977578475
2024-10-28,28.89854260089686,18.47421524663677,17.02531763826607,7.713191330343797,5.269557823129252,13.732903587443946
2024-10-29,28.9020156774916,18.471444568868982,17.01633072041807,7.709033221351251,5.266987542468856,13.736562150055992
2024-10-30,28.891816143497756,18.475336322869953,17.015227952167415,7.7109491778774295,5.265022675736962,13.740751121076233
2024-10-31,28.88733183856502,18.47645739910314,17.007380418535128,7.709828101644246,5.261918274687854,13.74859865470852
2024-11-01,28.879484304932735,18.47701793721973,17.002896113602393,7.706464872944694,5.256242905788876,13.756446188340806
2024-11-02,28.882978723404257,18.47424412094065,16.995054124673388,7.702314296379246,5.254818594104308,13.761198208286674
2024-11-03,28.873878923766817,18.4792600896861,16.99392750373692,7.7042227204783265,5.252270147559591,13.764854260089686
2024-11-04,28.873878923766817,18.4792600896861,16.99392750373692,7.7042227204783265,5.252270147559591,13.764854260089686
2024-11-05,28.877939529675253,18.476203807390817,16.986375513251215,7.699794699514745,5.25,13.768477043673013
2024-11-06,28.877939529675253,18.476203807390817,16.986375513251215,7.699794699514745,5.25,13.768477043673013
2024-11-07,28.872340425531913,18.477323628219484,16.977976857036207,7.698114968271743,5.24546485260771,13.777995520716685
2024-11-08,28.86562150055991,18.47788353863382,16.974057484135873,7.694755505785741,5.24092970521542,13.787513997760358
2024-11-09,28.869127516778523,18.473993288590606,16.966256524981358,7.690622669649516,5.239524348810872,13.79334451901566
2024-11-10,28.860022396416575,18.47788353863382,16.965098917506534,7.692515864128406,5.23639455782313,13.798152295632699
2024-11-11,28.864093959731544,18.474552572706934,16.958985831469054,7.689504101416853,5.234428086070215,13.804530201342281
2024-11-12,28.868715083798882,18.471787709497207,16.952327746741155,7.68538175046555,5.231900452488688,13.808100558659218
2024-11-13,28.868715083798882,18.471787709497207,16.952327746741155,7.68538175046555,5.231900452488688,13.808100558659218
2024-11-14,28.857382550335572,18.475671140939596,16.950037285607756,7.689504101416853,5.22876557191393,13.813478747203579
2024-11-15,28.84490481522956,18.479003359462485,16.951661067562522,7.690836132885405,5.226190476190476,13.818868980963046
2024-11-16,28.848434004474274,18.476230425055927,16.943885160328115,7.686707680835198,5.22480181200453,13.824664429530202
2024-11-17,28.848434004474274,18.476230425055927,16.943885160328115,7.686707680835198,5.22480181200453,13.824664429530202
2024-11-18,28.841163310961967,18.478467561521253,16.93605518269948,7.6855891126025355,5.219705549263873,13.83473154362416
2024-11-19,28.845810055865922,18.474581005586593,16.929422718808194,7.68147113594041,5.218325791855204,13.839385474860336
2024-11-20,28.835570469798657,18.478467561521253,16.927106636838182,7.683351976137211,5.215175537938845,13.84479865771812
2024-11-21,28.84022346368715,18.473463687150836,16.923836126629425,7.679236499068901,5.212669683257919,13.850558659217876
2024-11-22,28.835195530726256,18.473463687150836,16.91880819366853,7.675884543761639,5.208144796380091,13.861173184357542
2024-11-23,28.838727678571427,18.468470982142858,16.912202380952383,7.672898065476191,5.206779661016949,13.866908482142858
2024-11-24,28.838727678571427,18.468470982142858,16.912202380952383,7.672898065476191,5.206779661016949,13.866908482142858
2024-11-25,28.832589285714285,18.469587053571427,16.904947916666668,7.670665922619048,5.201129943502825,13.877511160714286
2024-11-26,28.836120401337794,18.46571906354515,16.899479747305836,7.6665737643998515,5.199774266365688,13.882107023411372
2024-11-27,28.836120401337794,18.46571906354515,16.899479747305836,7.6665737643998515,5.199774266365688,13.882107023411372
2024-11-28,28.824776785714285,18.469587053571427,16.896019345238095,7.670665922619048,5.19774011299435,13.887555803571429
2024-11-29,28.81640625,18.470145089285715,16.89155505952381,7.6678757440476195,5.192655367231638,13.898158482142858
2024-11-30,28.81995540691193,18.466276477146042,16.887216648086213,7.664901523597176,5.1901805869074495,13.90273132664437
2024-12-01,28.809709821428573,18.470145089285715,16.886532738095237,7.666201636904762,5.1870056497175145,13.907645089285714
2024-12-02,28.812709030100333,18.467391304347824,16.882199925678187,7.662671869193609,5.1851015801354405,13.912764771460424
2024-12-03,28.817371937639198,18.464086859688194,16.87731997030438,7.658036377134373,5.183201803833145,13.916759465478842
2024-12-04,28.804905239687848,18.466833890746933,16.875510962467484,7.661557041991825,5.181151241534988,13.921683389074694
2024-12-05,28.80846325167038,18.464086859688194,16.87230883444692,7.6574795842613215,5.178692220969561,13.926224944320714
2024-12-06,28.802338530066816,18.464643652561247,16.86841128433556,7.655252412769117,5.173055242390079,13.934576837416481
2024-12-07,28.805895439377085,18.4619021134594,16.86299592139414,7.651186503522433,5.1717342342342345,13.940211345939932
2024-12-08,28.797327394209354,18.46575723830735,16.861172976985895,7.653025241276912,5.167981961668546,13.944599109131403
2024-12-09,28.800333704115683,18.46412680756396,16.85520949202818,7.649517982944012,5.16554054054054,13.950778642936596
2024-12-10,28.802777777777777,18.4625,16.850925925925928,7.645462962962963,5.16310461192351,13.955277777777777
2024-12-11,28.793659621802004,18.465239154616242,16.84742306266222,7.648405635891732,5.161036036036036,13.959677419354838
2024-12-12,28.781180400890868,18.469097995545656,16.84502598366741,7.651354862657758,5.158962795941376,13.965200445434299
2024-12-13,28.771460423634338,18.472965440356745,16.84429580081754,7.653195837978447,5.155756207674943,13.969620958751394
2024-12-14,28.7739420935412,18.47132516703786,16.837787676317745,7.650241276911656,5.153325817361894,13.976336302895323
2024-12-15,28.7739420935412,18.47132516703786,16.837787676317745,7.650241276911656,5.153325817361894,13.976336302895323
2024-12-16,28.76837416481069,18.471881959910913,16.83166295471418,7.648014105419451,5.147125140924464,13.986358574610245
2024-12-17,28.769744160177975,18.470244716351502,16.827400815721173,7.643956247682611,5.144707207207207,13.991935483870968
2024-12-18,28.760579064587972,18.472995545657014,16.823867854491464,7.646900519673348,5.142615558060879,13.996380846325167
2024-12-19,28.765294771968854,18.46802002224694,16.82072673340749,7.64173155357805,5.140202702702703,14.001946607341491
2024-12-20,28.75991842788283,18.46913236929922,16.814979606970706,7.63969225064887,5.135135135135135,14.011216166110493
2024-12-21,28.763518518518516,18.46638888888889,16.80962962962963,7.63675925925926,5.1327334083239595,14.017870370370371
2024-12-22,28.763518518518516,18.46638888888889,16.80962962962963,7.63675925925926,5.1327334083239595,14.017870370370371
2024-12-23,28.75796296296296,18.4675,16.804907407407406,7.633425925925927,5.127671541057368,14.027037037037038
2024-12-24,28.75796296296296,18.4675,16.804907407407406,7.633425925925927,5.127671541057368,14.027037037037038
2024-12-25,28.75796296296296,18.4675,16.804907407407406,7.633425925925927,5.127671541057368,14.027037037037038
2024-12-26,28.746570263255467,18.471357063403783,16.801353355580275,7.636355209492029,5.125563063063063,14.03262884686689
2024-12-27,28.736265775798067,18.476336302895323,16.800018559762435,7.63817743132888,5.123449830890642,14.037119524870082
2024-12-28,28.72847067557535,18.478563474387528,16.79445063103192,7.635950259836675,5.117812852311161,14.047141796585004
2024-12-29,28.72847067557535,18.478563474387528,16.79445063103192,7.635950259836675,5.117812852311161,14.047141796585004
2024-12-30,28.721789161098734,18.480790645879733,16.78943949517446,7.632052709725317,5.1127395715896276,14.057720861172978
2024-12-31,28.721789161098734,18.480790645879733,16.78943949517446,7.632052709725317,5.1127395715896276,14.057720861172978
2025-01-01,28.721789161098734,18.480790645879733,16.78943949517446,7.632052709725317,5.1127395715896276,14.057720861172978
2025-01-02,28.721789161098734,18.480790645879733,16.78943949517446,7.632052709725317,5.1127395715896276,14.057720861172978
2025-01-03,28.716221232368223,18.481904231625837,16.784428359317,7.629825538233112,5.107102593010146,14.067186340014848
2025-01-04,28.71876158694846,18.479143492769744,16.780218761586948,7.625787912495366,5.10472972972973,14.073785687801262
2025-01-05,28.71876158694846,18.479143492769744,16.780218761586948,7.625787912495366,5.10472972972973,14.073785687801262
2025-01-06,28.712643678160916,18.478587319243605,16.777437893956247,7.621894697812385,5.099662162162162,14.086577678902485
2025-01-07,28.705969595847236,18.480255839822025,16.768539117538005,7.619113830181684,5.094594594594595,14.097701149425289
2025-01-08,28.69673348181143,18.485244988864142,16.764940608760206,7.622030438010394,5.092446448703495,14.101150705270973
2025-01-09,28.699295513533553,18.481368186874306,16.76186503522432,7.618001483129404,5.091216216216216,14.10771227289581
2025-01-10,28.69039673711531,18.481368186874306,16.75852799406748,7.615776789024843,5.086711711711712,14.121060437523175
2025-01-11,28.68261030774935,18.482480533926584,16.75296625880608,7.613552094920283,5.081081081081081,14.133296255098259
2025-01-12,28.672234595397175,18.487472160356347,16.750463994060876,7.615348923533779,5.080045095828636,14.137899034892355
2025-01-13,28.666109873793612,18.487472160356347,16.747123236822567,7.612008166295472,5.074971815107102,14.150148478099482
2025-01-14,28.668705969595845,18.484705228031146,16.742955135335556,7.6079903596588805,5.072635135135135,14.156655543196145
2025-01-15,28.668705969595845,18.484705228031146,16.742955135335556,7.6079903596588805,5.072635135135135,14.156655543196145
2025-01-16,28.658314773570897,18.489699331848552,16.738214550853748,7.6108945805493695,5.069334836527621,14.162397921306608
2025-01-17,28.64790040876997,18.494704570791527,16.736807878112224,7.612690449646972,5.066027088036117,14.169267930137496
2025-01-18,28.6389817911557,18.494704570791527,16.732348569305092,7.611575622445188,5.061512415349887,14.181531029357117
2025-01-19,28.6389817911557,18.494704570791527,16.732348569305092,7.611575622445188,5.061512415349887,14.181531029357117
2025-01-20,28.630620587142324,18.495819397993312,16.728446674098848,7.609903381642512,5.056433408577878,14.193236714975846
2025-01-21,28.63325909428359,18.49304008908686,16.724294729027466,7.605883444691909,5.0541149943630215,14.198589458054938
2025-01-22,28.622816796729836,18.496934225195094,16.722872538089927,7.607673727238946,5.051918735891648,14.202155332590117
2025-01-23,28.62880475129918,18.495267260579066,16.719283593170008,7.603656273199704,5.051918735891648,14.20861172976986
2025-01-24,28.619896065330362,18.496380846325167,16.7148292501856,7.601429101707499,5.048532731376975,14.223088344469192
2025-01-25,28.610987379361543,18.49749443207127,16.708147735708984,7.599201930215294,5.044018058690745,14.234224201930216
2025-01-26,28.610987379361543,18.49749443207127,16.708147735708984,7.599201930215294,5.044018058690745,14.234224201930216
2025-01-27,28.603749072011876,18.49693763919822,16.704250185597623,7.596974758723089,5.039503386004514,14.246473645137343
2025-01-28,28.59706755753526,18.494710467706014,16.703136599851522,7.593634001484782,5.033860045146727,14.256495916852264
2025-01-29,28.59706755753526,18.494710467706014,16.703136599851522,7.593634001484782,5.033860045146727,14.256495916852264
2025-01-30,28.59788654060067,18.491564701520208,16.700129773822766,7.589636633296256,5.0334460729049235,14.263997033741195
2025-01-31,28.591212458286986,18.49045235446793,16.693455691509083,7.587411939191695,5.031191281473131,14.276232851316278
2025-02-01,28.584538375973302,18.48934000741565,16.689006303299962,7.585187245087135,5.026681698609545,14.288468668891362
2025-02-02,28.584538375973302,18.48934000741565,16.689006303299962,7.585187245087135,5.026681698609545,14.288468668891362
2025-02-03,28.577864293659623,18.487115313311087,16.685669262143122,7.583518724508714,5.023299511461857,14.300704486466445
2025-02-04,28.577222222222222,18.48435185185185,16.683796296296297,7.579537037037038,5.023273273273274,14.307037037037038
2025-02-05,28.5678531701891,18.487115313311087,16.68344456803856,7.581294030404154,5.019917324314168,14.311827956989248
2025-02-06,28.570555555555554,18.483240740740744,16.680462962962963,7.577314814814815,5.019894894894895,14.31925925925926
2025-02-07,28.56388888888889,18.482129629629632,16.675462962962964,7.576203703703705,5.018205705705706,14.332037037037038
2025-02-08,28.55611111111111,18.48101851851852,16.67101851851852,7.572870370370371,5.014827327327327,14.34425925925926
2025-02-09,28.55611111111111,18.48101851851852,16.67101851851852,7.572870370370371,5.014827327327327,14.34425925925926
2025-02-10,28.55,18.479351851851852,16.667685185185185,7.5700925925925935,5.011448948948949,14.356481481481483
2025-02-11,28.550499445061043,18.47660007399186,16.664724380318166,7.566130225675177,5.012560929883765,14.362745098039216
2025-02-12,28.54,18.47824074074074,16.66212962962963,7.568425925925927,5.010322822822824,14.368703703703705
2025-02-13,28.533333333333335,18.476574074074076,16.65601851851852,7.567870370370371,5.008070570570571,14.381481481481481
2025-02-14,28.526666666666667,18.476574074074076,16.650462962962962,7.56675925925926,5.008070570570571,14.393703703703704
2025-02-15,28.52,18.475462962962965,16.644907407407405,7.564537037037038,5.005818318318319,14.404814814814815
2025-02-16,28.521642619311876,18.472715501294857,16.64086200517943,7.561690714021458,5.008061492313461,14.411024787273401
2025-02-17,28.514428412874583,18.47160562338143,16.635867554568996,7.560025897151314,5.006936632920885,14.423233444321125
2025-02-18,28.516075388026607,18.468865484109386,16.631836659275685,7.557187730968219,5.009176029962547,14.429416112342942
2025-02-19,28.510532150776054,18.466648189209167,16.62518477457502,7.554970436067998,5.008052434456929,14.440502586844051
2025-02-20,28.51107419712071,18.463362864525656,16.62172388335179,7.551310446659285,5.010849233071456,14.447766703580658
2025-02-21,28.504983388704318,18.461978589885568,16.6156330749354,7.551033591731267,5.009446315001871,14.460502030269472
2025-02-22,28.49778516057586,18.459763750461427,16.60954226651901,7.54937246216316,5.010007482229705,14.471576227390182
2025-02-23,28.49778516057586,18.459763750461427,16.60954226651901,7.54937246216316,5.010007482229705,14.471576227390182
2025-02-24,28.49057649667406,18.46249076127125,16.608000739098298,7.550535846267555,5.006647940074907,14.475424981522544
2025-02-25,28.49057649667406,18.46249076127125,16.608000739098298,7.550535846267555,5.006647940074907,14.475424981522544
2025-02-26,28.49057649667406,18.46249076127125,16.608000739098298,7.550535846267555,5.006647940074907,14.475424981522544
2025-02-27,28.49057649667406,18.46249076127125,16.608000739098298,7.550535846267555,5.006647940074907,14.475424981522544
2025-02-28,28.482241953385127,18.46522382537921,16.606455789863116,7.5533666296707365,5.002155980502438,14.481502034776176
2025-03-01,28.47388888888889,18.466851851851853,16.604907407407406,7.555092592592593,4.99878003003003,14.486481481481482
2025-03-02,28.475582685904552,18.46300406955235,16.598686644469108,7.551146873843878,5.003280839895013,14.49482056973733
2025-03-03,28.467777777777776,18.465740740740742,16.59824074074074,7.55175925925926,5.0004692192192195,14.498148148148148
2025-03-04,28.4680910099889,18.462171661117278,16.59202737698853,7.546984831668517,5.006936632920885,14.50647428782834
2025-03-05,28.45916666666667,18.464351851851852,16.588796296296294,7.549814814814815,5.004129129129129,14.511481481481482
2025-03-06,28.45976692563818,18.461616722160564,16.58370329263781,7.544765075841658,5.0086239220097495,14.518682944876064
2025-03-07,28.450887902330745,18.461616722160564,16.575934147243803,7.543655197928229,5.010873640794901,14.531446540880504
2025-03-08,28.450887902330745,18.461616722160564,16.575934147243803,7.543655197928229,5.010873640794901,14.531446540880504
2025-03-09,28.450388026607538,18.45888765705839,16.569752402069476,7.539726533628973,5.016479400749064,14.538617886178862
2025-03-10,28.442073170731707,18.459164818920918,16.560883222468586,7.536677753141168,5.020131086142323,14.551367331855138
2025-03-11,28.44158361018826,18.455334071613144,16.5547249907715,7.532761166482097,5.026842499064721,14.559616094499816
2025-03-12,28.44158361018826,18.455334071613144,16.5547249907715,7.532761166482097,5.026842499064721,14.559616094499816
2025-03-13,28.44158361018826,18.455334071613144,16.5547249907715,7.532761166482097,5.026842499064721,14.559616094499816
2025-03-14,28.43431263858093,18.459164818920918,16.54979674796748,7.534460458240947,5.0235018726591765,14.565779748706579
2025-03-15,28.425443458980045,18.459164818920918,16.542036215816704,7.5311345158906144,5.025749063670412,14.577974870657798
2025-03-16,28.425443458980045,18.459164818920918,16.542036215816704,7.5311345158906144,5.025749063670412,14.577974870657798
2025-03-17,28.41879157427938,18.459164818920918,16.533167036215815,7.527254249815226,5.030243445692884,14.589615668883962
2025-03-18,28.417220376522703,18.45422665190107,16.528146917681802,7.523348098929495,5.036943509165732,14.598929494278332
2025-03-19,28.409922394678492,18.45805617147081,16.52318920916482,7.525036954915004,5.033614232209739,14.604028085735404
2025-03-20,28.409922394678492,18.45805617147081,16.52318920916482,7.525036954915004,5.033614232209739,14.604028085735404
2025-03-21,28.399944567627493,18.458610495195863,16.51432002956393,7.522265336289728,5.036985018726592,14.6189948263119
2025-03-22,28.392619311875695,18.461339252682205,16.51267110617832,7.523954864964854,5.032527184101988,14.62301146873844
2025-03-23,28.392619311875695,18.461339252682205,16.51267110617832,7.523954864964854,5.032527184101988,14.62301146873844
2025-03-24,28.382630410654826,18.461339252682205,16.505456899741027,7.521180170181281,5.036464191976004,14.636330003699594
2025-03-25,28.379988913525498,18.45750184774575,16.500461936437546,7.517276422764228,5.042041198501873,14.645602365114561
2025-03-26,28.379988913525498,18.45750184774575,16.500461936437546,7.517276422764228,5.042041198501873,14.645602365114561
2025-03-27,28.371674057649667,18.45750184774575,16.491038433111605,7.515059127864006,5.045411985018727,14.65779748706578
2025-03-28,28.36169623059867,18.45750184774575,16.48327790096083,7.512841832963785,5.0476591760299625,14.672209903917222
2025-03-29,28.35282705099778,18.45639320029564,16.47440872135994,7.5106245380635634,5.049906367041199,14.687730968218773
2025-03-30,28.35282705099778,18.45639320029564,16.47440872135994,7.5106245380635634,5.049906367041199,14.687730968218773
2025-03-31,28.342849223946786,18.456670362158167,16.466371027346636,7.507852919438286,5.053277153558053,14.702143385070215
2025-04-01,28.339147286821706,18.452842377260982,16.46142488002953,7.503968253968255,5.058829031051253,14.712440014765598
2025-04-02,28.331762749445677,18.456670362158167,16.45750184774575,7.505635624538065,5.056647940074907,14.716555801921656
2025-04-03,28.329180509413067,18.453949796973053,16.451458102620894,7.501753414544113,5.062196034418257,14.726836471022517
2025-04-04,28.321230598669622,18.457224685883222,16.44807834441981,7.503418329637842,5.0594569288389515,14.732631189948263
2025-04-05,28.31644518272425,18.454503506829088,16.44204503506829,7.4995385751199715,5.066124205013094,14.742894056847545
2025-04-06,28.31644518272425,18.454503506829088,16.44204503506829,7.4995385751199715,5.066124205013094,14.742894056847545
2025-04-07,28.305647840531563,18.455610926541162,16.434016242155778,7.495662606127723,5.0686494575383465,14.757567368032484
2025-04-08,28.30199115044248,18.451788348082598,16.429111356932154,7.4906895280236,5.0741778774289985,14.767791297935103
2025-04-09,28.30199115044248,18.451788348082598,16.429111356932154,7.4906895280236,5.0741778774289985,14.767791297935103
2025-04-10,28.29263565891473,18.454503506829088,16.42515688445921,7.492894056847546,5.071455293677516,14.773624953857512
2025-04-11,28.282115171650055,18.454503506829088,16.416851236618676,7.490679217423404,5.074261129816685,14.789128829826504
2025-04-12,28.278484513274336,18.451788348082598,16.410859144542773,7.485711651917405,5.079783258594918,14.79931784660767
2025-04-13,28.278484513274336,18.451788348082598,16.410859144542773,7.485711651917405,5.079783258594918,14.79931784660767
2025-04-14,28.267422566371682,18.453447640117997,16.403668879056045,7.482393067846608,5.0825859491778775,14.81314528023599
2025-04-15,28.263812154696133,18.44963167587477,16.398802946593,7.47744014732965,5.08809257185517,14.823296500920812
2025-04-16,28.263812154696133,18.44963167587477,16.398802946593,7.47744014732965,5.08809257185517,14.823296500920812
2025-04-17,28.263812154696133,18.44963167587477,16.398802946593,7.47744014732965,5.08809257185517,14.823296500920812
2025-04-18,28.256360619469028,18.45234144542773,16.39592551622419,7.479074483775812,5.084828101644246,14.828632005899706
2025-04-19,28.246404867256636,18.453447640117997,16.387629056047196,7.475202802359883,5.087070254110613,14.843842182890857
2025-04-20,28.246404867256636,18.453447640117997,16.387629056047196,7.475202802359883,5.087070254110613,14.843842182890857
2025-04-21,28.239479512735326,18.456718346253233,16.385843484680695,7.476282761166483,5.083239805462028,14.84809892949428
2025-04-22,28.235896017699115,18.452894542772864,16.37988569321534,7.472160766961653,5.088191330343797,14.859882005899706
2025-04-23,28.235896017699115,18.452894542772864,16.37988569321534,7.472160766961653,5.088191330343797,14.859882005899706
2025-04-24,28.235896017699115,18.452894542772864,16.37988569321534,7.472160766961653,5.088191330343797,14.859882005899706
2025-04-25,28.22428097345133,18.453447640117997,16.373248525073745,7.468842182890856,5.089872944693573,14.875921828908556
2025-04-26,28.215669988925804,18.456164636397197,16.371447028423773,7.46936138796604,5.086606808829031,14.882428940568476
2025-04-27,28.205931263858094,18.4599963045085,16.368532889874352,7.47209903917221,5.084456928838952,14.887841832963785
2025-04-28,28.19539911308204,18.4599963045085,16.36132668144863,7.467664449371767,5.087265917602997,14.902254249815226
2025-04-29,28.190753045404207,18.455057216685127,16.356496862310816,7.462716869693614,5.092779648335204,14.91454411221853
2025-04-30,28.18209534368071,18.45888765705839,16.352457501847745,7.464338507021434,5.09063670411985,14.919992609017
2025-05-01,28.172308546059934,18.461616722160564,16.34840917499075,7.467073621901592,5.08848893888264,14.926563078061413
2025-05-02,28.16231964483907,18.461616722160564,16.339530151683313,7.465963743988162,5.090738657667792,14.940991490935998
2025-05-03,28.151220865704772,18.462726600073992,16.33176100628931,7.4626341102478735,5.0929883764529436,14.95763965963744
2025-05-04,28.151220865704772,18.462726600073992,16.33176100628931,7.4626341102478735,5.0929883764529436,14.95763965963744
2025-05-05,28.138179800221977,18.462726600073992,16.32510173880873,7.45874953755087,5.095800524934384,14.972900480947096
2025-05-06,28.128333333333334,18.464351851851852,16.32324074074074,7.459814814814815,5.093093093093094,14.978981481481481
2025-05-07,28.12708102108768,18.461616722160564,16.317332593414722,7.455974842767296,5.098612673415824,14.987883832778396
2025-05-08,28.12708102108768,18.461616722160564,16.317332593414722,7.455974842767296,5.098612673415824,14.987883832778396
2025-05-09,28.118333333333332,18.464351851851852,16.31435185185185,7.457592592592594,5.096471471471472,14.994537037037038
2025-05-10,28.10611111111111,18.464351851851852,16.306574074074074,7.45425925925926,5.09984984984985,15.011203703703705
2025-05-11,28.10611111111111,18.464351851851852,16.306574074074074,7.45425925925926,5.09984984984985,15.011203703703705
2025-05-12,28.093888888888888,18.46490740740741,16.299351851851853,7.450370370370371,5.103228228228229,15.026203703703704
2025-05-13,28.090455049944506,18.46106178320385,16.29347021827599,7.445431002589716,5.1087364079490065,15.03727339992601
2025-05-14,28.08277777777778,18.46490740740741,16.28824074074074,7.445925925925927,5.106606606606607,15.04175925925926
2025-05-15,28.07285873192436,18.467649239896183,16.28299962921765,7.448646644419727,5.104472003006389,15.048479792361885
2025-05-16,28.060622914349278,18.468761586948464,16.271876158694845,7.445309603262885,5.106726794438181,15.06850203930293
2025-05-17,28.05400890868597,18.471510764662213,16.269951744617668,7.444691907943579,5.1034612490594435,15.07525983667409
2025-05-18,28.045707915273134,18.47482348569305,16.26858045336306,7.444630248978076,5.101318267419963,15.079803047194352
2025-05-19,28.043429844097997,18.470675575352637,16.263270230141053,7.440515961395695,5.1068472535741165,15.089458054936898
2025-05-20,28.04115684093437,18.466814979606973,16.2574156470152,7.436688913607713,5.113491168733559,15.099369670003709
2025-05-21,28.03003337041157,18.466814979606973,16.247404523544677,7.433351872450872,5.118000751597144,15.113830181683353
2025-05-22,28.03003337041157,18.466814979606973,16.247404523544677,7.433351872450872,5.118000751597144,15.113830181683353
2025-05-23,28.018909899888765,18.467927326659254,16.238505747126435,7.431127178346311,5.120255543028937,15.130515387467558
2025-05-24,28.010567296996662,18.469595847237674,16.229606970708193,7.427233963663331,5.1225103344607295,15.145253985910271
2025-05-25,28.010567296996662,18.469595847237674,16.229606970708193,7.427233963663331,5.1225103344607295,15.145253985910271
2025-05-26,28.0,18.470152020763813,16.22237671486837,7.422228401928069,5.12532882375047,15.161383018168335
2025-05-27,27.997777777777777,18.4662962962963,16.216574074074074,7.418425925925926,5.131944444444445,15.171203703703704
2025-05-28,27.988320355951057,18.46903967371153,16.212365591397848,7.420559881349648,5.129274708756107,15.177512050426401
2025-05-29,27.988320355951057,18.46903967371153,16.212365591397848,7.420559881349648,5.129274708756107,15.177512050426401
2025-05-30,27.978285077951004,18.47290274684484,16.208147735708984,7.4232553823311065,5.126034612490595,15.185504825538233
2025-05-31,27.96826280623608,18.474016332590946,16.19812546399406,7.419914625092799,5.130549285176825,15.201095025983667
2025-06-01,27.96826280623608,18.474016332590946,16.19812546399406,7.419914625092799,5.130549285176825,15.201095025983667
2025-06-02,27.957683741648108,18.47290274684484,16.190887156644393,7.416573867854492,5.133935289691498,15.217242019302153
2025-06-03,27.946547884187083,18.47123236822569,16.18309205642168,7.412119524870082,5.138449962377728,15.232832219747587
2025-06-04,27.947719688542826,18.46737115313311,16.1784390063033,7.408324063774565,5.142803457346862,15.241472005932518
2025-06-05,27.947719688542826,18.46737115313311,16.1784390063033,7.408324063774565,5.142803457346862,15.241472005932518
2025-06-06,27.937708565072302,18.46625880608083,16.170652576937336,7.404987022617724,5.146185644494551,15.257044864664442
2025-06-07,27.936666666666667,18.46351851851852,16.164907407407405,7.401203703703704,5.151651651651652,15.265648148148149
2025-06-08,27.936666666666667,18.46351851851852,16.164907407407405,7.401203703703704,5.151651651651652,15.265648148148149
2025-06-09,27.92880978865406,18.46625880608083,16.164534668149795,7.400537634408603,5.149004133784292,15.270393029291807
2025-06-10,27.928055555555556,18.462407407407408,16.158796296296295,7.39675925925926,5.15503003003003,15.279259259259259
2025-06-11,27.928055555555556,18.462407407407408,16.158796296296295,7.39675925925926,5.15503003003003,15.279259259259259
2025-06-12,27.928055555555556,18.462407407407408,16.158796296296295,7.39675925925926,5.15503003003003,15.279259259259259
2025-06-13,27.91907675194661,18.46625880608083,16.156748238783834,7.398312940304042,5.150695227358137,15.286243974786801
2025-06-14,27.918055555555554,18.46462962962963,16.15101851851852,7.394537037037038,5.156156156156157,15.294814814814815
2025-06-15,27.918055555555554,18.46462962962963,16.15101851851852,7.394537037037038,5.156156156156157,15.294814814814815
2025-06-16,27.917036625971143,18.461894191638923,16.14585645578986,7.390769515353312,5.162167229096363,15.303366629670737
2025-06-17,27.917128603104214,18.456947524020695,16.140151515151516,7.387010347376202,5.167602996254682,15.31189948263119
2025-06-18,27.917128603104214,18.456947524020695,16.140151515151516,7.387010347376202,5.167602996254682,15.31189948263119
2025-06-19,27.917220376522703,18.453119232189,16.135566629752674,7.382152085640459,5.173026561915451,15.320413436692506
2025-06-20,27.91841814159292,18.450405604719766,16.12988569321534,7.378410766961653,5.177316890881913,15.328908554572273
2025-06-21,27.918508287292816,18.447697974217313,16.124217311233885,7.3746777163904245,5.1815976110488995,15.337384898710866
2025-06-22,27.90846238938053,18.450405604719766,16.12214233038348,7.3761983775811215,5.178437967115097,15.34439528023599
2025-06-23,27.89933628318584,18.450405604719766,16.11467551622419,7.3717735988200594,5.181801195814649,15.358222713864308
2025-06-24,27.89933628318584,18.450405604719766,16.11467551622419,7.3717735988200594,5.181801195814649,15.358222713864308
2025-06-25,27.891472868217054,18.455334071613144,16.109265411590993,7.3721853082318205,5.179760568649458,15.364156515319307
2025-06-26,27.891472868217054,18.455334071613144,16.109265411590993,7.3721853082318205,5.179760568649458,15.364156515319307
2025-06-27,27.883167220376524,18.45699520118125,16.09985234403839,7.367755629383537,5.18144407033296,15.38076781100037
2025-06-28,27.883167220376524,18.45699520118125,16.09985234403839,7.367755629383537,5.18144407033296,15.38076781100037
2025-06-29,27.883167220376524,18.45699520118125,16.09985234403839,7.367755629383537,5.18144407033296,15.38076781100037
2025-06-30,27.874168514412418,18.460827790096083,16.097745750184774,7.367609016999261,5.178277153558053,15.386733185513673
2025-07-01,27.87467700258398,18.456810631229235,16.093023255813954,7.363325950535254,5.183501683501683,15.395348837209303
2025-07-02,27.87467700258398,18.456810631229235,16.093023255813954,7.363325950535254,5.183501683501683,15.395348837209303
2025-07-03,27.86692506459948,18.454595791805094,16.084163898117385,7.361111111111112,5.185746352413019,15.409745293466223
2025-07-04,27.86692506459948,18.454595791805094,16.084163898117385,7.361111111111112,5.185746352413019,15.409745293466223
2025-07-05,27.858065706902917,18.454595791805094,16.07641196013289,7.357788851974899,5.189113355780022,15.425249169435215
2025-07-06,27.850147819660013,18.45842572062084,16.073540280857355,7.357815964523281,5.185955056179775,15.431633407243163
2025-07-07,27.85031376891842,18.45404208194906,16.06792174234035,7.353543743078627,5.192480359147026,15.440568475452197
2025-07-08,27.849373156342182,18.44800884955752,16.063421828908556,7.348727876106195,5.198991031390134,15.450036873156343
2025-07-09,27.842561830933924,18.451827242524917,16.05795496493171,7.349114064230343,5.1980920314253645,15.45607235142119
2025-07-10,27.842561830933924,18.451827242524917,16.05795496493171,7.349114064230343,5.1980920314253645,15.45607235142119
2025-07-11,27.842561830933924,18.451827242524917,16.05795496493171,7.349114064230343,5.1980920314253645,15.45607235142119
2025-07-12,27.834809892949426,18.451827242524917,16.04798818752307,7.34468438538206,5.201459034792368,15.472683647102253
2025-07-13,27.834809892949426,18.451827242524917,16.04798818752307,7.34468438538206,5.201459034792368,15.472683647102253
2025-07-14,27.825396825396822,18.451273532668882,16.040789959394612,7.340254706533776,5.204826038159371,15.488187523071245
2025-07-15,27.823377581120944,18.44524336283186,16.036320058997052,7.3365597345132745,5.211322869955157,15.497603244837759
2025-07-16,27.813215208564046,18.448504983388705,16.031930601698043,7.337763012181616,5.209034792368126,15.504798818752308
2025-07-17,27.813215208564046,18.448504983388705,16.031930601698043,7.337763012181616,5.209034792368126,15.504798818752308
2025-07-18,27.813215208564046,18.448504983388705,16.031930601698043,7.337763012181616,5.209034792368126,15.504798818752308
2025-07-19,27.804355850867477,18.448504983388705,16.023624953857514,7.333887043189368,5.211279461279461,15.520856404577335
2025-07-20,27.804355850867477,18.448504983388705,16.023624953857514,7.333887043189368,5.211279461279461,15.520856404577335
2025-07-21,27.79411221853082,18.447397563676635,16.01531930601698,7.33001107419712,5.214365881032547,15.536913990402363
2025-07-22,27.79102138643068,18.44137168141593,16.010877581120944,7.325221238938053,5.221973094170403,15.547382005899706
2025-07-23,27.784145441122185,18.44518272425249,16.005352528608345,7.324473975636766,5.221099887766554,15.553525286083426
2025-07-24,27.784145441122185,18.44518272425249,16.005352528608345,7.324473975636766,5.221099887766554,15.553525286083426
2025-07-25,27.783278023598818,18.44137168141593,15.99981563421829,7.3196902654867255,5.227578475336323,15.562868731563423
2025-07-26,27.77332227138643,18.440265486725664,15.990966076696166,7.3152654867256635,5.2309417040358746,15.579461651917406
2025-07-27,27.765873015873016,18.44296788482835,15.989294942783316,7.313399778516057,5.2272727272727275,15.585086747877446
2025-07-28,27.75535252860834,18.442414174972313,15.979881875230713,7.309523809523809,5.230639730639731,15.602805463270581
2025-07-29,27.75341076696165,18.436393805309734,15.97547935103245,7.304756637168142,5.23822869955157,15.613200589970502
2025-07-30,27.75341076696165,18.436393805309734,15.97547935103245,7.304756637168142,5.23822869955157,15.613200589970502
2025-07-31,27.75341076696165,18.436393805309734,15.97547935103245,7.304756637168142,5.23822869955157,15.613200589970502
2025-08-01,27.75257826887661,18.43149171270718,15.97108655616943,7.301104972375691,5.24468085106383,15.622467771639043
2025-08-02,27.743738489871085,18.4292817679558,15.963351749539596,7.295580110497237,5.248040313549832,15.639042357274402
2025-08-03,27.735435103244836,18.430862831858406,15.961651917404131,7.294800884955753,5.244955156950673,15.645556784660767
2025-08-04,27.727138643067846,18.42920353982301,15.952249262536874,7.290376106194691,5.246636771300448,15.664362094395281
2025-08-05,27.724125230202578,18.4232044198895,15.947882136279928,7.285635359116022,5.254199328107503,15.674677716390423
2025-08-06,27.71828908554572,18.425884955752213,15.94339970501475,7.284845132743363,5.253363228699552,15.679848820058998
2025-08-07,27.717495395948433,18.41988950276243,15.939042357274403,7.28121546961326,5.258678611422172,15.689042357274403
2025-08-08,27.710545722713864,18.422566371681416,15.935656342182892,7.280420353982301,5.255605381165919,15.69644174041298
2025-08-09,27.7097605893186,18.41878453038674,15.930202578268878,7.276795580110497,5.2597984322508395,15.706721915285453
2025-08-10,27.7097605893186,18.41878453038674,15.930202578268878,7.276795580110497,5.2597984322508395,15.706721915285453
2025-08-11,27.701749539594843,18.417127071823206,15.921915285451197,7.271270718232044,5.262038073908175,15.723848987108656
2025-08-12,27.697663723325974,18.411147902869757,15.918690213392201,7.266556291390729,5.268456375838926,15.73519131714496
2025-08-13,27.687384898710864,18.414917127071824,15.914180478821363,7.2668508287292815,5.2665173572228445,15.742081031307551
2025-08-14,27.67854511970534,18.41381215469613,15.906445672191529,7.262430939226519,5.270996640537514,15.756445672191528
2025-08-15,27.669705340699814,18.412154696132596,15.899263351749541,7.258011049723757,5.271556550951848,15.774125230202579
2025-08-16,27.669705340699814,18.412154696132596,15.899263351749541,7.258011049723757,5.271556550951848,15.774125230202579
2025-08-17,27.669705340699814,18.412154696132596,15.899263351749541,7.258011049723757,5.271556550951848,15.774125230202579
2025-08-18,27.66353244837758,18.414269911504423,15.8969395280236,7.256637168141593,5.268497757847534,15.780512536873157
2025-08-19,27.661141804788212,18.409116022099447,15.892081031307551,7.252486187845304,5.27491601343785,15.791252302025784
2025-08-20,27.655235988200587,18.41178097345133,15.887536873156343,7.2527654867256635,5.272982062780269,15.796552359882007
2025-08-21,27.65561694290976,18.409116022099447,15.882136279926335,7.249171270718232,5.278275475923852,15.803959484346226
2025-08-22,27.65561694290976,18.409116022099447,15.882136279926335,7.249171270718232,5.278275475923852,15.803959484346226
2025-08-23,27.647882136279925,18.408011049723758,15.87329650092081,7.242541436464088,5.280515117581187,15.820534069981585
2025-08-24,27.6452802359882,18.409568584070797,15.872050147492626,7.238938053097345,5.276345291479821,15.825313421828909
2025-08-25,27.642357274401473,18.405801104972376,15.866114180478823,7.234806629834254,5.282754759238522,15.835451197053407
2025-08-26,27.633517495395946,18.402486187845305,15.859484346224678,7.2292817679558015,5.2861142217245245,15.853130755064457
2025-08-27,27.633517495395946,18.402486187845305,15.859484346224678,7.2292817679558015,5.2861142217245245,15.853130755064457
2025-08-28,27.633517495395946,18.402486187845305,15.859484346224678,7.2292817679558015,5.2861142217245245,15.853130755064457
2025-08-29,27.631714495952906,18.39873068432671,15.85412067696836,7.224613686534217,5.292505592841163,15.86322663723326
2025-08-30,27.627992633517493,18.401381215469613,15.850644567219154,7.223756906077348,5.2894736842105265,15.868600368324126
2025-08-31,27.625921828908552,18.402931415929203,15.849373156342184,7.220132743362832,5.286434977578475,15.873432890855458
2025-09-01,27.62357274401473,18.398618784530388,15.84401473296501,7.216022099447514,5.292833146696529,15.88351749539595
2025-09-02,27.61915285451197,18.396408839779006,15.832965009208104,7.210497237569061,5.297312430011198,15.901197053407
2025-09-03,27.61694290976059,18.393093922651932,15.823020257826888,7.203867403314917,5.3006718924972,15.916666666666668
2025-09-04,27.61694290976059,18.393093922651932,15.823020257826888,7.203867403314917,5.3006718924972,15.916666666666668
2025-09-05,27.616390423572742,18.390331491712708,15.811970534069982,7.196132596685083,5.302911534154536,15.93268876611418
2025-09-06,27.616390423572742,18.390331491712708,15.811970534069982,7.196132596685083,5.302911534154536,15.93268876611418
2025-09-07,27.61418047882136,18.387016574585637,15.803130755064457,7.1878453038674035,5.307390817469205,15.948158379373849
2025-09-08,27.611846946284032,18.382726269315672,15.797829286239883,7.183774834437086,5.312639821029083,15.958701250919795
2025-09-09,27.609363502575423,18.379415011037526,15.785963944076528,7.176876379690949,5.316834451901566,15.976361295069905
2025-09-10,27.607589121646452,18.37568908489526,15.780687247335539,7.172271223814774,5.3231843575419,15.986310180080853
2025-09-11,27.60715599705666,18.379415011037526,15.772718910963945,7.170253863134658,5.321308724832215,15.99071008094187
2025-09-12,27.610036832412522,18.380939226519338,15.764732965009209,7.167127071823204,5.317189249720045,15.997329650092082
2025-09-13,27.60715599705666,18.37610375275938,15.760577630610744,7.162527593818985,5.323545861297539,16.007266372332598
2025-09-14,27.60893186003683,18.377624309392264,15.754788213627993,7.158563535911602,5.321108622620381,16.01279926335175
2025-09-15,27.60893186003683,18.377624309392264,15.754788213627993,7.158563535911602,5.321108622620381,16.01279926335175
2025-09-16,27.606998158379373,18.376795580110496,15.742357274401474,7.150828729281768,5.32558790593505,16.028545119705342
2025-09-17,27.60766961651917,18.379424778761063,15.73543510324484,7.148783185840708,5.323710762331839,16.03410766961652
2025-09-18,27.60766961651917,18.379424778761063,15.73543510324484,7.148783185840708,5.323710762331839,16.03410766961652
2025-09-19,27.605893186003684,18.375690607734807,15.729097605893188,7.144198895027625,5.3300671892497204,16.0451197053407
2025-09-20,27.60478821362799,18.374585635359114,15.715837937384899,7.1375690607734805,5.332306830907055,16.06279926335175
2025-09-21,27.605457227138643,18.376106194690266,15.709992625368733,7.134402654867257,5.330437219730942,16.067293510324486
2025-09-22,27.605457227138643,18.376106194690266,15.709992625368733,7.134402654867257,5.330437219730942,16.067293510324486
2025-09-23,27.602968289085545,18.374723451327434,15.696718289085547,7.126935840707965,5.335201793721973,16.085545722713864
2025-09-24,27.602302025782688,18.370994475138122,15.691528545119706,7.123480662983425,5.3415453527435615,16.094290976058932
2025-09-25,27.602302025782688,18.370994475138122,15.691528545119706,7.123480662983425,5.3415453527435615,16.094290976058932
2025-09-26,27.599429727740986,18.367273730684328,15.687454010301693,7.118929359823399,5.347874720357942,16.10522442972774
2025-09-27,27.600092081031306,18.370994475138122,15.6804788213628,7.116850828729282,5.343784994400896,16.110865561694293
2025-09-28,27.60020280235988,18.372511061946902,15.675147492625369,7.113661504424779,5.341928251121076,16.11541297935103
2025-09-29,27.597329650092078,18.369337016574587,15.670534069981585,7.109116022099448,5.348264277715566,16.12633517495396
2025-09-30,27.5951197053407,18.368232044198894,15.657826887661143,7.102486187845304,5.351063829787234,16.14290976058932
2025-10-01,27.594671828908552,18.37195796460177,15.651917404129794,7.098174778761062,5.3492152466367715,16.148598820058996
2025-10-02,27.591353244837755,18.37029867256637,15.641961651917406,7.0909845132743365,5.352578475336323,16.164085545722713
2025-10-03,27.591353244837755,18.37029867256637,15.641961651917406,7.0909845132743365,5.352578475336323,16.164085545722713
2025-10-04,27.58582227138643,18.369192477876105,15.629793510324484,7.085453539823009,5.357062780269058,16.180678466076696
2025-10-05,27.58582227138643,18.369192477876105,15.629793510324484,7.085453539823009,5.357062780269058,16.180678466076696
2025-10-06,27.58416297935103,18.368639380530972,15.615966076696166,7.0771570796460175,5.362387892376682,16.19727138643068
2025-10-07,27.57973820058997,18.364767699115045,15.603797935103245,7.069413716814159,5.367432735426009,16.21552359882006
2025-10-08,27.57973820058997,18.364767699115045,15.603797935103245,7.069413716814159,5.367432735426009,16.21552359882006
2025-10-09,27.583702473237356,18.36627906976744,15.59560723514212,7.063953488372093,5.364478114478114,16.221299372462163
2025-10-10,27.581487633813214,18.368493909191585,15.577888519748985,7.057308970099668,5.367845117845118,16.237910668143225
2025-10-11,27.577525811209437,18.36366150442478,15.573930678466077,7.053926991150442,5.374159192825112,16.248709439528024
2025-10-12,27.582595053525285,18.36627906976744,15.565706902916206,7.0484496124031,5.371212121212121,16.253414544112218
2025-10-13,27.582595053525285,18.36627906976744,15.565706902916206,7.0484496124031,5.371212121212121,16.253414544112218
2025-10-14,27.58536360280546,18.366832779623476,15.547711332595053,7.039036544850498,5.375982042648709,16.2703026947213
2025-10-15,27.58536360280546,18.366832779623476,15.547711332595053,7.039036544850498,5.375982042648709,16.2703026947213
2025-10-16,27.58536360280546,18.366832779623476,15.547711332595053,7.039036544850498,5.375982042648709,16.2703026947213
2025-10-17,27.587578442229603,18.366832779623476,15.52999261720192,7.030177187153932,5.380471380471381,16.286913990402365
2025-10-18,27.584716076696164,18.36200221238938,15.52498156342183,7.026825221238938,5.38677130044843,16.29876474926254
2025-10-19,27.588685861941673,18.365725359911405,15.515596160944998,7.021317829457364,5.384960718294051,16.303525286083428
2025-10-20,27.585269174041297,18.360896017699115,15.510601032448378,7.017975663716814,5.391255605381166,16.31535766961652
2025-10-21,27.586375368731563,18.360896017699115,15.492901917404131,7.008019911504425,5.396860986547085,16.33305678466077
2025-10-22,27.59145441122185,18.365725359911405,15.481266149870802,7.00359911406423,5.39618406285073,16.337855297157624
2025-10-23,27.594327420546932,18.370565410199557,15.469604582409461,7.0002771618625275,5.39438202247191,16.343773096821877
2025-10-24,27.597099039172207,18.369456762749447,15.452974870657798,6.991407982261641,5.398314606741573,16.360957132298598
2025-10-25,27.597099039172207,18.369456762749447,15.452974870657798,6.991407982261641,5.398314606741573,16.360957132298598
2025-10-26,27.59942656307806,18.373196448390676,15.444043655197929,6.985849056603773,5.395950506186726,16.366907140214575
2025-10-27,27.595990391722097,18.369456762749447,15.439116777531412,6.981984478935699,5.402808988764045,16.37758684405026
2025-10-28,27.597099039172207,18.367239467849224,15.42248706577975,6.973115299334811,5.409550561797753,16.395325203252032
2025-10-29,27.601091379948205,18.37097669256382,15.411857195708473,6.967536071032186,5.407761529808774,16.401313355530892
2025-10-30,27.601091379948205,18.37097669256382,15.411857195708473,6.967536071032186,5.407761529808774,16.401313355530892
2025-10-31,27.60509259259259,18.37472222222222,15.401203703703704,6.963055555555556,5.404842342342342,16.407314814814814
2025-11-01,27.60509259259259,18.37361111111111,15.38675925925926,6.954166666666667,5.409346846846847,16.422870370370372
2025-11-02,27.607156099369668,18.376807563959954,15.377734519836856,6.948832035595106,5.407835400225479,16.42890248424175
2025-11-03,27.604814814814812,18.373055555555556,15.372870370370372,6.944444444444445,5.414132882882883,16.43898148148148
2025-11-04,27.60287037037037,18.371388888888887,15.358425925925927,6.936111111111111,5.420608108108108,16.45675925925926
2025-11-05,27.60287037037037,18.371388888888887,15.358425925925927,6.936111111111111,5.420608108108108,16.45675925925926
2025-11-06,27.60509259259259,18.371388888888887,15.344537037037037,6.927222222222222,5.423423423423423,16.473425925925927
2025-11-07,27.603311135775062,18.367092119866815,15.340825009248983,6.922863485016649,5.428571428571429,16.483444321124676
2025-11-08,27.604421013688494,18.364872364039957,15.328616352201259,6.911764705882353,5.434195725534308,16.49898261191269
2025-11-09,27.604421013688494,18.364872364039957,15.328616352201259,6.911764705882353,5.434195725534308,16.49898261191269
2025-11-10,27.606203703703702,18.3675,15.321203703703704,6.905555555555556,5.432995495495495,16.50453703703704
2025-11-11,27.60675925925926,18.368333333333332,15.306481481481482,6.894444444444445,5.438344594594595,16.522314814814816
2025-11-12,27.60675925925926,18.368333333333332,15.306481481481482,6.894444444444445,5.438344594594595,16.522314814814816
2025-11-13,27.609658880237298,18.372080088987765,15.297923618835744,6.888765294771969,5.436583990980834,16.527345198368558
2025-11-14,27.61188357434186,18.371523915461623,15.28568780126066,6.878197997775306,5.439966178128523,16.54069336299592
2025-11-15,27.60898148148148,18.36777777777778,15.280925925925926,6.873888888888889,5.4462274774774775,16.551203703703706
2025-11-16,27.61132740081572,18.370967741935484,15.274008157211718,6.866518353726363,5.445039458850056,16.557378568780127
2025-11-17,27.608148148148146,18.366666666666667,15.269814814814815,6.8625,5.451295045045045,16.567870370370372
2025-11-18,27.608148148148146,18.366666666666667,15.256481481481481,6.8502777777777775,5.456925675675675,16.58675925925926
2025-11-19,27.608148148148146,18.366666666666667,15.256481481481481,6.8502777777777775,5.456925675675675,16.58675925925926
2025-11-20,27.608148148148146,18.366666666666667,15.256481481481481,6.8502777777777775,5.456925675675675,16.58675925925926
2025-11-21,27.61148148148148,18.364444444444445,15.24537037037037,6.843437152391546,5.459177927927928,16.604537037037037
2025-11-22,27.61037037037037,18.362222222222222,15.23425925925926,6.833426028921023,5.4636824324324325,16.62009259259259
2025-11-23,27.61160548757879,18.365406006674082,15.228401928068225,6.826002227171492,5.4619503945885,16.626344086021508
2025-11-24,27.609259259259257,18.361666666666668,15.223703703703704,6.82174638487208,5.467623873873874,16.63675925925926
2025-11-25,27.607037037037035,18.361666666666668,15.212592592592593,6.809510567296996,5.473254504504505,16.65564814814815
2025-11-26,27.60659992584353,18.365962180200224,15.206154987022618,6.804844097995546,5.471533258173619,16.661383018168337
2025-11-27,27.608389012620638,18.36859688195991,15.19970304380104,6.7979375696767,5.469808126410835,16.667687453600596
2025-11-28,27.606161841128433,18.36748329621381,15.189680772086119,6.786789297658863,5.474322799097066,16.685504825538235
2025-11-29,27.606161841128433,18.36748329621381,15.189680772086119,6.786789297658863,5.474322799097066,16.685504825538235
2025-11-30,27.606280193236714,18.369565217391305,15.184875510962469,6.779296875,5.473728813559322,16.691843180973617
2025-12-01,27.606280193236714,18.369565217391305,15.184875510962469,6.779296875,5.473728813559322,16.691843180973617
2025-12-02,27.60182088442958,18.368171683389075,15.174005945745076,6.768973214285714,5.477966101694915,16.71135265700483
2025-12-03,27.60182088442958,18.368171683389075,15.174005945745076,6.768973214285714,5.477966101694915,16.71135265700483
2025-12-04,27.60182088442958,18.364827201783722,15.165087328130808,6.758928571428571,5.48135593220339,16.728075065031586
2025-12-05,27.60182088442958,18.364827201783722,15.165087328130808,6.758928571428571,5.48135593220339,16.728075065031586
2025-12-06,27.59847640282423,18.36371237458194,15.15393905611297,6.748883928571429,5.487005649717514,16.744797473058345
2025-12-07,27.59774925595238,18.366629464285715,15.149088541666668,6.741899441340782,5.48472850678733,16.752046130952383
2025-12-08,27.59774925595238,18.366629464285715,15.149088541666668,6.741899441340782,5.48472850678733,16.752046130952383
2025-12-09,27.592447916666664,18.366071428571427,15.138206845238097,6.731284916201117,5.490384615384615,16.771298363095237
2025-12-10,27.589099702380953,18.364955357142858,15.128162202380953,6.722346368715084,5.4960407239819,16.785807291666668
2025-12-11,27.587425595238095,18.36328125,15.119233630952381,6.715642458100558,5.498303167420814,16.802548363095237
2025-12-12,27.585655890003714,18.358416945373467,15.115756224451877,6.715642458100558,5.5045197740113,16.811687105165365
2025-12-13,27.58119658119658,18.355072463768117,15.106837606837608,6.706703910614525,5.509039548022598,16.828409513192124
2025-12-14,27.579055059523807,18.357700892857142,15.103608630952381,6.699664429530201,5.506787330316742,16.83491443452381
2025-12-15,27.579055059523807,18.357700892857142,15.103608630952381,6.699664429530201,5.506787330316742,16.83491443452381
2025-12-16,27.572916666666664,18.357142857142858,15.094401041666668,6.690156599552573,5.511029411764706,16.853887648809526
2025-12-17,27.57243947858473,18.360893854748603,15.088919925512105,6.685330347144457,5.509343148357871,16.860428305400372
2025-12-18,27.571961222967932,18.363534675615213,15.083426547352722,6.681614349775785,5.50765306122449,16.866983594332588
2025-12-19,27.571961222967932,18.363534675615213,15.083426547352722,6.681614349775785,5.50765306122449,16.866983594332588
2025-12-20,27.571481896229937,18.365061590145576,15.08016050765211,6.675645342312009,5.505959137343927,16.874673385591638
2025-12-21,27.567486950037285,18.360178970917225,15.07671513795675,6.672645739910314,5.51218820861678,16.884880686055183
2025-12-22,27.565882792086597,18.362262038073908,15.073441582680106,6.6661054994388325,5.51049943246311,16.89259051885032
2025-12-23,27.55944382232176,18.360582306830906,15.065882792086601,6.657407407407407,5.515039727582293,16.910507652108997
2025-12-24,27.55944382232176,18.360582306830906,15.065882792086601,6.657407407407407,5.515039727582293,16.910507652108997
2025-12-25,27.55944382232176,18.360582306830906,15.065882792086601,6.657407407407407,5.515039727582293,16.910507652108997
2025-12-26,27.55838938714499,18.36322869955157,15.062593423019432,6.651966292134832,5.5122159090909095,16.917133781763827
2025-12-27,27.55838938714499,18.36322869955157,15.062593423019432,6.651966292134832,5.5122159090909095,16.917133781763827
2025-12-28,27.557893752338195,18.364758698092032,15.06041900486345,6.6453880764904385,5.510523321956769,16.923774784885897
2025-12-29,27.557893752338195,18.364758698092032,15.06041900486345,6.6453880764904385,5.510523321956769,16.923774784885897
2025-12-30,27.55514981273408,18.368539325842697,15.055992509363296,6.639358108108108,5.50882687927107,16.932677902621723
2025-12-31,27.55514981273408,18.368539325842697,15.055992509363296,6.639358108108108,5.50882687927107,16.932677902621723
2026-01-01,27.55352455943007,18.372328458942633,15.050431196100488,6.63500563697858,5.506556442417332,16.939913760779902
2026-01-02,27.55302177177177,18.373873873873872,15.04710960960961,6.628950338600451,5.5048515981735155,16.946602852852852
2026-01-03,27.550149981252343,18.368953880764906,15.042557180352457,6.62598647125141,5.511117445838084,16.95678665166854
2026-01-04,27.548517267267265,18.37105855855856,15.039226726726728,6.619920993227991,5.510559360730594,16.96293168168168
2026-01-05,27.54007132132132,18.36936936936937,15.03246996996997,6.609762979683973,5.5145547945205475,16.98263888888889
2026-01-06,27.536692942942942,18.36768018018018,15.023460960960962,6.600169300225733,5.51912100456621,17.000093843843846
2026-01-07,27.535043216835774,18.370349492671927,15.018977827884255,6.59406779661017,5.518571428571429,17.007985719654265
2026-01-08,27.535043216835774,18.366967305524238,15.01108605787298,6.5838983050847455,5.522,17.023769259676815
2026-01-09,27.535647103085026,18.368510158013542,15.007712565838977,6.576640271493213,5.520308924485126,17.03056809631302
2026-01-10,27.531661029688085,18.36358511837655,15.004321683577603,6.573728813559322,5.526571428571429,17.04068019541526
2026-01-11,27.532261098570352,18.364559819413092,15.001504890895411,6.5664592760181,5.526029748283753,17.046369450714824
2026-01-12,27.526053423626784,18.363995485327315,14.994732881866065,6.557409502262443,5.529462242562929,17.064428141459747
2026-01-13,27.521538750940554,18.36117381489842,14.986550037622273,6.546662895927602,5.53403890160183,17.082768999247556
2026-01-14,27.521538750940554,18.36117381489842,14.986550037622273,6.546662895927602,5.53403890160183,17.082768999247556
2026-01-15,27.521563088512238,18.363276836158192,14.980885122410546,6.5410532276330695,5.532932416953035,17.08964218455744
2026-01-16,27.520433145009413,18.361016949152543,14.97467043314501,6.529728199320498,5.537514318442153,17.105461393596986
2026-01-17,27.517588412340103,18.35609480812641,14.971313017306246,6.526866515837104,5.543764302059497,17.115500376222723
2026-01-18,27.517608286252354,18.356497175141243,14.967890772128062,6.519535673839185,5.542096219931271,17.12241054613936
2026-01-19,27.51932503770739,18.3591628959276,14.962198340874812,6.51218820861678,5.541571100917431,17.130467571644044
2026-01-20,27.520456259426847,18.354638009049772,14.950886123680242,6.50141723356009,5.54644495412844,17.147435897435898
2026-01-21,27.521045677614193,18.355039637599095,14.946300490751227,6.495175936435868,5.545924225028703,17.155530388825973
2026-01-22,27.521045677614193,18.355039637599095,14.946300490751227,6.495175936435868,5.545924225028703,17.155530388825973
2026-01-23,27.52277021919879,18.35544217687075,14.942838246409675,6.488920454545455,5.544252873563218,17.162509448223734
2026-01-24,27.519913174782936,18.351642129105322,14.938372970932429,6.486095346197503,5.549368541905856,17.17251793129483
2026-01-25,27.522203325774754,18.35260770975057,14.935468631897203,6.479261363636364,5.548275862068966,17.178949357520786
2026-01-26,27.522203325774754,18.35260770975057,14.935468631897203,6.479261363636364,5.548275862068966,17.178949357520786
2026-01-27,27.52560468631897,18.34722222222222,14.925547996976569,6.469602272727273,5.552586206896552,17.195389266817838
